Year,NATURE,SOURCE_DETAIL,SDG Series,Sex,Age,Degree of urbanisation,Income or wealth quantile,Education level,Composite breakdown,Nature of data points,Source details,COMMENT_OBS,Observation-level footnotes,Value
2000,C,Kenya MICS 2000 (GEMR). Data extracted on 25 February 2025.,"Adjusted gender parity index for completion rate, by sex, location, wealth quintile and education level [4.5.1]",,,,,Primary education,,Country Data,Kenya  DHS 2022.  The survey collected data on school attendance for age 3-24 and educational attainment for age 3 and above. Data extracted on 25 February 2025.,,,1.12819
2003,C,Kenya DHS 2003. The survey collected data on school attendance for age 4-24 and educational attainment for age 4 and above. Data extracted on 25 February 2025.,"Adjusted gender parity index for completion rate, by sex, location, wealth quintile and education level [4.5.1]",,,,,Primary education,,Country Data,Kenya  DHS 2022.  The survey collected data on school attendance for age 3-24 and educational attainment for age 3 and above. Data extracted on 25 February 2025.,,,1.11006
2008,C,Kenya DHS 2008-09. The survey collected data on school attendance for age 4-24 and educational attainment for age 4 and above. Data extracted on 25 February 2025.,"Adjusted gender parity index for completion rate, by sex, location, wealth quintile and education level [4.5.1]",,,,,Primary education,,Country Data,Kenya  DHS 2022.  The survey collected data on school attendance for age 3-24 and educational attainment for age 3 and above. Data extracted on 25 February 2025.,,,1.08455
2009,C,"Kenya Population and Housing Census 2009. IPUMS-International, National Bureau of Statistics. Data extracted on 25 February 2025.","Adjusted gender parity index for completion rate, by sex, location, wealth quintile and education level [4.5.1]",,,,,Primary education,,Country Data,Kenya  DHS 2022.  The survey collected data on school attendance for age 3-24 and educational attainment for age 3 and above. Data extracted on 25 February 2025.,,,1.12797
2014,C,Kenya DHS 2014. The survey collected data on school attendance for age 3-24 and educational attainment for age 3 and above. Data extracted on 25 February 2025.,"Adjusted gender parity index for completion rate, by sex, location, wealth quintile and education level [4.5.1]",,,,,Primary education,,Country Data,Kenya  DHS 2022.  The survey collected data on school attendance for age 3-24 and educational attainment for age 3 and above. Data extracted on 25 February 2025.,,,1.06309
2019,C,Kenya Continuous Household Survey Programme (KCHSP) 2019. The survey collected data on school attendance and attainment for age 3 and above. Data extracted on 25 February 2025.,"Adjusted gender parity index for completion rate, by sex, location, wealth quintile and education level [4.5.1]",,,,,Primary education,,Country Data,Kenya  DHS 2022.  The survey collected data on school attendance for age 3-24 and educational attainment for age 3 and above. Data extracted on 25 February 2025.,,,1.08074
2020,C,Kenya Continuous Household Survey Programme (KCHSP) 2020. The survey collected data on school attendance and attainment for age 3 and above. Data extracted on 25 February 2025.,"Adjusted gender parity index for completion rate, by sex, location, wealth quintile and education level [4.5.1]",,,,,Primary education,,Country Data,Kenya  DHS 2022.  The survey collected data on school attendance for age 3-24 and educational attainment for age 3 and above. Data extracted on 25 February 2025.,,,1.09363
2022,C,Kenya  DHS 2022.  The survey collected data on school attendance for age 3-24 and educational attainment for age 3 and above. Data extracted on 25 February 2025.,"Adjusted gender parity index for completion rate, by sex, location, wealth quintile and education level [4.5.1]",,,,,Primary education,,Country Data,Kenya  DHS 2022.  The survey collected data on school attendance for age 3-24 and educational attainment for age 3 and above. Data extracted on 25 February 2025.,,,1.05048
2000,C,Kenya MICS 2000 (GEMR). Data extracted on 25 February 2025.,"Adjusted gender parity index for completion rate, by sex, location, wealth quintile and education level [4.5.1]",,,,,Lower secondary education,,Country Data,Kenya  DHS 2022.  The survey collected data on school attendance for age 3-24 and educational attainment for age 3 and above. Data extracted on 25 February 2025.,,,1.15669
2003,C,Kenya DHS 2003. The survey collected data on school attendance for age 4-24 and educational attainment for age 4 and above. Data extracted on 25 February 2025.,"Adjusted gender parity index for completion rate, by sex, location, wealth quintile and education level [4.5.1]",,,,,Lower secondary education,,Country Data,Kenya  DHS 2022.  The survey collected data on school attendance for age 3-24 and educational attainment for age 3 and above. Data extracted on 25 February 2025.,,,1.14928
2008,C,Kenya DHS 2008-09. The survey collected data on school attendance for age 4-24 and educational attainment for age 4 and above. Data extracted on 25 February 2025.,"Adjusted gender parity index for completion rate, by sex, location, wealth quintile and education level [4.5.1]",,,,,Lower secondary education,,Country Data,Kenya  DHS 2022.  The survey collected data on school attendance for age 3-24 and educational attainment for age 3 and above. Data extracted on 25 February 2025.,,,1.049
2009,C,"Kenya Population and Housing Census 2009. IPUMS-International, National Bureau of Statistics. Data extracted on 25 February 2025.","Adjusted gender parity index for completion rate, by sex, location, wealth quintile and education level [4.5.1]",,,,,Lower secondary education,,Country Data,Kenya  DHS 2022.  The survey collected data on school attendance for age 3-24 and educational attainment for age 3 and above. Data extracted on 25 February 2025.,,,1.12998
2014,C,Kenya DHS 2014. The survey collected data on school attendance for age 3-24 and educational attainment for age 3 and above. Data extracted on 25 February 2025.,"Adjusted gender parity index for completion rate, by sex, location, wealth quintile and education level [4.5.1]",,,,,Lower secondary education,,Country Data,Kenya  DHS 2022.  The survey collected data on school attendance for age 3-24 and educational attainment for age 3 and above. Data extracted on 25 February 2025.,,,1.11761
2019,C,Kenya Continuous Household Survey Programme (KCHSP) 2019. The survey collected data on school attendance and attainment for age 3 and above. Data extracted on 25 February 2025.,"Adjusted gender parity index for completion rate, by sex, location, wealth quintile and education level [4.5.1]",,,,,Lower secondary education,,Country Data,Kenya  DHS 2022.  The survey collected data on school attendance for age 3-24 and educational attainment for age 3 and above. Data extracted on 25 February 2025.,,,1.10221
2020,C,Kenya Continuous Household Survey Programme (KCHSP) 2020. The survey collected data on school attendance and attainment for age 3 and above. Data extracted on 25 February 2025.,"Adjusted gender parity index for completion rate, by sex, location, wealth quintile and education level [4.5.1]",,,,,Lower secondary education,,Country Data,Kenya  DHS 2022.  The survey collected data on school attendance for age 3-24 and educational attainment for age 3 and above. Data extracted on 25 February 2025.,,,1.10453
2022,C,Kenya  DHS 2022.  The survey collected data on school attendance for age 3-24 and educational attainment for age 3 and above. Data extracted on 25 February 2025.,"Adjusted gender parity index for completion rate, by sex, location, wealth quintile and education level [4.5.1]",,,,,Lower secondary education,,Country Data,Kenya  DHS 2022.  The survey collected data on school attendance for age 3-24 and educational attainment for age 3 and above. Data extracted on 25 February 2025.,,,1.05534
2000,C,Kenya MICS 2000 (GEMR). Data extracted on 25 February 2025.,"Adjusted gender parity index for completion rate, by sex, location, wealth quintile and education level [4.5.1]",,,,,Upper secondary education,,Country Data,Kenya  DHS 2022.  The survey collected data on school attendance for age 3-24 and educational attainment for age 3 and above. Data extracted on 25 February 2025.,,,0.8496
2003,C,Kenya DHS 2003. The survey collected data on school attendance for age 4-24 and educational attainment for age 4 and above. Data extracted on 25 February 2025.,"Adjusted gender parity index for completion rate, by sex, location, wealth quintile and education level [4.5.1]",,,,,Upper secondary education,,Country Data,Kenya  DHS 2022.  The survey collected data on school attendance for age 3-24 and educational attainment for age 3 and above. Data extracted on 25 February 2025.,,,0.86452
2008,C,Kenya DHS 2008-09. The survey collected data on school attendance for age 4-24 and educational attainment for age 4 and above. Data extracted on 25 February 2025.,"Adjusted gender parity index for completion rate, by sex, location, wealth quintile and education level [4.5.1]",,,,,Upper secondary education,,Country Data,Kenya  DHS 2022.  The survey collected data on school attendance for age 3-24 and educational attainment for age 3 and above. Data extracted on 25 February 2025.,,,0.83649
2009,C,"Kenya Population and Housing Census 2009. IPUMS-International, National Bureau of Statistics. Data extracted on 25 February 2025.","Adjusted gender parity index for completion rate, by sex, location, wealth quintile and education level [4.5.1]",,,,,Upper secondary education,,Country Data,Kenya  DHS 2022.  The survey collected data on school attendance for age 3-24 and educational attainment for age 3 and above. Data extracted on 25 February 2025.,,,0.96697
2014,C,Kenya DHS 2014. The survey collected data on school attendance for age 3-24 and educational attainment for age 3 and above. Data extracted on 25 February 2025.,"Adjusted gender parity index for completion rate, by sex, location, wealth quintile and education level [4.5.1]",,,,,Upper secondary education,,Country Data,Kenya  DHS 2022.  The survey collected data on school attendance for age 3-24 and educational attainment for age 3 and above. Data extracted on 25 February 2025.,,,0.8488
2019,C,Kenya Continuous Household Survey Programme (KCHSP) 2019. The survey collected data on school attendance and attainment for age 3 and above. Data extracted on 25 February 2025.,"Adjusted gender parity index for completion rate, by sex, location, wealth quintile and education level [4.5.1]",,,,,Upper secondary education,,Country Data,Kenya  DHS 2022.  The survey collected data on school attendance for age 3-24 and educational attainment for age 3 and above. Data extracted on 25 February 2025.,,,1.02182
2020,C,Kenya Continuous Household Survey Programme (KCHSP) 2020. The survey collected data on school attendance and attainment for age 3 and above. Data extracted on 25 February 2025.,"Adjusted gender parity index for completion rate, by sex, location, wealth quintile and education level [4.5.1]",,,,,Upper secondary education,,Country Data,Kenya  DHS 2022.  The survey collected data on school attendance for age 3-24 and educational attainment for age 3 and above. Data extracted on 25 February 2025.,,,1.0332
2022,C,Kenya  DHS 2022.  The survey collected data on school attendance for age 3-24 and educational attainment for age 3 and above. Data extracted on 25 February 2025.,"Adjusted gender parity index for completion rate, by sex, location, wealth quintile and education level [4.5.1]",,,,,Upper secondary education,,Country Data,Kenya  DHS 2022.  The survey collected data on school attendance for age 3-24 and educational attainment for age 3 and above. Data extracted on 25 February 2025.,,,0.9798
2003,C,Kenya DHS 2003. The survey collected data on school attendance for age 4-24 and educational attainment for age 4 and above. Data extracted on 25 February 2025.,"Adjusted gender parity index for completion rate, by sex, location, wealth quintile and education level [4.5.1]",,,,Quintile 1 (poorest),Primary education,,Country Data,Kenya  DHS 2022.  The survey collected data on school attendance for age 3-24 and educational attainment for age 3 and above. Data extracted on 25 February 2025.,,,1.17726
2008,C,Kenya DHS 2008-09. The survey collected data on school attendance for age 4-24 and educational attainment for age 4 and above. Data extracted on 25 February 2025.,"Adjusted gender parity index for completion rate, by sex, location, wealth quintile and education level [4.5.1]",,,,Quintile 1 (poorest),Primary education,,Country Data,Kenya  DHS 2022.  The survey collected data on school attendance for age 3-24 and educational attainment for age 3 and above. Data extracted on 25 February 2025.,,,0.92388
2014,C,Kenya DHS 2014. The survey collected data on school attendance for age 3-24 and educational attainment for age 3 and above. Data extracted on 25 February 2025.,"Adjusted gender parity index for completion rate, by sex, location, wealth quintile and education level [4.5.1]",,,,Quintile 1 (poorest),Primary education,,Country Data,Kenya  DHS 2022.  The survey collected data on school attendance for age 3-24 and educational attainment for age 3 and above. Data extracted on 25 February 2025.,,,1.06054
2022,C,Kenya  DHS 2022.  The survey collected data on school attendance for age 3-24 and educational attainment for age 3 and above. Data extracted on 25 February 2025.,"Adjusted gender parity index for completion rate, by sex, location, wealth quintile and education level [4.5.1]",,,,Quintile 1 (poorest),Primary education,,Country Data,Kenya  DHS 2022.  The survey collected data on school attendance for age 3-24 and educational attainment for age 3 and above. Data extracted on 25 February 2025.,,,1.12495
2003,C,Kenya DHS 2003. The survey collected data on school attendance for age 4-24 and educational attainment for age 4 and above. Data extracted on 25 February 2025.,"Adjusted gender parity index for completion rate, by sex, location, wealth quintile and education level [4.5.1]",,,,Quintile 1 (poorest),Lower secondary education,,Country Data,Kenya  DHS 2022.  The survey collected data on school attendance for age 3-24 and educational attainment for age 3 and above. Data extracted on 25 February 2025.,,,0.99095
2008,C,Kenya DHS 2008-09. The survey collected data on school attendance for age 4-24 and educational attainment for age 4 and above. Data extracted on 25 February 2025.,"Adjusted gender parity index for completion rate, by sex, location, wealth quintile and education level [4.5.1]",,,,Quintile 1 (poorest),Lower secondary education,,Country Data,Kenya  DHS 2022.  The survey collected data on school attendance for age 3-24 and educational attainment for age 3 and above. Data extracted on 25 February 2025.,,,0.9607
2014,C,Kenya DHS 2014. The survey collected data on school attendance for age 3-24 and educational attainment for age 3 and above. Data extracted on 25 February 2025.,"Adjusted gender parity index for completion rate, by sex, location, wealth quintile and education level [4.5.1]",,,,Quintile 1 (poorest),Lower secondary education,,Country Data,Kenya  DHS 2022.  The survey collected data on school attendance for age 3-24 and educational attainment for age 3 and above. Data extracted on 25 February 2025.,,,1.04035
2022,C,Kenya  DHS 2022.  The survey collected data on school attendance for age 3-24 and educational attainment for age 3 and above. Data extracted on 25 February 2025.,"Adjusted gender parity index for completion rate, by sex, location, wealth quintile and education level [4.5.1]",,,,Quintile 1 (poorest),Lower secondary education,,Country Data,Kenya  DHS 2022.  The survey collected data on school attendance for age 3-24 and educational attainment for age 3 and above. Data extracted on 25 February 2025.,,,1.00644
2003,C,Kenya DHS 2003. The survey collected data on school attendance for age 4-24 and educational attainment for age 4 and above. Data extracted on 25 February 2025.,"Adjusted gender parity index for completion rate, by sex, location, wealth quintile and education level [4.5.1]",,,,Quintile 1 (poorest),Upper secondary education,,Country Data,Kenya  DHS 2022.  The survey collected data on school attendance for age 3-24 and educational attainment for age 3 and above. Data extracted on 25 February 2025.,,,0.16744
2008,C,Kenya DHS 2008-09. The survey collected data on school attendance for age 4-24 and educational attainment for age 4 and above. Data extracted on 25 February 2025.,"Adjusted gender parity index for completion rate, by sex, location, wealth quintile and education level [4.5.1]",,,,Quintile 1 (poorest),Upper secondary education,,Country Data,Kenya  DHS 2022.  The survey collected data on school attendance for age 3-24 and educational attainment for age 3 and above. Data extracted on 25 February 2025.,,,0.24186
2014,C,Kenya DHS 2014. The survey collected data on school attendance for age 3-24 and educational attainment for age 3 and above. Data extracted on 25 February 2025.,"Adjusted gender parity index for completion rate, by sex, location, wealth quintile and education level [4.5.1]",,,,Quintile 1 (poorest),Upper secondary education,,Country Data,Kenya  DHS 2022.  The survey collected data on school attendance for age 3-24 and educational attainment for age 3 and above. Data extracted on 25 February 2025.,,,0.39222
2022,C,Kenya  DHS 2022.  The survey collected data on school attendance for age 3-24 and educational attainment for age 3 and above. Data extracted on 25 February 2025.,"Adjusted gender parity index for completion rate, by sex, location, wealth quintile and education level [4.5.1]",,,,Quintile 1 (poorest),Upper secondary education,,Country Data,Kenya  DHS 2022.  The survey collected data on school attendance for age 3-24 and educational attainment for age 3 and above. Data extracted on 25 February 2025.,,,0.77163
2003,C,Kenya DHS 2003. The survey collected data on school attendance for age 4-24 and educational attainment for age 4 and above. Data extracted on 25 February 2025.,"Adjusted gender parity index for completion rate, by sex, location, wealth quintile and education level [4.5.1]",,,,Quintile 2,Primary education,,Country Data,Kenya  DHS 2022.  The survey collected data on school attendance for age 3-24 and educational attainment for age 3 and above. Data extracted on 25 February 2025.,,,1.09042
2008,C,Kenya DHS 2008-09. The survey collected data on school attendance for age 4-24 and educational attainment for age 4 and above. Data extracted on 25 February 2025.,"Adjusted gender parity index for completion rate, by sex, location, wealth quintile and education level [4.5.1]",,,,Quintile 2,Primary education,,Country Data,Kenya  DHS 2022.  The survey collected data on school attendance for age 3-24 and educational attainment for age 3 and above. Data extracted on 25 February 2025.,,,1.13605
2014,C,Kenya DHS 2014. The survey collected data on school attendance for age 3-24 and educational attainment for age 3 and above. Data extracted on 25 February 2025.,"Adjusted gender parity index for completion rate, by sex, location, wealth quintile and education level [4.5.1]",,,,Quintile 2,Primary education,,Country Data,Kenya  DHS 2022.  The survey collected data on school attendance for age 3-24 and educational attainment for age 3 and above. Data extracted on 25 February 2025.,,,1.07536
2022,C,Kenya  DHS 2022.  The survey collected data on school attendance for age 3-24 and educational attainment for age 3 and above. Data extracted on 25 February 2025.,"Adjusted gender parity index for completion rate, by sex, location, wealth quintile and education level [4.5.1]",,,,Quintile 2,Primary education,,Country Data,Kenya  DHS 2022.  The survey collected data on school attendance for age 3-24 and educational attainment for age 3 and above. Data extracted on 25 February 2025.,,,1.03413
2003,C,Kenya DHS 2003. The survey collected data on school attendance for age 4-24 and educational attainment for age 4 and above. Data extracted on 25 February 2025.,"Adjusted gender parity index for completion rate, by sex, location, wealth quintile and education level [4.5.1]",,,,Quintile 2,Lower secondary education,,Country Data,Kenya  DHS 2022.  The survey collected data on school attendance for age 3-24 and educational attainment for age 3 and above. Data extracted on 25 February 2025.,,,1.15427
2008,C,Kenya DHS 2008-09. The survey collected data on school attendance for age 4-24 and educational attainment for age 4 and above. Data extracted on 25 February 2025.,"Adjusted gender parity index for completion rate, by sex, location, wealth quintile and education level [4.5.1]",,,,Quintile 2,Lower secondary education,,Country Data,Kenya  DHS 2022.  The survey collected data on school attendance for age 3-24 and educational attainment for age 3 and above. Data extracted on 25 February 2025.,,,0.93828
2014,C,Kenya DHS 2014. The survey collected data on school attendance for age 3-24 and educational attainment for age 3 and above. Data extracted on 25 February 2025.,"Adjusted gender parity index for completion rate, by sex, location, wealth quintile and education level [4.5.1]",,,,Quintile 2,Lower secondary education,,Country Data,Kenya  DHS 2022.  The survey collected data on school attendance for age 3-24 and educational attainment for age 3 and above. Data extracted on 25 February 2025.,,,1.15762
2022,C,Kenya  DHS 2022.  The survey collected data on school attendance for age 3-24 and educational attainment for age 3 and above. Data extracted on 25 February 2025.,"Adjusted gender parity index for completion rate, by sex, location, wealth quintile and education level [4.5.1]",,,,Quintile 2,Lower secondary education,,Country Data,Kenya  DHS 2022.  The survey collected data on school attendance for age 3-24 and educational attainment for age 3 and above. Data extracted on 25 February 2025.,,,1.08262
2003,C,Kenya DHS 2003. The survey collected data on school attendance for age 4-24 and educational attainment for age 4 and above. Data extracted on 25 February 2025.,"Adjusted gender parity index for completion rate, by sex, location, wealth quintile and education level [4.5.1]",,,,Quintile 2,Upper secondary education,,Country Data,Kenya  DHS 2022.  The survey collected data on school attendance for age 3-24 and educational attainment for age 3 and above. Data extracted on 25 February 2025.,,,0.38997
2008,C,Kenya DHS 2008-09. The survey collected data on school attendance for age 4-24 and educational attainment for age 4 and above. Data extracted on 25 February 2025.,"Adjusted gender parity index for completion rate, by sex, location, wealth quintile and education level [4.5.1]",,,,Quintile 2,Upper secondary education,,Country Data,Kenya  DHS 2022.  The survey collected data on school attendance for age 3-24 and educational attainment for age 3 and above. Data extracted on 25 February 2025.,,,0.61047
2014,C,Kenya DHS 2014. The survey collected data on school attendance for age 3-24 and educational attainment for age 3 and above. Data extracted on 25 February 2025.,"Adjusted gender parity index for completion rate, by sex, location, wealth quintile and education level [4.5.1]",,,,Quintile 2,Upper secondary education,,Country Data,Kenya  DHS 2022.  The survey collected data on school attendance for age 3-24 and educational attainment for age 3 and above. Data extracted on 25 February 2025.,,,0.65812
2022,C,Kenya  DHS 2022.  The survey collected data on school attendance for age 3-24 and educational attainment for age 3 and above. Data extracted on 25 February 2025.,"Adjusted gender parity index for completion rate, by sex, location, wealth quintile and education level [4.5.1]",,,,Quintile 2,Upper secondary education,,Country Data,Kenya  DHS 2022.  The survey collected data on school attendance for age 3-24 and educational attainment for age 3 and above. Data extracted on 25 February 2025.,,,0.87127
2003,C,Kenya DHS 2003. The survey collected data on school attendance for age 4-24 and educational attainment for age 4 and above. Data extracted on 25 February 2025.,"Adjusted gender parity index for completion rate, by sex, location, wealth quintile and education level [4.5.1]",,,,Quintile 3,Primary education,,Country Data,Kenya  DHS 2022.  The survey collected data on school attendance for age 3-24 and educational attainment for age 3 and above. Data extracted on 25 February 2025.,,,1.11201
2008,C,Kenya DHS 2008-09. The survey collected data on school attendance for age 4-24 and educational attainment for age 4 and above. Data extracted on 25 February 2025.,"Adjusted gender parity index for completion rate, by sex, location, wealth quintile and education level [4.5.1]",,,,Quintile 3,Primary education,,Country Data,Kenya  DHS 2022.  The survey collected data on school attendance for age 3-24 and educational attainment for age 3 and above. Data extracted on 25 February 2025.,,,1.12686
2014,C,Kenya DHS 2014. The survey collected data on school attendance for age 3-24 and educational attainment for age 3 and above. Data extracted on 25 February 2025.,"Adjusted gender parity index for completion rate, by sex, location, wealth quintile and education level [4.5.1]",,,,Quintile 3,Primary education,,Country Data,Kenya  DHS 2022.  The survey collected data on school attendance for age 3-24 and educational attainment for age 3 and above. Data extracted on 25 February 2025.,,,1.07505
2022,C,Kenya  DHS 2022.  The survey collected data on school attendance for age 3-24 and educational attainment for age 3 and above. Data extracted on 25 February 2025.,"Adjusted gender parity index for completion rate, by sex, location, wealth quintile and education level [4.5.1]",,,,Quintile 3,Primary education,,Country Data,Kenya  DHS 2022.  The survey collected data on school attendance for age 3-24 and educational attainment for age 3 and above. Data extracted on 25 February 2025.,,,1.02466
2003,C,Kenya DHS 2003. The survey collected data on school attendance for age 4-24 and educational attainment for age 4 and above. Data extracted on 25 February 2025.,"Adjusted gender parity index for completion rate, by sex, location, wealth quintile and education level [4.5.1]",,,,Quintile 3,Lower secondary education,,Country Data,Kenya  DHS 2022.  The survey collected data on school attendance for age 3-24 and educational attainment for age 3 and above. Data extracted on 25 February 2025.,,,1.21035
2008,C,Kenya DHS 2008-09. The survey collected data on school attendance for age 4-24 and educational attainment for age 4 and above. Data extracted on 25 February 2025.,"Adjusted gender parity index for completion rate, by sex, location, wealth quintile and education level [4.5.1]",,,,Quintile 3,Lower secondary education,,Country Data,Kenya  DHS 2022.  The survey collected data on school attendance for age 3-24 and educational attainment for age 3 and above. Data extracted on 25 February 2025.,,,1.11023
2014,C,Kenya DHS 2014. The survey collected data on school attendance for age 3-24 and educational attainment for age 3 and above. Data extracted on 25 February 2025.,"Adjusted gender parity index for completion rate, by sex, location, wealth quintile and education level [4.5.1]",,,,Quintile 3,Lower secondary education,,Country Data,Kenya  DHS 2022.  The survey collected data on school attendance for age 3-24 and educational attainment for age 3 and above. Data extracted on 25 February 2025.,,,1.13369
2022,C,Kenya  DHS 2022.  The survey collected data on school attendance for age 3-24 and educational attainment for age 3 and above. Data extracted on 25 February 2025.,"Adjusted gender parity index for completion rate, by sex, location, wealth quintile and education level [4.5.1]",,,,Quintile 3,Lower secondary education,,Country Data,Kenya  DHS 2022.  The survey collected data on school attendance for age 3-24 and educational attainment for age 3 and above. Data extracted on 25 February 2025.,,,1.05867
2003,C,Kenya DHS 2003. The survey collected data on school attendance for age 4-24 and educational attainment for age 4 and above. Data extracted on 25 February 2025.,"Adjusted gender parity index for completion rate, by sex, location, wealth quintile and education level [4.5.1]",,,,Quintile 3,Upper secondary education,,Country Data,Kenya  DHS 2022.  The survey collected data on school attendance for age 3-24 and educational attainment for age 3 and above. Data extracted on 25 February 2025.,,,0.69259
2008,C,Kenya DHS 2008-09. The survey collected data on school attendance for age 4-24 and educational attainment for age 4 and above. Data extracted on 25 February 2025.,"Adjusted gender parity index for completion rate, by sex, location, wealth quintile and education level [4.5.1]",,,,Quintile 3,Upper secondary education,,Country Data,Kenya  DHS 2022.  The survey collected data on school attendance for age 3-24 and educational attainment for age 3 and above. Data extracted on 25 February 2025.,,,0.76519
2014,C,Kenya DHS 2014. The survey collected data on school attendance for age 3-24 and educational attainment for age 3 and above. Data extracted on 25 February 2025.,"Adjusted gender parity index for completion rate, by sex, location, wealth quintile and education level [4.5.1]",,,,Quintile 3,Upper secondary education,,Country Data,Kenya  DHS 2022.  The survey collected data on school attendance for age 3-24 and educational attainment for age 3 and above. Data extracted on 25 February 2025.,,,0.82132
2022,C,Kenya  DHS 2022.  The survey collected data on school attendance for age 3-24 and educational attainment for age 3 and above. Data extracted on 25 February 2025.,"Adjusted gender parity index for completion rate, by sex, location, wealth quintile and education level [4.5.1]",,,,Quintile 3,Upper secondary education,,Country Data,Kenya  DHS 2022.  The survey collected data on school attendance for age 3-24 and educational attainment for age 3 and above. Data extracted on 25 February 2025.,,,1.06349
2003,C,Kenya DHS 2003. The survey collected data on school attendance for age 4-24 and educational attainment for age 4 and above. Data extracted on 25 February 2025.,"Adjusted gender parity index for completion rate, by sex, location, wealth quintile and education level [4.5.1]",,,,Quintile 4,Primary education,,Country Data,Kenya  DHS 2022.  The survey collected data on school attendance for age 3-24 and educational attainment for age 3 and above. Data extracted on 25 February 2025.,,,1.09338
2008,C,Kenya DHS 2008-09. The survey collected data on school attendance for age 4-24 and educational attainment for age 4 and above. Data extracted on 25 February 2025.,"Adjusted gender parity index for completion rate, by sex, location, wealth quintile and education level [4.5.1]",,,,Quintile 4,Primary education,,Country Data,Kenya  DHS 2022.  The survey collected data on school attendance for age 3-24 and educational attainment for age 3 and above. Data extracted on 25 February 2025.,,,1.04968
2014,C,Kenya DHS 2014. The survey collected data on school attendance for age 3-24 and educational attainment for age 3 and above. Data extracted on 25 February 2025.,"Adjusted gender parity index for completion rate, by sex, location, wealth quintile and education level [4.5.1]",,,,Quintile 4,Primary education,,Country Data,Kenya  DHS 2022.  The survey collected data on school attendance for age 3-24 and educational attainment for age 3 and above. Data extracted on 25 February 2025.,,,1.02646
2022,C,Kenya  DHS 2022.  The survey collected data on school attendance for age 3-24 and educational attainment for age 3 and above. Data extracted on 25 February 2025.,"Adjusted gender parity index for completion rate, by sex, location, wealth quintile and education level [4.5.1]",,,,Quintile 4,Primary education,,Country Data,Kenya  DHS 2022.  The survey collected data on school attendance for age 3-24 and educational attainment for age 3 and above. Data extracted on 25 February 2025.,,,1.0172
2003,C,Kenya DHS 2003. The survey collected data on school attendance for age 4-24 and educational attainment for age 4 and above. Data extracted on 25 February 2025.,"Adjusted gender parity index for completion rate, by sex, location, wealth quintile and education level [4.5.1]",,,,Quintile 4,Lower secondary education,,Country Data,Kenya  DHS 2022.  The survey collected data on school attendance for age 3-24 and educational attainment for age 3 and above. Data extracted on 25 February 2025.,,,1.02338
2008,C,Kenya DHS 2008-09. The survey collected data on school attendance for age 4-24 and educational attainment for age 4 and above. Data extracted on 25 February 2025.,"Adjusted gender parity index for completion rate, by sex, location, wealth quintile and education level [4.5.1]",,,,Quintile 4,Lower secondary education,,Country Data,Kenya  DHS 2022.  The survey collected data on school attendance for age 3-24 and educational attainment for age 3 and above. Data extracted on 25 February 2025.,,,1.10508
2014,C,Kenya DHS 2014. The survey collected data on school attendance for age 3-24 and educational attainment for age 3 and above. Data extracted on 25 February 2025.,"Adjusted gender parity index for completion rate, by sex, location, wealth quintile and education level [4.5.1]",,,,Quintile 4,Lower secondary education,,Country Data,Kenya  DHS 2022.  The survey collected data on school attendance for age 3-24 and educational attainment for age 3 and above. Data extracted on 25 February 2025.,,,1.0874
2022,C,Kenya  DHS 2022.  The survey collected data on school attendance for age 3-24 and educational attainment for age 3 and above. Data extracted on 25 February 2025.,"Adjusted gender parity index for completion rate, by sex, location, wealth quintile and education level [4.5.1]",,,,Quintile 4,Lower secondary education,,Country Data,Kenya  DHS 2022.  The survey collected data on school attendance for age 3-24 and educational attainment for age 3 and above. Data extracted on 25 February 2025.,,,1.00735
2003,C,Kenya DHS 2003. The survey collected data on school attendance for age 4-24 and educational attainment for age 4 and above. Data extracted on 25 February 2025.,"Adjusted gender parity index for completion rate, by sex, location, wealth quintile and education level [4.5.1]",,,,Quintile 4,Upper secondary education,,Country Data,Kenya  DHS 2022.  The survey collected data on school attendance for age 3-24 and educational attainment for age 3 and above. Data extracted on 25 February 2025.,,,0.98039
2008,C,Kenya DHS 2008-09. The survey collected data on school attendance for age 4-24 and educational attainment for age 4 and above. Data extracted on 25 February 2025.,"Adjusted gender parity index for completion rate, by sex, location, wealth quintile and education level [4.5.1]",,,,Quintile 4,Upper secondary education,,Country Data,Kenya  DHS 2022.  The survey collected data on school attendance for age 3-24 and educational attainment for age 3 and above. Data extracted on 25 February 2025.,,,0.82525
2014,C,Kenya DHS 2014. The survey collected data on school attendance for age 3-24 and educational attainment for age 3 and above. Data extracted on 25 February 2025.,"Adjusted gender parity index for completion rate, by sex, location, wealth quintile and education level [4.5.1]",,,,Quintile 4,Upper secondary education,,Country Data,Kenya  DHS 2022.  The survey collected data on school attendance for age 3-24 and educational attainment for age 3 and above. Data extracted on 25 February 2025.,,,0.92728
2022,C,Kenya  DHS 2022.  The survey collected data on school attendance for age 3-24 and educational attainment for age 3 and above. Data extracted on 25 February 2025.,"Adjusted gender parity index for completion rate, by sex, location, wealth quintile and education level [4.5.1]",,,,Quintile 4,Upper secondary education,,Country Data,Kenya  DHS 2022.  The survey collected data on school attendance for age 3-24 and educational attainment for age 3 and above. Data extracted on 25 February 2025.,,,0.95822
2003,C,Kenya DHS 2003. The survey collected data on school attendance for age 4-24 and educational attainment for age 4 and above. Data extracted on 25 February 2025.,"Adjusted gender parity index for completion rate, by sex, location, wealth quintile and education level [4.5.1]",,,,Quintile 5 (richest),Primary education,,Country Data,Kenya  DHS 2022.  The survey collected data on school attendance for age 3-24 and educational attainment for age 3 and above. Data extracted on 25 February 2025.,,,1.00707
2008,C,Kenya DHS 2008-09. The survey collected data on school attendance for age 4-24 and educational attainment for age 4 and above. Data extracted on 25 February 2025.,"Adjusted gender parity index for completion rate, by sex, location, wealth quintile and education level [4.5.1]",,,,Quintile 5 (richest),Primary education,,Country Data,Kenya  DHS 2022.  The survey collected data on school attendance for age 3-24 and educational attainment for age 3 and above. Data extracted on 25 February 2025.,,,1.09459
2014,C,Kenya DHS 2014. The survey collected data on school attendance for age 3-24 and educational attainment for age 3 and above. Data extracted on 25 February 2025.,"Adjusted gender parity index for completion rate, by sex, location, wealth quintile and education level [4.5.1]",,,,Quintile 5 (richest),Primary education,,Country Data,Kenya  DHS 2022.  The survey collected data on school attendance for age 3-24 and educational attainment for age 3 and above. Data extracted on 25 February 2025.,,,1.00506
2022,C,Kenya  DHS 2022.  The survey collected data on school attendance for age 3-24 and educational attainment for age 3 and above. Data extracted on 25 February 2025.,"Adjusted gender parity index for completion rate, by sex, location, wealth quintile and education level [4.5.1]",,,,Quintile 5 (richest),Primary education,,Country Data,Kenya  DHS 2022.  The survey collected data on school attendance for age 3-24 and educational attainment for age 3 and above. Data extracted on 25 February 2025.,,,1.03297
2003,C,Kenya DHS 2003. The survey collected data on school attendance for age 4-24 and educational attainment for age 4 and above. Data extracted on 25 February 2025.,"Adjusted gender parity index for completion rate, by sex, location, wealth quintile and education level [4.5.1]",,,,Quintile 5 (richest),Lower secondary education,,Country Data,Kenya  DHS 2022.  The survey collected data on school attendance for age 3-24 and educational attainment for age 3 and above. Data extracted on 25 February 2025.,,,1.07187
2008,C,Kenya DHS 2008-09. The survey collected data on school attendance for age 4-24 and educational attainment for age 4 and above. Data extracted on 25 February 2025.,"Adjusted gender parity index for completion rate, by sex, location, wealth quintile and education level [4.5.1]",,,,Quintile 5 (richest),Lower secondary education,,Country Data,Kenya  DHS 2022.  The survey collected data on school attendance for age 3-24 and educational attainment for age 3 and above. Data extracted on 25 February 2025.,,,1.00112
2014,C,Kenya DHS 2014. The survey collected data on school attendance for age 3-24 and educational attainment for age 3 and above. Data extracted on 25 February 2025.,"Adjusted gender parity index for completion rate, by sex, location, wealth quintile and education level [4.5.1]",,,,Quintile 5 (richest),Lower secondary education,,Country Data,Kenya  DHS 2022.  The survey collected data on school attendance for age 3-24 and educational attainment for age 3 and above. Data extracted on 25 February 2025.,,,0.98751
2022,C,Kenya  DHS 2022.  The survey collected data on school attendance for age 3-24 and educational attainment for age 3 and above. Data extracted on 25 February 2025.,"Adjusted gender parity index for completion rate, by sex, location, wealth quintile and education level [4.5.1]",,,,Quintile 5 (richest),Lower secondary education,,Country Data,Kenya  DHS 2022.  The survey collected data on school attendance for age 3-24 and educational attainment for age 3 and above. Data extracted on 25 February 2025.,,,1.01922
2003,C,Kenya DHS 2003. The survey collected data on school attendance for age 4-24 and educational attainment for age 4 and above. Data extracted on 25 February 2025.,"Adjusted gender parity index for completion rate, by sex, location, wealth quintile and education level [4.5.1]",,,,Quintile 5 (richest),Upper secondary education,,Country Data,Kenya  DHS 2022.  The survey collected data on school attendance for age 3-24 and educational attainment for age 3 and above. Data extracted on 25 February 2025.,,,0.94159
2008,C,Kenya DHS 2008-09. The survey collected data on school attendance for age 4-24 and educational attainment for age 4 and above. Data extracted on 25 February 2025.,"Adjusted gender parity index for completion rate, by sex, location, wealth quintile and education level [4.5.1]",,,,Quintile 5 (richest),Upper secondary education,,Country Data,Kenya  DHS 2022.  The survey collected data on school attendance for age 3-24 and educational attainment for age 3 and above. Data extracted on 25 February 2025.,,,0.95865
2014,C,Kenya DHS 2014. The survey collected data on school attendance for age 3-24 and educational attainment for age 3 and above. Data extracted on 25 February 2025.,"Adjusted gender parity index for completion rate, by sex, location, wealth quintile and education level [4.5.1]",,,,Quintile 5 (richest),Upper secondary education,,Country Data,Kenya  DHS 2022.  The survey collected data on school attendance for age 3-24 and educational attainment for age 3 and above. Data extracted on 25 February 2025.,,,0.857
2022,C,Kenya  DHS 2022.  The survey collected data on school attendance for age 3-24 and educational attainment for age 3 and above. Data extracted on 25 February 2025.,"Adjusted gender parity index for completion rate, by sex, location, wealth quintile and education level [4.5.1]",,,,Quintile 5 (richest),Upper secondary education,,Country Data,Kenya  DHS 2022.  The survey collected data on school attendance for age 3-24 and educational attainment for age 3 and above. Data extracted on 25 February 2025.,,,0.90963
2003,C,Kenya DHS 2003. The survey collected data on school attendance for age 4-24 and educational attainment for age 4 and above. Data extracted on 25 February 2025.,"Adjusted gender parity index for completion rate, by sex, location, wealth quintile and education level [4.5.1]",,,Rural,,Primary education,,Country Data,Kenya  DHS 2022.  The survey collected data on school attendance for age 3-24 and educational attainment for age 3 and above. Data extracted on 25 February 2025.,,,1.12479
2008,C,Kenya DHS 2008-09. The survey collected data on school attendance for age 4-24 and educational attainment for age 4 and above. Data extracted on 25 February 2025.,"Adjusted gender parity index for completion rate, by sex, location, wealth quintile and education level [4.5.1]",,,Rural,,Primary education,,Country Data,Kenya  DHS 2022.  The survey collected data on school attendance for age 3-24 and educational attainment for age 3 and above. Data extracted on 25 February 2025.,,,1.08545
2009,C,"Kenya Population and Housing Census 2009. IPUMS-International, National Bureau of Statistics. Data extracted on 25 February 2025.","Adjusted gender parity index for completion rate, by sex, location, wealth quintile and education level [4.5.1]",,,Rural,,Primary education,,Country Data,Kenya  DHS 2022.  The survey collected data on school attendance for age 3-24 and educational attainment for age 3 and above. Data extracted on 25 February 2025.,,,1.14172
2014,C,Kenya DHS 2014. The survey collected data on school attendance for age 3-24 and educational attainment for age 3 and above. Data extracted on 25 February 2025.,"Adjusted gender parity index for completion rate, by sex, location, wealth quintile and education level [4.5.1]",,,Rural,,Primary education,,Country Data,Kenya  DHS 2022.  The survey collected data on school attendance for age 3-24 and educational attainment for age 3 and above. Data extracted on 25 February 2025.,,,1.07388
2019,C,Kenya Continuous Household Survey Programme (KCHSP) 2019. The survey collected data on school attendance and attainment for age 3 and above. Data extracted on 25 February 2025.,"Adjusted gender parity index for completion rate, by sex, location, wealth quintile and education level [4.5.1]",,,Rural,,Primary education,,Country Data,Kenya  DHS 2022.  The survey collected data on school attendance for age 3-24 and educational attainment for age 3 and above. Data extracted on 25 February 2025.,,,1.09044
2020,C,Kenya Continuous Household Survey Programme (KCHSP) 2020. The survey collected data on school attendance and attainment for age 3 and above. Data extracted on 25 February 2025.,"Adjusted gender parity index for completion rate, by sex, location, wealth quintile and education level [4.5.1]",,,Rural,,Primary education,,Country Data,Kenya  DHS 2022.  The survey collected data on school attendance for age 3-24 and educational attainment for age 3 and above. Data extracted on 25 February 2025.,,,1.11028
2022,C,Kenya  DHS 2022.  The survey collected data on school attendance for age 3-24 and educational attainment for age 3 and above. Data extracted on 25 February 2025.,"Adjusted gender parity index for completion rate, by sex, location, wealth quintile and education level [4.5.1]",,,Rural,,Primary education,,Country Data,Kenya  DHS 2022.  The survey collected data on school attendance for age 3-24 and educational attainment for age 3 and above. Data extracted on 25 February 2025.,,,1.05961
2003,C,Kenya DHS 2003. The survey collected data on school attendance for age 4-24 and educational attainment for age 4 and above. Data extracted on 25 February 2025.,"Adjusted gender parity index for completion rate, by sex, location, wealth quintile and education level [4.5.1]",,,Rural,,Lower secondary education,,Country Data,Kenya  DHS 2022.  The survey collected data on school attendance for age 3-24 and educational attainment for age 3 and above. Data extracted on 25 February 2025.,,,1.13032
2008,C,Kenya DHS 2008-09. The survey collected data on school attendance for age 4-24 and educational attainment for age 4 and above. Data extracted on 25 February 2025.,"Adjusted gender parity index for completion rate, by sex, location, wealth quintile and education level [4.5.1]",,,Rural,,Lower secondary education,,Country Data,Kenya  DHS 2022.  The survey collected data on school attendance for age 3-24 and educational attainment for age 3 and above. Data extracted on 25 February 2025.,,,1.04034
2009,C,"Kenya Population and Housing Census 2009. IPUMS-International, National Bureau of Statistics. Data extracted on 25 February 2025.","Adjusted gender parity index for completion rate, by sex, location, wealth quintile and education level [4.5.1]",,,Rural,,Lower secondary education,,Country Data,Kenya  DHS 2022.  The survey collected data on school attendance for age 3-24 and educational attainment for age 3 and above. Data extracted on 25 February 2025.,,,1.13245
2014,C,Kenya DHS 2014. The survey collected data on school attendance for age 3-24 and educational attainment for age 3 and above. Data extracted on 25 February 2025.,"Adjusted gender parity index for completion rate, by sex, location, wealth quintile and education level [4.5.1]",,,Rural,,Lower secondary education,,Country Data,Kenya  DHS 2022.  The survey collected data on school attendance for age 3-24 and educational attainment for age 3 and above. Data extracted on 25 February 2025.,,,1.12629
2019,C,Kenya Continuous Household Survey Programme (KCHSP) 2019. The survey collected data on school attendance and attainment for age 3 and above. Data extracted on 25 February 2025.,"Adjusted gender parity index for completion rate, by sex, location, wealth quintile and education level [4.5.1]",,,Rural,,Lower secondary education,,Country Data,Kenya  DHS 2022.  The survey collected data on school attendance for age 3-24 and educational attainment for age 3 and above. Data extracted on 25 February 2025.,,,1.11591
2020,C,Kenya Continuous Household Survey Programme (KCHSP) 2020. The survey collected data on school attendance and attainment for age 3 and above. Data extracted on 25 February 2025.,"Adjusted gender parity index for completion rate, by sex, location, wealth quintile and education level [4.5.1]",,,Rural,,Lower secondary education,,Country Data,Kenya  DHS 2022.  The survey collected data on school attendance for age 3-24 and educational attainment for age 3 and above. Data extracted on 25 February 2025.,,,1.11833
2022,C,Kenya  DHS 2022.  The survey collected data on school attendance for age 3-24 and educational attainment for age 3 and above. Data extracted on 25 February 2025.,"Adjusted gender parity index for completion rate, by sex, location, wealth quintile and education level [4.5.1]",,,Rural,,Lower secondary education,,Country Data,Kenya  DHS 2022.  The survey collected data on school attendance for age 3-24 and educational attainment for age 3 and above. Data extracted on 25 February 2025.,,,1.05243
2003,C,Kenya DHS 2003. The survey collected data on school attendance for age 4-24 and educational attainment for age 4 and above. Data extracted on 25 February 2025.,"Adjusted gender parity index for completion rate, by sex, location, wealth quintile and education level [4.5.1]",,,Rural,,Upper secondary education,,Country Data,Kenya  DHS 2022.  The survey collected data on school attendance for age 3-24 and educational attainment for age 3 and above. Data extracted on 25 February 2025.,,,0.85594
2008,C,Kenya DHS 2008-09. The survey collected data on school attendance for age 4-24 and educational attainment for age 4 and above. Data extracted on 25 February 2025.,"Adjusted gender parity index for completion rate, by sex, location, wealth quintile and education level [4.5.1]",,,Rural,,Upper secondary education,,Country Data,Kenya  DHS 2022.  The survey collected data on school attendance for age 3-24 and educational attainment for age 3 and above. Data extracted on 25 February 2025.,,,0.7169
2009,C,"Kenya Population and Housing Census 2009. IPUMS-International, National Bureau of Statistics. Data extracted on 25 February 2025.","Adjusted gender parity index for completion rate, by sex, location, wealth quintile and education level [4.5.1]",,,Rural,,Upper secondary education,,Country Data,Kenya  DHS 2022.  The survey collected data on school attendance for age 3-24 and educational attainment for age 3 and above. Data extracted on 25 February 2025.,,,0.93425
2014,C,Kenya DHS 2014. The survey collected data on school attendance for age 3-24 and educational attainment for age 3 and above. Data extracted on 25 February 2025.,"Adjusted gender parity index for completion rate, by sex, location, wealth quintile and education level [4.5.1]",,,Rural,,Upper secondary education,,Country Data,Kenya  DHS 2022.  The survey collected data on school attendance for age 3-24 and educational attainment for age 3 and above. Data extracted on 25 February 2025.,,,0.73418
2019,C,Kenya Continuous Household Survey Programme (KCHSP) 2019. The survey collected data on school attendance and attainment for age 3 and above. Data extracted on 25 February 2025.,"Adjusted gender parity index for completion rate, by sex, location, wealth quintile and education level [4.5.1]",,,Rural,,Upper secondary education,,Country Data,Kenya  DHS 2022.  The survey collected data on school attendance for age 3-24 and educational attainment for age 3 and above. Data extracted on 25 February 2025.,,,1.03037
2020,C,Kenya Continuous Household Survey Programme (KCHSP) 2020. The survey collected data on school attendance and attainment for age 3 and above. Data extracted on 25 February 2025.,"Adjusted gender parity index for completion rate, by sex, location, wealth quintile and education level [4.5.1]",,,Rural,,Upper secondary education,,Country Data,Kenya  DHS 2022.  The survey collected data on school attendance for age 3-24 and educational attainment for age 3 and above. Data extracted on 25 February 2025.,,,1.00347
2022,C,Kenya  DHS 2022.  The survey collected data on school attendance for age 3-24 and educational attainment for age 3 and above. Data extracted on 25 February 2025.,"Adjusted gender parity index for completion rate, by sex, location, wealth quintile and education level [4.5.1]",,,Rural,,Upper secondary education,,Country Data,Kenya  DHS 2022.  The survey collected data on school attendance for age 3-24 and educational attainment for age 3 and above. Data extracted on 25 February 2025.,,,0.93891
2003,C,Kenya DHS 2003. The survey collected data on school attendance for age 4-24 and educational attainment for age 4 and above. Data extracted on 25 February 2025.,"Adjusted gender parity index for completion rate, by sex, location, wealth quintile and education level [4.5.1]",,,Rural,Quintile 1 (poorest),Primary education,,Country Data,Kenya  DHS 2022.  The survey collected data on school attendance for age 3-24 and educational attainment for age 3 and above. Data extracted on 25 February 2025.,,,1.19168
2008,C,Kenya DHS 2008-09. The survey collected data on school attendance for age 4-24 and educational attainment for age 4 and above. Data extracted on 25 February 2025.,"Adjusted gender parity index for completion rate, by sex, location, wealth quintile and education level [4.5.1]",,,Rural,Quintile 1 (poorest),Primary education,,Country Data,Kenya  DHS 2022.  The survey collected data on school attendance for age 3-24 and educational attainment for age 3 and above. Data extracted on 25 February 2025.,,,0.92054
2014,C,Kenya DHS 2014. The survey collected data on school attendance for age 3-24 and educational attainment for age 3 and above. Data extracted on 25 February 2025.,"Adjusted gender parity index for completion rate, by sex, location, wealth quintile and education level [4.5.1]",,,Rural,Quintile 1 (poorest),Primary education,,Country Data,Kenya  DHS 2022.  The survey collected data on school attendance for age 3-24 and educational attainment for age 3 and above. Data extracted on 25 February 2025.,,,1.08396
2022,C,Kenya  DHS 2022.  The survey collected data on school attendance for age 3-24 and educational attainment for age 3 and above. Data extracted on 25 February 2025.,"Adjusted gender parity index for completion rate, by sex, location, wealth quintile and education level [4.5.1]",,,Rural,Quintile 1 (poorest),Primary education,,Country Data,Kenya  DHS 2022.  The survey collected data on school attendance for age 3-24 and educational attainment for age 3 and above. Data extracted on 25 February 2025.,,,1.12832
2003,C,Kenya DHS 2003. The survey collected data on school attendance for age 4-24 and educational attainment for age 4 and above. Data extracted on 25 February 2025.,"Adjusted gender parity index for completion rate, by sex, location, wealth quintile and education level [4.5.1]",,,Rural,Quintile 1 (poorest),Lower secondary education,,Country Data,Kenya  DHS 2022.  The survey collected data on school attendance for age 3-24 and educational attainment for age 3 and above. Data extracted on 25 February 2025.,,,1.04563
2008,C,Kenya DHS 2008-09. The survey collected data on school attendance for age 4-24 and educational attainment for age 4 and above. Data extracted on 25 February 2025.,"Adjusted gender parity index for completion rate, by sex, location, wealth quintile and education level [4.5.1]",,,Rural,Quintile 1 (poorest),Lower secondary education,,Country Data,Kenya  DHS 2022.  The survey collected data on school attendance for age 3-24 and educational attainment for age 3 and above. Data extracted on 25 February 2025.,,,0.96381
2014,C,Kenya DHS 2014. The survey collected data on school attendance for age 3-24 and educational attainment for age 3 and above. Data extracted on 25 February 2025.,"Adjusted gender parity index for completion rate, by sex, location, wealth quintile and education level [4.5.1]",,,Rural,Quintile 1 (poorest),Lower secondary education,,Country Data,Kenya  DHS 2022.  The survey collected data on school attendance for age 3-24 and educational attainment for age 3 and above. Data extracted on 25 February 2025.,,,1.04938
2022,C,Kenya  DHS 2022.  The survey collected data on school attendance for age 3-24 and educational attainment for age 3 and above. Data extracted on 25 February 2025.,"Adjusted gender parity index for completion rate, by sex, location, wealth quintile and education level [4.5.1]",,,Rural,Quintile 1 (poorest),Lower secondary education,,Country Data,Kenya  DHS 2022.  The survey collected data on school attendance for age 3-24 and educational attainment for age 3 and above. Data extracted on 25 February 2025.,,,1.00666
2003,C,Kenya DHS 2003. The survey collected data on school attendance for age 4-24 and educational attainment for age 4 and above. Data extracted on 25 February 2025.,"Adjusted gender parity index for completion rate, by sex, location, wealth quintile and education level [4.5.1]",,,Rural,Quintile 1 (poorest),Upper secondary education,,Country Data,Kenya  DHS 2022.  The survey collected data on school attendance for age 3-24 and educational attainment for age 3 and above. Data extracted on 25 February 2025.,,,0.17107
2008,C,Kenya DHS 2008-09. The survey collected data on school attendance for age 4-24 and educational attainment for age 4 and above. Data extracted on 25 February 2025.,"Adjusted gender parity index for completion rate, by sex, location, wealth quintile and education level [4.5.1]",,,Rural,Quintile 1 (poorest),Upper secondary education,,Country Data,Kenya  DHS 2022.  The survey collected data on school attendance for age 3-24 and educational attainment for age 3 and above. Data extracted on 25 February 2025.,,,0.24081
2014,C,Kenya DHS 2014. The survey collected data on school attendance for age 3-24 and educational attainment for age 3 and above. Data extracted on 25 February 2025.,"Adjusted gender parity index for completion rate, by sex, location, wealth quintile and education level [4.5.1]",,,Rural,Quintile 1 (poorest),Upper secondary education,,Country Data,Kenya  DHS 2022.  The survey collected data on school attendance for age 3-24 and educational attainment for age 3 and above. Data extracted on 25 February 2025.,,,0.34813
2022,C,Kenya  DHS 2022.  The survey collected data on school attendance for age 3-24 and educational attainment for age 3 and above. Data extracted on 25 February 2025.,"Adjusted gender parity index for completion rate, by sex, location, wealth quintile and education level [4.5.1]",,,Rural,Quintile 1 (poorest),Upper secondary education,,Country Data,Kenya  DHS 2022.  The survey collected data on school attendance for age 3-24 and educational attainment for age 3 and above. Data extracted on 25 February 2025.,,,0.7997
2003,C,Kenya DHS 2003. The survey collected data on school attendance for age 4-24 and educational attainment for age 4 and above. Data extracted on 25 February 2025.,"Adjusted gender parity index for completion rate, by sex, location, wealth quintile and education level [4.5.1]",,,Rural,Quintile 2,Primary education,,Country Data,Kenya  DHS 2022.  The survey collected data on school attendance for age 3-24 and educational attainment for age 3 and above. Data extracted on 25 February 2025.,,,1.09077
2008,C,Kenya DHS 2008-09. The survey collected data on school attendance for age 4-24 and educational attainment for age 4 and above. Data extracted on 25 February 2025.,"Adjusted gender parity index for completion rate, by sex, location, wealth quintile and education level [4.5.1]",,,Rural,Quintile 2,Primary education,,Country Data,Kenya  DHS 2022.  The survey collected data on school attendance for age 3-24 and educational attainment for age 3 and above. Data extracted on 25 February 2025.,,,1.14111
2014,C,Kenya DHS 2014. The survey collected data on school attendance for age 3-24 and educational attainment for age 3 and above. Data extracted on 25 February 2025.,"Adjusted gender parity index for completion rate, by sex, location, wealth quintile and education level [4.5.1]",,,Rural,Quintile 2,Primary education,,Country Data,Kenya  DHS 2022.  The survey collected data on school attendance for age 3-24 and educational attainment for age 3 and above. Data extracted on 25 February 2025.,,,1.07689
2022,C,Kenya  DHS 2022.  The survey collected data on school attendance for age 3-24 and educational attainment for age 3 and above. Data extracted on 25 February 2025.,"Adjusted gender parity index for completion rate, by sex, location, wealth quintile and education level [4.5.1]",,,Rural,Quintile 2,Primary education,,Country Data,Kenya  DHS 2022.  The survey collected data on school attendance for age 3-24 and educational attainment for age 3 and above. Data extracted on 25 February 2025.,,,1.03673
2003,C,Kenya DHS 2003. The survey collected data on school attendance for age 4-24 and educational attainment for age 4 and above. Data extracted on 25 February 2025.,"Adjusted gender parity index for completion rate, by sex, location, wealth quintile and education level [4.5.1]",,,Rural,Quintile 2,Lower secondary education,,Country Data,Kenya  DHS 2022.  The survey collected data on school attendance for age 3-24 and educational attainment for age 3 and above. Data extracted on 25 February 2025.,,,1.14496
2008,C,Kenya DHS 2008-09. The survey collected data on school attendance for age 4-24 and educational attainment for age 4 and above. Data extracted on 25 February 2025.,"Adjusted gender parity index for completion rate, by sex, location, wealth quintile and education level [4.5.1]",,,Rural,Quintile 2,Lower secondary education,,Country Data,Kenya  DHS 2022.  The survey collected data on school attendance for age 3-24 and educational attainment for age 3 and above. Data extracted on 25 February 2025.,,,0.94806
2014,C,Kenya DHS 2014. The survey collected data on school attendance for age 3-24 and educational attainment for age 3 and above. Data extracted on 25 February 2025.,"Adjusted gender parity index for completion rate, by sex, location, wealth quintile and education level [4.5.1]",,,Rural,Quintile 2,Lower secondary education,,Country Data,Kenya  DHS 2022.  The survey collected data on school attendance for age 3-24 and educational attainment for age 3 and above. Data extracted on 25 February 2025.,,,1.13925
2022,C,Kenya  DHS 2022.  The survey collected data on school attendance for age 3-24 and educational attainment for age 3 and above. Data extracted on 25 February 2025.,"Adjusted gender parity index for completion rate, by sex, location, wealth quintile and education level [4.5.1]",,,Rural,Quintile 2,Lower secondary education,,Country Data,Kenya  DHS 2022.  The survey collected data on school attendance for age 3-24 and educational attainment for age 3 and above. Data extracted on 25 February 2025.,,,1.0819
2003,C,Kenya DHS 2003. The survey collected data on school attendance for age 4-24 and educational attainment for age 4 and above. Data extracted on 25 February 2025.,"Adjusted gender parity index for completion rate, by sex, location, wealth quintile and education level [4.5.1]",,,Rural,Quintile 2,Upper secondary education,,Country Data,Kenya  DHS 2022.  The survey collected data on school attendance for age 3-24 and educational attainment for age 3 and above. Data extracted on 25 February 2025.,,,0.3701
2008,C,Kenya DHS 2008-09. The survey collected data on school attendance for age 4-24 and educational attainment for age 4 and above. Data extracted on 25 February 2025.,"Adjusted gender parity index for completion rate, by sex, location, wealth quintile and education level [4.5.1]",,,Rural,Quintile 2,Upper secondary education,,Country Data,Kenya  DHS 2022.  The survey collected data on school attendance for age 3-24 and educational attainment for age 3 and above. Data extracted on 25 February 2025.,,,0.59368
2014,C,Kenya DHS 2014. The survey collected data on school attendance for age 3-24 and educational attainment for age 3 and above. Data extracted on 25 February 2025.,"Adjusted gender parity index for completion rate, by sex, location, wealth quintile and education level [4.5.1]",,,Rural,Quintile 2,Upper secondary education,,Country Data,Kenya  DHS 2022.  The survey collected data on school attendance for age 3-24 and educational attainment for age 3 and above. Data extracted on 25 February 2025.,,,0.69065
2022,C,Kenya  DHS 2022.  The survey collected data on school attendance for age 3-24 and educational attainment for age 3 and above. Data extracted on 25 February 2025.,"Adjusted gender parity index for completion rate, by sex, location, wealth quintile and education level [4.5.1]",,,Rural,Quintile 2,Upper secondary education,,Country Data,Kenya  DHS 2022.  The survey collected data on school attendance for age 3-24 and educational attainment for age 3 and above. Data extracted on 25 February 2025.,,,0.88704
2003,C,Kenya DHS 2003. The survey collected data on school attendance for age 4-24 and educational attainment for age 4 and above. Data extracted on 25 February 2025.,"Adjusted gender parity index for completion rate, by sex, location, wealth quintile and education level [4.5.1]",,,Rural,Quintile 3,Primary education,,Country Data,Kenya  DHS 2022.  The survey collected data on school attendance for age 3-24 and educational attainment for age 3 and above. Data extracted on 25 February 2025.,,,1.12277
2008,C,Kenya DHS 2008-09. The survey collected data on school attendance for age 4-24 and educational attainment for age 4 and above. Data extracted on 25 February 2025.,"Adjusted gender parity index for completion rate, by sex, location, wealth quintile and education level [4.5.1]",,,Rural,Quintile 3,Primary education,,Country Data,Kenya  DHS 2022.  The survey collected data on school attendance for age 3-24 and educational attainment for age 3 and above. Data extracted on 25 February 2025.,,,1.13571
2014,C,Kenya DHS 2014. The survey collected data on school attendance for age 3-24 and educational attainment for age 3 and above. Data extracted on 25 February 2025.,"Adjusted gender parity index for completion rate, by sex, location, wealth quintile and education level [4.5.1]",,,Rural,Quintile 3,Primary education,,Country Data,Kenya  DHS 2022.  The survey collected data on school attendance for age 3-24 and educational attainment for age 3 and above. Data extracted on 25 February 2025.,,,1.08376
2022,C,Kenya  DHS 2022.  The survey collected data on school attendance for age 3-24 and educational attainment for age 3 and above. Data extracted on 25 February 2025.,"Adjusted gender parity index for completion rate, by sex, location, wealth quintile and education level [4.5.1]",,,Rural,Quintile 3,Primary education,,Country Data,Kenya  DHS 2022.  The survey collected data on school attendance for age 3-24 and educational attainment for age 3 and above. Data extracted on 25 February 2025.,,,1.03268
2003,C,Kenya DHS 2003. The survey collected data on school attendance for age 4-24 and educational attainment for age 4 and above. Data extracted on 25 February 2025.,"Adjusted gender parity index for completion rate, by sex, location, wealth quintile and education level [4.5.1]",,,Rural,Quintile 3,Lower secondary education,,Country Data,Kenya  DHS 2022.  The survey collected data on school attendance for age 3-24 and educational attainment for age 3 and above. Data extracted on 25 February 2025.,,,1.19253
2008,C,Kenya DHS 2008-09. The survey collected data on school attendance for age 4-24 and educational attainment for age 4 and above. Data extracted on 25 February 2025.,"Adjusted gender parity index for completion rate, by sex, location, wealth quintile and education level [4.5.1]",,,Rural,Quintile 3,Lower secondary education,,Country Data,Kenya  DHS 2022.  The survey collected data on school attendance for age 3-24 and educational attainment for age 3 and above. Data extracted on 25 February 2025.,,,1.10933
2014,C,Kenya DHS 2014. The survey collected data on school attendance for age 3-24 and educational attainment for age 3 and above. Data extracted on 25 February 2025.,"Adjusted gender parity index for completion rate, by sex, location, wealth quintile and education level [4.5.1]",,,Rural,Quintile 3,Lower secondary education,,Country Data,Kenya  DHS 2022.  The survey collected data on school attendance for age 3-24 and educational attainment for age 3 and above. Data extracted on 25 February 2025.,,,1.15223
2022,C,Kenya  DHS 2022.  The survey collected data on school attendance for age 3-24 and educational attainment for age 3 and above. Data extracted on 25 February 2025.,"Adjusted gender parity index for completion rate, by sex, location, wealth quintile and education level [4.5.1]",,,Rural,Quintile 3,Lower secondary education,,Country Data,Kenya  DHS 2022.  The survey collected data on school attendance for age 3-24 and educational attainment for age 3 and above. Data extracted on 25 February 2025.,,,1.05427
2003,C,Kenya DHS 2003. The survey collected data on school attendance for age 4-24 and educational attainment for age 4 and above. Data extracted on 25 February 2025.,"Adjusted gender parity index for completion rate, by sex, location, wealth quintile and education level [4.5.1]",,,Rural,Quintile 3,Upper secondary education,,Country Data,Kenya  DHS 2022.  The survey collected data on school attendance for age 3-24 and educational attainment for age 3 and above. Data extracted on 25 February 2025.,,,0.72375
2008,C,Kenya DHS 2008-09. The survey collected data on school attendance for age 4-24 and educational attainment for age 4 and above. Data extracted on 25 February 2025.,"Adjusted gender parity index for completion rate, by sex, location, wealth quintile and education level [4.5.1]",,,Rural,Quintile 3,Upper secondary education,,Country Data,Kenya  DHS 2022.  The survey collected data on school attendance for age 3-24 and educational attainment for age 3 and above. Data extracted on 25 February 2025.,,,0.76854
2014,C,Kenya DHS 2014. The survey collected data on school attendance for age 3-24 and educational attainment for age 3 and above. Data extracted on 25 February 2025.,"Adjusted gender parity index for completion rate, by sex, location, wealth quintile and education level [4.5.1]",,,Rural,Quintile 3,Upper secondary education,,Country Data,Kenya  DHS 2022.  The survey collected data on school attendance for age 3-24 and educational attainment for age 3 and above. Data extracted on 25 February 2025.,,,0.78473
2022,C,Kenya  DHS 2022.  The survey collected data on school attendance for age 3-24 and educational attainment for age 3 and above. Data extracted on 25 February 2025.,"Adjusted gender parity index for completion rate, by sex, location, wealth quintile and education level [4.5.1]",,,Rural,Quintile 3,Upper secondary education,,Country Data,Kenya  DHS 2022.  The survey collected data on school attendance for age 3-24 and educational attainment for age 3 and above. Data extracted on 25 February 2025.,,,1.08463
2003,C,Kenya DHS 2003. The survey collected data on school attendance for age 4-24 and educational attainment for age 4 and above. Data extracted on 25 February 2025.,"Adjusted gender parity index for completion rate, by sex, location, wealth quintile and education level [4.5.1]",,,Rural,Quintile 4,Primary education,,Country Data,Kenya  DHS 2022.  The survey collected data on school attendance for age 3-24 and educational attainment for age 3 and above. Data extracted on 25 February 2025.,,,1.12782
2008,C,Kenya DHS 2008-09. The survey collected data on school attendance for age 4-24 and educational attainment for age 4 and above. Data extracted on 25 February 2025.,"Adjusted gender parity index for completion rate, by sex, location, wealth quintile and education level [4.5.1]",,,Rural,Quintile 4,Primary education,,Country Data,Kenya  DHS 2022.  The survey collected data on school attendance for age 3-24 and educational attainment for age 3 and above. Data extracted on 25 February 2025.,,,1.04856
2014,C,Kenya DHS 2014. The survey collected data on school attendance for age 3-24 and educational attainment for age 3 and above. Data extracted on 25 February 2025.,"Adjusted gender parity index for completion rate, by sex, location, wealth quintile and education level [4.5.1]",,,Rural,Quintile 4,Primary education,,Country Data,Kenya  DHS 2022.  The survey collected data on school attendance for age 3-24 and educational attainment for age 3 and above. Data extracted on 25 February 2025.,,,1.01721
2022,C,Kenya  DHS 2022.  The survey collected data on school attendance for age 3-24 and educational attainment for age 3 and above. Data extracted on 25 February 2025.,"Adjusted gender parity index for completion rate, by sex, location, wealth quintile and education level [4.5.1]",,,Rural,Quintile 4,Primary education,,Country Data,Kenya  DHS 2022.  The survey collected data on school attendance for age 3-24 and educational attainment for age 3 and above. Data extracted on 25 February 2025.,,,1.03162
2003,C,Kenya DHS 2003. The survey collected data on school attendance for age 4-24 and educational attainment for age 4 and above. Data extracted on 25 February 2025.,"Adjusted gender parity index for completion rate, by sex, location, wealth quintile and education level [4.5.1]",,,Rural,Quintile 4,Lower secondary education,,Country Data,Kenya  DHS 2022.  The survey collected data on school attendance for age 3-24 and educational attainment for age 3 and above. Data extracted on 25 February 2025.,,,1.03538
2008,C,Kenya DHS 2008-09. The survey collected data on school attendance for age 4-24 and educational attainment for age 4 and above. Data extracted on 25 February 2025.,"Adjusted gender parity index for completion rate, by sex, location, wealth quintile and education level [4.5.1]",,,Rural,Quintile 4,Lower secondary education,,Country Data,Kenya  DHS 2022.  The survey collected data on school attendance for age 3-24 and educational attainment for age 3 and above. Data extracted on 25 February 2025.,,,1.12315
2014,C,Kenya DHS 2014. The survey collected data on school attendance for age 3-24 and educational attainment for age 3 and above. Data extracted on 25 February 2025.,"Adjusted gender parity index for completion rate, by sex, location, wealth quintile and education level [4.5.1]",,,Rural,Quintile 4,Lower secondary education,,Country Data,Kenya  DHS 2022.  The survey collected data on school attendance for age 3-24 and educational attainment for age 3 and above. Data extracted on 25 February 2025.,,,1.08446
2022,C,Kenya  DHS 2022.  The survey collected data on school attendance for age 3-24 and educational attainment for age 3 and above. Data extracted on 25 February 2025.,"Adjusted gender parity index for completion rate, by sex, location, wealth quintile and education level [4.5.1]",,,Rural,Quintile 4,Lower secondary education,,Country Data,Kenya  DHS 2022.  The survey collected data on school attendance for age 3-24 and educational attainment for age 3 and above. Data extracted on 25 February 2025.,,,1.01031
2003,C,Kenya DHS 2003. The survey collected data on school attendance for age 4-24 and educational attainment for age 4 and above. Data extracted on 25 February 2025.,"Adjusted gender parity index for completion rate, by sex, location, wealth quintile and education level [4.5.1]",,,Rural,Quintile 4,Upper secondary education,,Country Data,Kenya  DHS 2022.  The survey collected data on school attendance for age 3-24 and educational attainment for age 3 and above. Data extracted on 25 February 2025.,,,0.97176
2008,C,Kenya DHS 2008-09. The survey collected data on school attendance for age 4-24 and educational attainment for age 4 and above. Data extracted on 25 February 2025.,"Adjusted gender parity index for completion rate, by sex, location, wealth quintile and education level [4.5.1]",,,Rural,Quintile 4,Upper secondary education,,Country Data,Kenya  DHS 2022.  The survey collected data on school attendance for age 3-24 and educational attainment for age 3 and above. Data extracted on 25 February 2025.,,,0.8626
2014,C,Kenya DHS 2014. The survey collected data on school attendance for age 3-24 and educational attainment for age 3 and above. Data extracted on 25 February 2025.,"Adjusted gender parity index for completion rate, by sex, location, wealth quintile and education level [4.5.1]",,,Rural,Quintile 4,Upper secondary education,,Country Data,Kenya  DHS 2022.  The survey collected data on school attendance for age 3-24 and educational attainment for age 3 and above. Data extracted on 25 February 2025.,,,0.91296
2022,C,Kenya  DHS 2022.  The survey collected data on school attendance for age 3-24 and educational attainment for age 3 and above. Data extracted on 25 February 2025.,"Adjusted gender parity index for completion rate, by sex, location, wealth quintile and education level [4.5.1]",,,Rural,Quintile 4,Upper secondary education,,Country Data,Kenya  DHS 2022.  The survey collected data on school attendance for age 3-24 and educational attainment for age 3 and above. Data extracted on 25 February 2025.,,,0.97275
2003,C,Kenya DHS 2003. The survey collected data on school attendance for age 4-24 and educational attainment for age 4 and above. Data extracted on 25 February 2025.,"Adjusted gender parity index for completion rate, by sex, location, wealth quintile and education level [4.5.1]",,,Rural,Quintile 5 (richest),Primary education,,Country Data,Kenya  DHS 2022.  The survey collected data on school attendance for age 3-24 and educational attainment for age 3 and above. Data extracted on 25 February 2025.,,,0.84857
2008,C,Kenya DHS 2008-09. The survey collected data on school attendance for age 4-24 and educational attainment for age 4 and above. Data extracted on 25 February 2025.,"Adjusted gender parity index for completion rate, by sex, location, wealth quintile and education level [4.5.1]",,,Rural,Quintile 5 (richest),Primary education,,Country Data,Kenya  DHS 2022.  The survey collected data on school attendance for age 3-24 and educational attainment for age 3 and above. Data extracted on 25 February 2025.,,,1.15269
2014,C,Kenya DHS 2014. The survey collected data on school attendance for age 3-24 and educational attainment for age 3 and above. Data extracted on 25 February 2025.,"Adjusted gender parity index for completion rate, by sex, location, wealth quintile and education level [4.5.1]",,,Rural,Quintile 5 (richest),Primary education,,Country Data,Kenya  DHS 2022.  The survey collected data on school attendance for age 3-24 and educational attainment for age 3 and above. Data extracted on 25 February 2025.,,,1.01942
2022,C,Kenya  DHS 2022.  The survey collected data on school attendance for age 3-24 and educational attainment for age 3 and above. Data extracted on 25 February 2025.,"Adjusted gender parity index for completion rate, by sex, location, wealth quintile and education level [4.5.1]",,,Rural,Quintile 5 (richest),Primary education,,Country Data,Kenya  DHS 2022.  The survey collected data on school attendance for age 3-24 and educational attainment for age 3 and above. Data extracted on 25 February 2025.,,,1.00229
2003,C,Kenya DHS 2003. The survey collected data on school attendance for age 4-24 and educational attainment for age 4 and above. Data extracted on 25 February 2025.,"Adjusted gender parity index for completion rate, by sex, location, wealth quintile and education level [4.5.1]",,,Rural,Quintile 5 (richest),Lower secondary education,,Country Data,Kenya  DHS 2022.  The survey collected data on school attendance for age 3-24 and educational attainment for age 3 and above. Data extracted on 25 February 2025.,,,1.06807
2008,C,Kenya DHS 2008-09. The survey collected data on school attendance for age 4-24 and educational attainment for age 4 and above. Data extracted on 25 February 2025.,"Adjusted gender parity index for completion rate, by sex, location, wealth quintile and education level [4.5.1]",,,Rural,Quintile 5 (richest),Lower secondary education,,Country Data,Kenya  DHS 2022.  The survey collected data on school attendance for age 3-24 and educational attainment for age 3 and above. Data extracted on 25 February 2025.,,,0.99983
2014,C,Kenya DHS 2014. The survey collected data on school attendance for age 3-24 and educational attainment for age 3 and above. Data extracted on 25 February 2025.,"Adjusted gender parity index for completion rate, by sex, location, wealth quintile and education level [4.5.1]",,,Rural,Quintile 5 (richest),Lower secondary education,,Country Data,Kenya  DHS 2022.  The survey collected data on school attendance for age 3-24 and educational attainment for age 3 and above. Data extracted on 25 February 2025.,,,1.047
2022,C,Kenya  DHS 2022.  The survey collected data on school attendance for age 3-24 and educational attainment for age 3 and above. Data extracted on 25 February 2025.,"Adjusted gender parity index for completion rate, by sex, location, wealth quintile and education level [4.5.1]",,,Rural,Quintile 5 (richest),Lower secondary education,,Country Data,Kenya  DHS 2022.  The survey collected data on school attendance for age 3-24 and educational attainment for age 3 and above. Data extracted on 25 February 2025.,,,1.06444
2003,C,Kenya DHS 2003. The survey collected data on school attendance for age 4-24 and educational attainment for age 4 and above. Data extracted on 25 February 2025.,"Adjusted gender parity index for completion rate, by sex, location, wealth quintile and education level [4.5.1]",,,Rural,Quintile 5 (richest),Upper secondary education,,Country Data,Kenya  DHS 2022.  The survey collected data on school attendance for age 3-24 and educational attainment for age 3 and above. Data extracted on 25 February 2025.,,,1.42726
2008,C,Kenya DHS 2008-09. The survey collected data on school attendance for age 4-24 and educational attainment for age 4 and above. Data extracted on 25 February 2025.,"Adjusted gender parity index for completion rate, by sex, location, wealth quintile and education level [4.5.1]",,,Rural,Quintile 5 (richest),Upper secondary education,,Country Data,Kenya  DHS 2022.  The survey collected data on school attendance for age 3-24 and educational attainment for age 3 and above. Data extracted on 25 February 2025.,,,0.80796
2014,C,Kenya DHS 2014. The survey collected data on school attendance for age 3-24 and educational attainment for age 3 and above. Data extracted on 25 February 2025.,"Adjusted gender parity index for completion rate, by sex, location, wealth quintile and education level [4.5.1]",,,Rural,Quintile 5 (richest),Upper secondary education,,Country Data,Kenya  DHS 2022.  The survey collected data on school attendance for age 3-24 and educational attainment for age 3 and above. Data extracted on 25 February 2025.,,,0.88547
2022,C,Kenya  DHS 2022.  The survey collected data on school attendance for age 3-24 and educational attainment for age 3 and above. Data extracted on 25 February 2025.,"Adjusted gender parity index for completion rate, by sex, location, wealth quintile and education level [4.5.1]",,,Rural,Quintile 5 (richest),Upper secondary education,,Country Data,Kenya  DHS 2022.  The survey collected data on school attendance for age 3-24 and educational attainment for age 3 and above. Data extracted on 25 February 2025.,,,1.01787
2003,C,Kenya DHS 2003. The survey collected data on school attendance for age 4-24 and educational attainment for age 4 and above. Data extracted on 25 February 2025.,"Adjusted gender parity index for completion rate, by sex, location, wealth quintile and education level [4.5.1]",,,Urban,,Primary education,,Country Data,Kenya  DHS 2022.  The survey collected data on school attendance for age 3-24 and educational attainment for age 3 and above. Data extracted on 25 February 2025.,,,0.9994
2008,C,Kenya DHS 2008-09. The survey collected data on school attendance for age 4-24 and educational attainment for age 4 and above. Data extracted on 25 February 2025.,"Adjusted gender parity index for completion rate, by sex, location, wealth quintile and education level [4.5.1]",,,Urban,,Primary education,,Country Data,Kenya  DHS 2022.  The survey collected data on school attendance for age 3-24 and educational attainment for age 3 and above. Data extracted on 25 February 2025.,,,1.06631
2009,C,"Kenya Population and Housing Census 2009. IPUMS-International, National Bureau of Statistics. Data extracted on 25 February 2025.","Adjusted gender parity index for completion rate, by sex, location, wealth quintile and education level [4.5.1]",,,Urban,,Primary education,,Country Data,Kenya  DHS 2022.  The survey collected data on school attendance for age 3-24 and educational attainment for age 3 and above. Data extracted on 25 February 2025.,,,1.06958
2014,C,Kenya DHS 2014. The survey collected data on school attendance for age 3-24 and educational attainment for age 3 and above. Data extracted on 25 February 2025.,"Adjusted gender parity index for completion rate, by sex, location, wealth quintile and education level [4.5.1]",,,Urban,,Primary education,,Country Data,Kenya  DHS 2022.  The survey collected data on school attendance for age 3-24 and educational attainment for age 3 and above. Data extracted on 25 February 2025.,,,1.02618
2019,C,Kenya Continuous Household Survey Programme (KCHSP) 2019. The survey collected data on school attendance and attainment for age 3 and above. Data extracted on 25 February 2025.,"Adjusted gender parity index for completion rate, by sex, location, wealth quintile and education level [4.5.1]",,,Urban,,Primary education,,Country Data,Kenya  DHS 2022.  The survey collected data on school attendance for age 3-24 and educational attainment for age 3 and above. Data extracted on 25 February 2025.,,,1.03548
2020,C,Kenya Continuous Household Survey Programme (KCHSP) 2020. The survey collected data on school attendance and attainment for age 3 and above. Data extracted on 25 February 2025.,"Adjusted gender parity index for completion rate, by sex, location, wealth quintile and education level [4.5.1]",,,Urban,,Primary education,,Country Data,Kenya  DHS 2022.  The survey collected data on school attendance for age 3-24 and educational attainment for age 3 and above. Data extracted on 25 February 2025.,,,1.04228
2022,C,Kenya  DHS 2022.  The survey collected data on school attendance for age 3-24 and educational attainment for age 3 and above. Data extracted on 25 February 2025.,"Adjusted gender parity index for completion rate, by sex, location, wealth quintile and education level [4.5.1]",,,Urban,,Primary education,,Country Data,Kenya  DHS 2022.  The survey collected data on school attendance for age 3-24 and educational attainment for age 3 and above. Data extracted on 25 February 2025.,,,1.01839
2003,C,Kenya DHS 2003. The survey collected data on school attendance for age 4-24 and educational attainment for age 4 and above. Data extracted on 25 February 2025.,"Adjusted gender parity index for completion rate, by sex, location, wealth quintile and education level [4.5.1]",,,Urban,,Lower secondary education,,Country Data,Kenya  DHS 2022.  The survey collected data on school attendance for age 3-24 and educational attainment for age 3 and above. Data extracted on 25 February 2025.,,,1.10156
2008,C,Kenya DHS 2008-09. The survey collected data on school attendance for age 4-24 and educational attainment for age 4 and above. Data extracted on 25 February 2025.,"Adjusted gender parity index for completion rate, by sex, location, wealth quintile and education level [4.5.1]",,,Urban,,Lower secondary education,,Country Data,Kenya  DHS 2022.  The survey collected data on school attendance for age 3-24 and educational attainment for age 3 and above. Data extracted on 25 February 2025.,,,1.0227
2009,C,"Kenya Population and Housing Census 2009. IPUMS-International, National Bureau of Statistics. Data extracted on 25 February 2025.","Adjusted gender parity index for completion rate, by sex, location, wealth quintile and education level [4.5.1]",,,Urban,,Lower secondary education,,Country Data,Kenya  DHS 2022.  The survey collected data on school attendance for age 3-24 and educational attainment for age 3 and above. Data extracted on 25 February 2025.,,,1.07461
2014,C,Kenya DHS 2014. The survey collected data on school attendance for age 3-24 and educational attainment for age 3 and above. Data extracted on 25 February 2025.,"Adjusted gender parity index for completion rate, by sex, location, wealth quintile and education level [4.5.1]",,,Urban,,Lower secondary education,,Country Data,Kenya  DHS 2022.  The survey collected data on school attendance for age 3-24 and educational attainment for age 3 and above. Data extracted on 25 February 2025.,,,1.06103
2019,C,Kenya Continuous Household Survey Programme (KCHSP) 2019. The survey collected data on school attendance and attainment for age 3 and above. Data extracted on 25 February 2025.,"Adjusted gender parity index for completion rate, by sex, location, wealth quintile and education level [4.5.1]",,,Urban,,Lower secondary education,,Country Data,Kenya  DHS 2022.  The survey collected data on school attendance for age 3-24 and educational attainment for age 3 and above. Data extracted on 25 February 2025.,,,1.05028
2020,C,Kenya Continuous Household Survey Programme (KCHSP) 2020. The survey collected data on school attendance and attainment for age 3 and above. Data extracted on 25 February 2025.,"Adjusted gender parity index for completion rate, by sex, location, wealth quintile and education level [4.5.1]",,,Urban,,Lower secondary education,,Country Data,Kenya  DHS 2022.  The survey collected data on school attendance for age 3-24 and educational attainment for age 3 and above. Data extracted on 25 February 2025.,,,1.05706
2022,C,Kenya  DHS 2022.  The survey collected data on school attendance for age 3-24 and educational attainment for age 3 and above. Data extracted on 25 February 2025.,"Adjusted gender parity index for completion rate, by sex, location, wealth quintile and education level [4.5.1]",,,Urban,,Lower secondary education,,Country Data,Kenya  DHS 2022.  The survey collected data on school attendance for age 3-24 and educational attainment for age 3 and above. Data extracted on 25 February 2025.,,,1.0358
2003,C,Kenya DHS 2003. The survey collected data on school attendance for age 4-24 and educational attainment for age 4 and above. Data extracted on 25 February 2025.,"Adjusted gender parity index for completion rate, by sex, location, wealth quintile and education level [4.5.1]",,,Urban,,Upper secondary education,,Country Data,Kenya  DHS 2022.  The survey collected data on school attendance for age 3-24 and educational attainment for age 3 and above. Data extracted on 25 February 2025.,,,0.825
2008,C,Kenya DHS 2008-09. The survey collected data on school attendance for age 4-24 and educational attainment for age 4 and above. Data extracted on 25 February 2025.,"Adjusted gender parity index for completion rate, by sex, location, wealth quintile and education level [4.5.1]",,,Urban,,Upper secondary education,,Country Data,Kenya  DHS 2022.  The survey collected data on school attendance for age 3-24 and educational attainment for age 3 and above. Data extracted on 25 February 2025.,,,0.94246
2009,C,"Kenya Population and Housing Census 2009. IPUMS-International, National Bureau of Statistics. Data extracted on 25 February 2025.","Adjusted gender parity index for completion rate, by sex, location, wealth quintile and education level [4.5.1]",,,Urban,,Upper secondary education,,Country Data,Kenya  DHS 2022.  The survey collected data on school attendance for age 3-24 and educational attainment for age 3 and above. Data extracted on 25 February 2025.,,,0.93481
2014,C,Kenya DHS 2014. The survey collected data on school attendance for age 3-24 and educational attainment for age 3 and above. Data extracted on 25 February 2025.,"Adjusted gender parity index for completion rate, by sex, location, wealth quintile and education level [4.5.1]",,,Urban,,Upper secondary education,,Country Data,Kenya  DHS 2022.  The survey collected data on school attendance for age 3-24 and educational attainment for age 3 and above. Data extracted on 25 February 2025.,,,0.92029
2019,C,Kenya Continuous Household Survey Programme (KCHSP) 2019. The survey collected data on school attendance and attainment for age 3 and above. Data extracted on 25 February 2025.,"Adjusted gender parity index for completion rate, by sex, location, wealth quintile and education level [4.5.1]",,,Urban,,Upper secondary education,,Country Data,Kenya  DHS 2022.  The survey collected data on school attendance for age 3-24 and educational attainment for age 3 and above. Data extracted on 25 February 2025.,,,0.94815
2020,C,Kenya Continuous Household Survey Programme (KCHSP) 2020. The survey collected data on school attendance and attainment for age 3 and above. Data extracted on 25 February 2025.,"Adjusted gender parity index for completion rate, by sex, location, wealth quintile and education level [4.5.1]",,,Urban,,Upper secondary education,,Country Data,Kenya  DHS 2022.  The survey collected data on school attendance for age 3-24 and educational attainment for age 3 and above. Data extracted on 25 February 2025.,,,1.01033
2022,C,Kenya  DHS 2022.  The survey collected data on school attendance for age 3-24 and educational attainment for age 3 and above. Data extracted on 25 February 2025.,"Adjusted gender parity index for completion rate, by sex, location, wealth quintile and education level [4.5.1]",,,Urban,,Upper secondary education,,Country Data,Kenya  DHS 2022.  The survey collected data on school attendance for age 3-24 and educational attainment for age 3 and above. Data extracted on 25 February 2025.,,,0.95824
2003,C,Kenya DHS 2003. The survey collected data on school attendance for age 4-24 and educational attainment for age 4 and above. Data extracted on 25 February 2025.,"Adjusted gender parity index for completion rate, by sex, location, wealth quintile and education level [4.5.1]",,,Urban,Quintile 1 (poorest),Primary education,,Country Data,Kenya  DHS 2022.  The survey collected data on school attendance for age 3-24 and educational attainment for age 3 and above. Data extracted on 25 February 2025.,This data point is NOT APPLICABLE for the submitting nation.,This data point is NOT APPLICABLE for the submitting nation.,0.0
2008,C,Kenya DHS 2008-09. The survey collected data on school attendance for age 4-24 and educational attainment for age 4 and above. Data extracted on 25 February 2025.,"Adjusted gender parity index for completion rate, by sex, location, wealth quintile and education level [4.5.1]",,,Urban,Quintile 1 (poorest),Primary education,,Country Data,Kenya  DHS 2022.  The survey collected data on school attendance for age 3-24 and educational attainment for age 3 and above. Data extracted on 25 February 2025.,This data point is NOT APPLICABLE for the submitting nation.,This data point is NOT APPLICABLE for the submitting nation.,0.0
2014,C,Kenya DHS 2014. The survey collected data on school attendance for age 3-24 and educational attainment for age 3 and above. Data extracted on 25 February 2025.,"Adjusted gender parity index for completion rate, by sex, location, wealth quintile and education level [4.5.1]",,,Urban,Quintile 1 (poorest),Primary education,,Country Data,Kenya  DHS 2022.  The survey collected data on school attendance for age 3-24 and educational attainment for age 3 and above. Data extracted on 25 February 2025.,,This data point is NOT APPLICABLE for the submitting nation.,0.93063
2022,C,Kenya  DHS 2022.  The survey collected data on school attendance for age 3-24 and educational attainment for age 3 and above. Data extracted on 25 February 2025.,"Adjusted gender parity index for completion rate, by sex, location, wealth quintile and education level [4.5.1]",,,Urban,Quintile 1 (poorest),Primary education,,Country Data,Kenya  DHS 2022.  The survey collected data on school attendance for age 3-24 and educational attainment for age 3 and above. Data extracted on 25 February 2025.,,This data point is NOT APPLICABLE for the submitting nation.,0.99625
2003,C,Kenya DHS 2003. The survey collected data on school attendance for age 4-24 and educational attainment for age 4 and above. Data extracted on 25 February 2025.,"Adjusted gender parity index for completion rate, by sex, location, wealth quintile and education level [4.5.1]",,,Urban,Quintile 1 (poorest),Lower secondary education,,Country Data,Kenya  DHS 2022.  The survey collected data on school attendance for age 3-24 and educational attainment for age 3 and above. Data extracted on 25 February 2025.,This data point is NOT APPLICABLE for the submitting nation.,This data point is NOT APPLICABLE for the submitting nation.,0.0
2008,C,Kenya DHS 2008-09. The survey collected data on school attendance for age 4-24 and educational attainment for age 4 and above. Data extracted on 25 February 2025.,"Adjusted gender parity index for completion rate, by sex, location, wealth quintile and education level [4.5.1]",,,Urban,Quintile 1 (poorest),Lower secondary education,,Country Data,Kenya  DHS 2022.  The survey collected data on school attendance for age 3-24 and educational attainment for age 3 and above. Data extracted on 25 February 2025.,This data point is NOT APPLICABLE for the submitting nation.,This data point is NOT APPLICABLE for the submitting nation.,0.0
2014,C,Kenya DHS 2014. The survey collected data on school attendance for age 3-24 and educational attainment for age 3 and above. Data extracted on 25 February 2025.,"Adjusted gender parity index for completion rate, by sex, location, wealth quintile and education level [4.5.1]",,,Urban,Quintile 1 (poorest),Lower secondary education,,Country Data,Kenya  DHS 2022.  The survey collected data on school attendance for age 3-24 and educational attainment for age 3 and above. Data extracted on 25 February 2025.,,This data point is NOT APPLICABLE for the submitting nation.,0.99252
2022,C,Kenya  DHS 2022.  The survey collected data on school attendance for age 3-24 and educational attainment for age 3 and above. Data extracted on 25 February 2025.,"Adjusted gender parity index for completion rate, by sex, location, wealth quintile and education level [4.5.1]",,,Urban,Quintile 1 (poorest),Lower secondary education,,Country Data,Kenya  DHS 2022.  The survey collected data on school attendance for age 3-24 and educational attainment for age 3 and above. Data extracted on 25 February 2025.,,This data point is NOT APPLICABLE for the submitting nation.,0.95689
2003,C,Kenya DHS 2003. The survey collected data on school attendance for age 4-24 and educational attainment for age 4 and above. Data extracted on 25 February 2025.,"Adjusted gender parity index for completion rate, by sex, location, wealth quintile and education level [4.5.1]",,,Urban,Quintile 1 (poorest),Upper secondary education,,Country Data,Kenya  DHS 2022.  The survey collected data on school attendance for age 3-24 and educational attainment for age 3 and above. Data extracted on 25 February 2025.,This data point is NOT APPLICABLE for the submitting nation.,This data point is NOT APPLICABLE for the submitting nation.,0.0
2008,C,Kenya DHS 2008-09. The survey collected data on school attendance for age 4-24 and educational attainment for age 4 and above. Data extracted on 25 February 2025.,"Adjusted gender parity index for completion rate, by sex, location, wealth quintile and education level [4.5.1]",,,Urban,Quintile 1 (poorest),Upper secondary education,,Country Data,Kenya  DHS 2022.  The survey collected data on school attendance for age 3-24 and educational attainment for age 3 and above. Data extracted on 25 February 2025.,This data point is NOT APPLICABLE for the submitting nation.,This data point is NOT APPLICABLE for the submitting nation.,0.0
2014,C,Kenya DHS 2014. The survey collected data on school attendance for age 3-24 and educational attainment for age 3 and above. Data extracted on 25 February 2025.,"Adjusted gender parity index for completion rate, by sex, location, wealth quintile and education level [4.5.1]",,,Urban,Quintile 1 (poorest),Upper secondary education,,Country Data,Kenya  DHS 2022.  The survey collected data on school attendance for age 3-24 and educational attainment for age 3 and above. Data extracted on 25 February 2025.,,This data point is NOT APPLICABLE for the submitting nation.,0.95492
2022,C,Kenya  DHS 2022.  The survey collected data on school attendance for age 3-24 and educational attainment for age 3 and above. Data extracted on 25 February 2025.,"Adjusted gender parity index for completion rate, by sex, location, wealth quintile and education level [4.5.1]",,,Urban,Quintile 1 (poorest),Upper secondary education,,Country Data,Kenya  DHS 2022.  The survey collected data on school attendance for age 3-24 and educational attainment for age 3 and above. Data extracted on 25 February 2025.,,This data point is NOT APPLICABLE for the submitting nation.,0.34845
2003,C,Kenya DHS 2003. The survey collected data on school attendance for age 4-24 and educational attainment for age 4 and above. Data extracted on 25 February 2025.,"Adjusted gender parity index for completion rate, by sex, location, wealth quintile and education level [4.5.1]",,,Urban,Quintile 2,Primary education,,Country Data,Kenya  DHS 2022.  The survey collected data on school attendance for age 3-24 and educational attainment for age 3 and above. Data extracted on 25 February 2025.,This data point is NOT APPLICABLE for the submitting nation.,This data point is NOT APPLICABLE for the submitting nation.,0.0
2008,C,Kenya DHS 2008-09. The survey collected data on school attendance for age 4-24 and educational attainment for age 4 and above. Data extracted on 25 February 2025.,"Adjusted gender parity index for completion rate, by sex, location, wealth quintile and education level [4.5.1]",,,Urban,Quintile 2,Primary education,,Country Data,Kenya  DHS 2022.  The survey collected data on school attendance for age 3-24 and educational attainment for age 3 and above. Data extracted on 25 February 2025.,This data point is NOT APPLICABLE for the submitting nation.,This data point is NOT APPLICABLE for the submitting nation.,0.0
2014,C,Kenya DHS 2014. The survey collected data on school attendance for age 3-24 and educational attainment for age 3 and above. Data extracted on 25 February 2025.,"Adjusted gender parity index for completion rate, by sex, location, wealth quintile and education level [4.5.1]",,,Urban,Quintile 2,Primary education,,Country Data,Kenya  DHS 2022.  The survey collected data on school attendance for age 3-24 and educational attainment for age 3 and above. Data extracted on 25 February 2025.,,This data point is NOT APPLICABLE for the submitting nation.,1.06421
2022,C,Kenya  DHS 2022.  The survey collected data on school attendance for age 3-24 and educational attainment for age 3 and above. Data extracted on 25 February 2025.,"Adjusted gender parity index for completion rate, by sex, location, wealth quintile and education level [4.5.1]",,,Urban,Quintile 2,Primary education,,Country Data,Kenya  DHS 2022.  The survey collected data on school attendance for age 3-24 and educational attainment for age 3 and above. Data extracted on 25 February 2025.,,This data point is NOT APPLICABLE for the submitting nation.,0.95974
2003,C,Kenya DHS 2003. The survey collected data on school attendance for age 4-24 and educational attainment for age 4 and above. Data extracted on 25 February 2025.,"Adjusted gender parity index for completion rate, by sex, location, wealth quintile and education level [4.5.1]",,,Urban,Quintile 2,Lower secondary education,,Country Data,Kenya  DHS 2022.  The survey collected data on school attendance for age 3-24 and educational attainment for age 3 and above. Data extracted on 25 February 2025.,This data point is NOT APPLICABLE for the submitting nation.,This data point is NOT APPLICABLE for the submitting nation.,0.0
2008,C,Kenya DHS 2008-09. The survey collected data on school attendance for age 4-24 and educational attainment for age 4 and above. Data extracted on 25 February 2025.,"Adjusted gender parity index for completion rate, by sex, location, wealth quintile and education level [4.5.1]",,,Urban,Quintile 2,Lower secondary education,,Country Data,Kenya  DHS 2022.  The survey collected data on school attendance for age 3-24 and educational attainment for age 3 and above. Data extracted on 25 February 2025.,This data point is NOT APPLICABLE for the submitting nation.,This data point is NOT APPLICABLE for the submitting nation.,0.0
2014,C,Kenya DHS 2014. The survey collected data on school attendance for age 3-24 and educational attainment for age 3 and above. Data extracted on 25 February 2025.,"Adjusted gender parity index for completion rate, by sex, location, wealth quintile and education level [4.5.1]",,,Urban,Quintile 2,Lower secondary education,,Country Data,Kenya  DHS 2022.  The survey collected data on school attendance for age 3-24 and educational attainment for age 3 and above. Data extracted on 25 February 2025.,,This data point is NOT APPLICABLE for the submitting nation.,1.25421
2022,C,Kenya  DHS 2022.  The survey collected data on school attendance for age 3-24 and educational attainment for age 3 and above. Data extracted on 25 February 2025.,"Adjusted gender parity index for completion rate, by sex, location, wealth quintile and education level [4.5.1]",,,Urban,Quintile 2,Lower secondary education,,Country Data,Kenya  DHS 2022.  The survey collected data on school attendance for age 3-24 and educational attainment for age 3 and above. Data extracted on 25 February 2025.,,This data point is NOT APPLICABLE for the submitting nation.,1.08225
2003,C,Kenya DHS 2003. The survey collected data on school attendance for age 4-24 and educational attainment for age 4 and above. Data extracted on 25 February 2025.,"Adjusted gender parity index for completion rate, by sex, location, wealth quintile and education level [4.5.1]",,,Urban,Quintile 2,Upper secondary education,,Country Data,Kenya  DHS 2022.  The survey collected data on school attendance for age 3-24 and educational attainment for age 3 and above. Data extracted on 25 February 2025.,This data point is NOT APPLICABLE for the submitting nation.,This data point is NOT APPLICABLE for the submitting nation.,0.0
2008,C,Kenya DHS 2008-09. The survey collected data on school attendance for age 4-24 and educational attainment for age 4 and above. Data extracted on 25 February 2025.,"Adjusted gender parity index for completion rate, by sex, location, wealth quintile and education level [4.5.1]",,,Urban,Quintile 2,Upper secondary education,,Country Data,Kenya  DHS 2022.  The survey collected data on school attendance for age 3-24 and educational attainment for age 3 and above. Data extracted on 25 February 2025.,This data point is NOT APPLICABLE for the submitting nation.,This data point is NOT APPLICABLE for the submitting nation.,0.0
2014,C,Kenya DHS 2014. The survey collected data on school attendance for age 3-24 and educational attainment for age 3 and above. Data extracted on 25 February 2025.,"Adjusted gender parity index for completion rate, by sex, location, wealth quintile and education level [4.5.1]",,,Urban,Quintile 2,Upper secondary education,,Country Data,Kenya  DHS 2022.  The survey collected data on school attendance for age 3-24 and educational attainment for age 3 and above. Data extracted on 25 February 2025.,,This data point is NOT APPLICABLE for the submitting nation.,0.53519
2022,C,Kenya  DHS 2022.  The survey collected data on school attendance for age 3-24 and educational attainment for age 3 and above. Data extracted on 25 February 2025.,"Adjusted gender parity index for completion rate, by sex, location, wealth quintile and education level [4.5.1]",,,Urban,Quintile 2,Upper secondary education,,Country Data,Kenya  DHS 2022.  The survey collected data on school attendance for age 3-24 and educational attainment for age 3 and above. Data extracted on 25 February 2025.,,This data point is NOT APPLICABLE for the submitting nation.,0.66245
2003,C,Kenya DHS 2003. The survey collected data on school attendance for age 4-24 and educational attainment for age 4 and above. Data extracted on 25 February 2025.,"Adjusted gender parity index for completion rate, by sex, location, wealth quintile and education level [4.5.1]",,,Urban,Quintile 3,Primary education,,Country Data,Kenya  DHS 2022.  The survey collected data on school attendance for age 3-24 and educational attainment for age 3 and above. Data extracted on 25 February 2025.,This data point is NOT APPLICABLE for the submitting nation.,This data point is NOT APPLICABLE for the submitting nation.,0.0
2008,C,Kenya DHS 2008-09. The survey collected data on school attendance for age 4-24 and educational attainment for age 4 and above. Data extracted on 25 February 2025.,"Adjusted gender parity index for completion rate, by sex, location, wealth quintile and education level [4.5.1]",,,Urban,Quintile 3,Primary education,,Country Data,Kenya  DHS 2022.  The survey collected data on school attendance for age 3-24 and educational attainment for age 3 and above. Data extracted on 25 February 2025.,This data point is NOT APPLICABLE for the submitting nation.,This data point is NOT APPLICABLE for the submitting nation.,0.0
2014,C,Kenya DHS 2014. The survey collected data on school attendance for age 3-24 and educational attainment for age 3 and above. Data extracted on 25 February 2025.,"Adjusted gender parity index for completion rate, by sex, location, wealth quintile and education level [4.5.1]",,,Urban,Quintile 3,Primary education,,Country Data,Kenya  DHS 2022.  The survey collected data on school attendance for age 3-24 and educational attainment for age 3 and above. Data extracted on 25 February 2025.,,This data point is NOT APPLICABLE for the submitting nation.,1.01964
2022,C,Kenya  DHS 2022.  The survey collected data on school attendance for age 3-24 and educational attainment for age 3 and above. Data extracted on 25 February 2025.,"Adjusted gender parity index for completion rate, by sex, location, wealth quintile and education level [4.5.1]",,,Urban,Quintile 3,Primary education,,Country Data,Kenya  DHS 2022.  The survey collected data on school attendance for age 3-24 and educational attainment for age 3 and above. Data extracted on 25 February 2025.,,This data point is NOT APPLICABLE for the submitting nation.,0.97947
2003,C,Kenya DHS 2003. The survey collected data on school attendance for age 4-24 and educational attainment for age 4 and above. Data extracted on 25 February 2025.,"Adjusted gender parity index for completion rate, by sex, location, wealth quintile and education level [4.5.1]",,,Urban,Quintile 3,Lower secondary education,,Country Data,Kenya  DHS 2022.  The survey collected data on school attendance for age 3-24 and educational attainment for age 3 and above. Data extracted on 25 February 2025.,This data point is NOT APPLICABLE for the submitting nation.,This data point is NOT APPLICABLE for the submitting nation.,0.0
2008,C,Kenya DHS 2008-09. The survey collected data on school attendance for age 4-24 and educational attainment for age 4 and above. Data extracted on 25 February 2025.,"Adjusted gender parity index for completion rate, by sex, location, wealth quintile and education level [4.5.1]",,,Urban,Quintile 3,Lower secondary education,,Country Data,Kenya  DHS 2022.  The survey collected data on school attendance for age 3-24 and educational attainment for age 3 and above. Data extracted on 25 February 2025.,This data point is NOT APPLICABLE for the submitting nation.,This data point is NOT APPLICABLE for the submitting nation.,0.0
2014,C,Kenya DHS 2014. The survey collected data on school attendance for age 3-24 and educational attainment for age 3 and above. Data extracted on 25 February 2025.,"Adjusted gender parity index for completion rate, by sex, location, wealth quintile and education level [4.5.1]",,,Urban,Quintile 3,Lower secondary education,,Country Data,Kenya  DHS 2022.  The survey collected data on school attendance for age 3-24 and educational attainment for age 3 and above. Data extracted on 25 February 2025.,,This data point is NOT APPLICABLE for the submitting nation.,1.03345
2022,C,Kenya  DHS 2022.  The survey collected data on school attendance for age 3-24 and educational attainment for age 3 and above. Data extracted on 25 February 2025.,"Adjusted gender parity index for completion rate, by sex, location, wealth quintile and education level [4.5.1]",,,Urban,Quintile 3,Lower secondary education,,Country Data,Kenya  DHS 2022.  The survey collected data on school attendance for age 3-24 and educational attainment for age 3 and above. Data extracted on 25 February 2025.,,This data point is NOT APPLICABLE for the submitting nation.,1.08725
2003,C,Kenya DHS 2003. The survey collected data on school attendance for age 4-24 and educational attainment for age 4 and above. Data extracted on 25 February 2025.,"Adjusted gender parity index for completion rate, by sex, location, wealth quintile and education level [4.5.1]",,,Urban,Quintile 3,Upper secondary education,,Country Data,Kenya  DHS 2022.  The survey collected data on school attendance for age 3-24 and educational attainment for age 3 and above. Data extracted on 25 February 2025.,This data point is NOT APPLICABLE for the submitting nation.,This data point is NOT APPLICABLE for the submitting nation.,0.0
2008,C,Kenya DHS 2008-09. The survey collected data on school attendance for age 4-24 and educational attainment for age 4 and above. Data extracted on 25 February 2025.,"Adjusted gender parity index for completion rate, by sex, location, wealth quintile and education level [4.5.1]",,,Urban,Quintile 3,Upper secondary education,,Country Data,Kenya  DHS 2022.  The survey collected data on school attendance for age 3-24 and educational attainment for age 3 and above. Data extracted on 25 February 2025.,This data point is NOT APPLICABLE for the submitting nation.,This data point is NOT APPLICABLE for the submitting nation.,0.0
2014,C,Kenya DHS 2014. The survey collected data on school attendance for age 3-24 and educational attainment for age 3 and above. Data extracted on 25 February 2025.,"Adjusted gender parity index for completion rate, by sex, location, wealth quintile and education level [4.5.1]",,,Urban,Quintile 3,Upper secondary education,,Country Data,Kenya  DHS 2022.  The survey collected data on school attendance for age 3-24 and educational attainment for age 3 and above. Data extracted on 25 February 2025.,,This data point is NOT APPLICABLE for the submitting nation.,0.93734
2022,C,Kenya  DHS 2022.  The survey collected data on school attendance for age 3-24 and educational attainment for age 3 and above. Data extracted on 25 February 2025.,"Adjusted gender parity index for completion rate, by sex, location, wealth quintile and education level [4.5.1]",,,Urban,Quintile 3,Upper secondary education,,Country Data,Kenya  DHS 2022.  The survey collected data on school attendance for age 3-24 and educational attainment for age 3 and above. Data extracted on 25 February 2025.,,This data point is NOT APPLICABLE for the submitting nation.,0.95935
2003,C,Kenya DHS 2003. The survey collected data on school attendance for age 4-24 and educational attainment for age 4 and above. Data extracted on 25 February 2025.,"Adjusted gender parity index for completion rate, by sex, location, wealth quintile and education level [4.5.1]",,,Urban,Quintile 4,Primary education,,Country Data,Kenya  DHS 2022.  The survey collected data on school attendance for age 3-24 and educational attainment for age 3 and above. Data extracted on 25 February 2025.,,,0.85139
2008,C,Kenya DHS 2008-09. The survey collected data on school attendance for age 4-24 and educational attainment for age 4 and above. Data extracted on 25 February 2025.,"Adjusted gender parity index for completion rate, by sex, location, wealth quintile and education level [4.5.1]",,,Urban,Quintile 4,Primary education,,Country Data,Kenya  DHS 2022.  The survey collected data on school attendance for age 3-24 and educational attainment for age 3 and above. Data extracted on 25 February 2025.,,,1.06033
2014,C,Kenya DHS 2014. The survey collected data on school attendance for age 3-24 and educational attainment for age 3 and above. Data extracted on 25 February 2025.,"Adjusted gender parity index for completion rate, by sex, location, wealth quintile and education level [4.5.1]",,,Urban,Quintile 4,Primary education,,Country Data,Kenya  DHS 2022.  The survey collected data on school attendance for age 3-24 and educational attainment for age 3 and above. Data extracted on 25 February 2025.,,,1.03878
2022,C,Kenya  DHS 2022.  The survey collected data on school attendance for age 3-24 and educational attainment for age 3 and above. Data extracted on 25 February 2025.,"Adjusted gender parity index for completion rate, by sex, location, wealth quintile and education level [4.5.1]",,,Urban,Quintile 4,Primary education,,Country Data,Kenya  DHS 2022.  The survey collected data on school attendance for age 3-24 and educational attainment for age 3 and above. Data extracted on 25 February 2025.,,,1.00173
2003,C,Kenya DHS 2003. The survey collected data on school attendance for age 4-24 and educational attainment for age 4 and above. Data extracted on 25 February 2025.,"Adjusted gender parity index for completion rate, by sex, location, wealth quintile and education level [4.5.1]",,,Urban,Quintile 4,Lower secondary education,,Country Data,Kenya  DHS 2022.  The survey collected data on school attendance for age 3-24 and educational attainment for age 3 and above. Data extracted on 25 February 2025.,,,0.93713
2008,C,Kenya DHS 2008-09. The survey collected data on school attendance for age 4-24 and educational attainment for age 4 and above. Data extracted on 25 February 2025.,"Adjusted gender parity index for completion rate, by sex, location, wealth quintile and education level [4.5.1]",,,Urban,Quintile 4,Lower secondary education,,Country Data,Kenya  DHS 2022.  The survey collected data on school attendance for age 3-24 and educational attainment for age 3 and above. Data extracted on 25 February 2025.,,,1.09487
2014,C,Kenya DHS 2014. The survey collected data on school attendance for age 3-24 and educational attainment for age 3 and above. Data extracted on 25 February 2025.,"Adjusted gender parity index for completion rate, by sex, location, wealth quintile and education level [4.5.1]",,,Urban,Quintile 4,Lower secondary education,,Country Data,Kenya  DHS 2022.  The survey collected data on school attendance for age 3-24 and educational attainment for age 3 and above. Data extracted on 25 February 2025.,,,1.09236
2022,C,Kenya  DHS 2022.  The survey collected data on school attendance for age 3-24 and educational attainment for age 3 and above. Data extracted on 25 February 2025.,"Adjusted gender parity index for completion rate, by sex, location, wealth quintile and education level [4.5.1]",,,Urban,Quintile 4,Lower secondary education,,Country Data,Kenya  DHS 2022.  The survey collected data on school attendance for age 3-24 and educational attainment for age 3 and above. Data extracted on 25 February 2025.,,,1.00396
2003,C,Kenya DHS 2003. The survey collected data on school attendance for age 4-24 and educational attainment for age 4 and above. Data extracted on 25 February 2025.,"Adjusted gender parity index for completion rate, by sex, location, wealth quintile and education level [4.5.1]",,,Urban,Quintile 4,Upper secondary education,,Country Data,Kenya  DHS 2022.  The survey collected data on school attendance for age 3-24 and educational attainment for age 3 and above. Data extracted on 25 February 2025.,,,1.21682
2008,C,Kenya DHS 2008-09. The survey collected data on school attendance for age 4-24 and educational attainment for age 4 and above. Data extracted on 25 February 2025.,"Adjusted gender parity index for completion rate, by sex, location, wealth quintile and education level [4.5.1]",,,Urban,Quintile 4,Upper secondary education,,Country Data,Kenya  DHS 2022.  The survey collected data on school attendance for age 3-24 and educational attainment for age 3 and above. Data extracted on 25 February 2025.,,,0.74955
2014,C,Kenya DHS 2014. The survey collected data on school attendance for age 3-24 and educational attainment for age 3 and above. Data extracted on 25 February 2025.,"Adjusted gender parity index for completion rate, by sex, location, wealth quintile and education level [4.5.1]",,,Urban,Quintile 4,Upper secondary education,,Country Data,Kenya  DHS 2022.  The survey collected data on school attendance for age 3-24 and educational attainment for age 3 and above. Data extracted on 25 February 2025.,,,0.93823
2022,C,Kenya  DHS 2022.  The survey collected data on school attendance for age 3-24 and educational attainment for age 3 and above. Data extracted on 25 February 2025.,"Adjusted gender parity index for completion rate, by sex, location, wealth quintile and education level [4.5.1]",,,Urban,Quintile 4,Upper secondary education,,Country Data,Kenya  DHS 2022.  The survey collected data on school attendance for age 3-24 and educational attainment for age 3 and above. Data extracted on 25 February 2025.,,,0.95185
2003,C,Kenya DHS 2003. The survey collected data on school attendance for age 4-24 and educational attainment for age 4 and above. Data extracted on 25 February 2025.,"Adjusted gender parity index for completion rate, by sex, location, wealth quintile and education level [4.5.1]",,,Urban,Quintile 5 (richest),Primary education,,Country Data,Kenya  DHS 2022.  The survey collected data on school attendance for age 3-24 and educational attainment for age 3 and above. Data extracted on 25 February 2025.,,,1.0542
2008,C,Kenya DHS 2008-09. The survey collected data on school attendance for age 4-24 and educational attainment for age 4 and above. Data extracted on 25 February 2025.,"Adjusted gender parity index for completion rate, by sex, location, wealth quintile and education level [4.5.1]",,,Urban,Quintile 5 (richest),Primary education,,Country Data,Kenya  DHS 2022.  The survey collected data on school attendance for age 3-24 and educational attainment for age 3 and above. Data extracted on 25 February 2025.,,,1.07599
2014,C,Kenya DHS 2014. The survey collected data on school attendance for age 3-24 and educational attainment for age 3 and above. Data extracted on 25 February 2025.,"Adjusted gender parity index for completion rate, by sex, location, wealth quintile and education level [4.5.1]",,,Urban,Quintile 5 (richest),Primary education,,Country Data,Kenya  DHS 2022.  The survey collected data on school attendance for age 3-24 and educational attainment for age 3 and above. Data extracted on 25 February 2025.,,,1.00104
2022,C,Kenya  DHS 2022.  The survey collected data on school attendance for age 3-24 and educational attainment for age 3 and above. Data extracted on 25 February 2025.,"Adjusted gender parity index for completion rate, by sex, location, wealth quintile and education level [4.5.1]",,,Urban,Quintile 5 (richest),Primary education,,Country Data,Kenya  DHS 2022.  The survey collected data on school attendance for age 3-24 and educational attainment for age 3 and above. Data extracted on 25 February 2025.,,,1.03743
2003,C,Kenya DHS 2003. The survey collected data on school attendance for age 4-24 and educational attainment for age 4 and above. Data extracted on 25 February 2025.,"Adjusted gender parity index for completion rate, by sex, location, wealth quintile and education level [4.5.1]",,,Urban,Quintile 5 (richest),Lower secondary education,,Country Data,Kenya  DHS 2022.  The survey collected data on school attendance for age 3-24 and educational attainment for age 3 and above. Data extracted on 25 February 2025.,,,1.07431
2008,C,Kenya DHS 2008-09. The survey collected data on school attendance for age 4-24 and educational attainment for age 4 and above. Data extracted on 25 February 2025.,"Adjusted gender parity index for completion rate, by sex, location, wealth quintile and education level [4.5.1]",,,Urban,Quintile 5 (richest),Lower secondary education,,Country Data,Kenya  DHS 2022.  The survey collected data on school attendance for age 3-24 and educational attainment for age 3 and above. Data extracted on 25 February 2025.,,,0.9988
2014,C,Kenya DHS 2014. The survey collected data on school attendance for age 3-24 and educational attainment for age 3 and above. Data extracted on 25 February 2025.,"Adjusted gender parity index for completion rate, by sex, location, wealth quintile and education level [4.5.1]",,,Urban,Quintile 5 (richest),Lower secondary education,,Country Data,Kenya  DHS 2022.  The survey collected data on school attendance for age 3-24 and educational attainment for age 3 and above. Data extracted on 25 February 2025.,,,0.97442
2022,C,Kenya  DHS 2022.  The survey collected data on school attendance for age 3-24 and educational attainment for age 3 and above. Data extracted on 25 February 2025.,"Adjusted gender parity index for completion rate, by sex, location, wealth quintile and education level [4.5.1]",,,Urban,Quintile 5 (richest),Lower secondary education,,Country Data,Kenya  DHS 2022.  The survey collected data on school attendance for age 3-24 and educational attainment for age 3 and above. Data extracted on 25 February 2025.,,,1.01436
2003,C,Kenya DHS 2003. The survey collected data on school attendance for age 4-24 and educational attainment for age 4 and above. Data extracted on 25 February 2025.,"Adjusted gender parity index for completion rate, by sex, location, wealth quintile and education level [4.5.1]",,,Urban,Quintile 5 (richest),Upper secondary education,,Country Data,Kenya  DHS 2022.  The survey collected data on school attendance for age 3-24 and educational attainment for age 3 and above. Data extracted on 25 February 2025.,,,0.82658
2008,C,Kenya DHS 2008-09. The survey collected data on school attendance for age 4-24 and educational attainment for age 4 and above. Data extracted on 25 February 2025.,"Adjusted gender parity index for completion rate, by sex, location, wealth quintile and education level [4.5.1]",,,Urban,Quintile 5 (richest),Upper secondary education,,Country Data,Kenya  DHS 2022.  The survey collected data on school attendance for age 3-24 and educational attainment for age 3 and above. Data extracted on 25 February 2025.,,,0.9746
2014,C,Kenya DHS 2014. The survey collected data on school attendance for age 3-24 and educational attainment for age 3 and above. Data extracted on 25 February 2025.,"Adjusted gender parity index for completion rate, by sex, location, wealth quintile and education level [4.5.1]",,,Urban,Quintile 5 (richest),Upper secondary education,,Country Data,Kenya  DHS 2022.  The survey collected data on school attendance for age 3-24 and educational attainment for age 3 and above. Data extracted on 25 February 2025.,,,0.84953
2022,C,Kenya  DHS 2022.  The survey collected data on school attendance for age 3-24 and educational attainment for age 3 and above. Data extracted on 25 February 2025.,"Adjusted gender parity index for completion rate, by sex, location, wealth quintile and education level [4.5.1]",,,Urban,Quintile 5 (richest),Upper secondary education,,Country Data,Kenya  DHS 2022.  The survey collected data on school attendance for age 3-24 and educational attainment for age 3 and above. Data extracted on 25 February 2025.,,,0.89689
2000,C,Kenya MICS 2000 (GEMR). Data extracted on 25 February 2025.,"Adjusted location parity index for completion rate, by sex, location, wealth quintile and education level [4.5.1]",,,,,Primary education,,Country Data,Kenya  DHS 2022.  The survey collected data on school attendance for age 3-24 and educational attainment for age 3 and above. Data extracted on 25 February 2025.,,,0.71903
2003,C,Kenya DHS 2003. The survey collected data on school attendance for age 4-24 and educational attainment for age 4 and above. Data extracted on 25 February 2025.,"Adjusted location parity index for completion rate, by sex, location, wealth quintile and education level [4.5.1]",,,,,Primary education,,Country Data,Kenya  DHS 2022.  The survey collected data on school attendance for age 3-24 and educational attainment for age 3 and above. Data extracted on 25 February 2025.,,,0.73591
2008,C,Kenya DHS 2008-09. The survey collected data on school attendance for age 4-24 and educational attainment for age 4 and above. Data extracted on 25 February 2025.,"Adjusted location parity index for completion rate, by sex, location, wealth quintile and education level [4.5.1]",,,,,Primary education,,Country Data,Kenya  DHS 2022.  The survey collected data on school attendance for age 3-24 and educational attainment for age 3 and above. Data extracted on 25 February 2025.,,,0.88265
2009,C,"Kenya Population and Housing Census 2009. IPUMS-International, National Bureau of Statistics. Data extracted on 25 February 2025.","Adjusted location parity index for completion rate, by sex, location, wealth quintile and education level [4.5.1]",,,,,Primary education,,Country Data,Kenya  DHS 2022.  The survey collected data on school attendance for age 3-24 and educational attainment for age 3 and above. Data extracted on 25 February 2025.,,,0.69619
2014,C,Kenya DHS 2014. The survey collected data on school attendance for age 3-24 and educational attainment for age 3 and above. Data extracted on 25 February 2025.,"Adjusted location parity index for completion rate, by sex, location, wealth quintile and education level [4.5.1]",,,,,Primary education,,Country Data,Kenya  DHS 2022.  The survey collected data on school attendance for age 3-24 and educational attainment for age 3 and above. Data extracted on 25 February 2025.,,,0.88234
2019,C,Kenya Continuous Household Survey Programme (KCHSP) 2019. The survey collected data on school attendance and attainment for age 3 and above. Data extracted on 25 February 2025.,"Adjusted location parity index for completion rate, by sex, location, wealth quintile and education level [4.5.1]",,,,,Primary education,,Country Data,Kenya  DHS 2022.  The survey collected data on school attendance for age 3-24 and educational attainment for age 3 and above. Data extracted on 25 February 2025.,,,0.88386
2020,C,Kenya Continuous Household Survey Programme (KCHSP) 2020. The survey collected data on school attendance and attainment for age 3 and above. Data extracted on 25 February 2025.,"Adjusted location parity index for completion rate, by sex, location, wealth quintile and education level [4.5.1]",,,,,Primary education,,Country Data,Kenya  DHS 2022.  The survey collected data on school attendance for age 3-24 and educational attainment for age 3 and above. Data extracted on 25 February 2025.,,,0.84562
2022,C,Kenya  DHS 2022.  The survey collected data on school attendance for age 3-24 and educational attainment for age 3 and above. Data extracted on 25 February 2025.,"Adjusted location parity index for completion rate, by sex, location, wealth quintile and education level [4.5.1]",,,,,Primary education,,Country Data,Kenya  DHS 2022.  The survey collected data on school attendance for age 3-24 and educational attainment for age 3 and above. Data extracted on 25 February 2025.,,,0.98167
2000,C,Kenya MICS 2000 (GEMR). Data extracted on 25 February 2025.,"Adjusted location parity index for completion rate, by sex, location, wealth quintile and education level [4.5.1]",,,,,Lower secondary education,,Country Data,Kenya  DHS 2022.  The survey collected data on school attendance for age 3-24 and educational attainment for age 3 and above. Data extracted on 25 February 2025.,,,0.52225
2003,C,Kenya DHS 2003. The survey collected data on school attendance for age 4-24 and educational attainment for age 4 and above. Data extracted on 25 February 2025.,"Adjusted location parity index for completion rate, by sex, location, wealth quintile and education level [4.5.1]",,,,,Lower secondary education,,Country Data,Kenya  DHS 2022.  The survey collected data on school attendance for age 3-24 and educational attainment for age 3 and above. Data extracted on 25 February 2025.,,,0.51592
2008,C,Kenya DHS 2008-09. The survey collected data on school attendance for age 4-24 and educational attainment for age 4 and above. Data extracted on 25 February 2025.,"Adjusted location parity index for completion rate, by sex, location, wealth quintile and education level [4.5.1]",,,,,Lower secondary education,,Country Data,Kenya  DHS 2022.  The survey collected data on school attendance for age 3-24 and educational attainment for age 3 and above. Data extracted on 25 February 2025.,,,0.75315
2009,C,"Kenya Population and Housing Census 2009. IPUMS-International, National Bureau of Statistics. Data extracted on 25 February 2025.","Adjusted location parity index for completion rate, by sex, location, wealth quintile and education level [4.5.1]",,,,,Lower secondary education,,Country Data,Kenya  DHS 2022.  The survey collected data on school attendance for age 3-24 and educational attainment for age 3 and above. Data extracted on 25 February 2025.,,,0.59267
2014,C,Kenya DHS 2014. The survey collected data on school attendance for age 3-24 and educational attainment for age 3 and above. Data extracted on 25 February 2025.,"Adjusted location parity index for completion rate, by sex, location, wealth quintile and education level [4.5.1]",,,,,Lower secondary education,,Country Data,Kenya  DHS 2022.  The survey collected data on school attendance for age 3-24 and educational attainment for age 3 and above. Data extracted on 25 February 2025.,,,0.78252
2019,C,Kenya Continuous Household Survey Programme (KCHSP) 2019. The survey collected data on school attendance and attainment for age 3 and above. Data extracted on 25 February 2025.,"Adjusted location parity index for completion rate, by sex, location, wealth quintile and education level [4.5.1]",,,,,Lower secondary education,,Country Data,Kenya  DHS 2022.  The survey collected data on school attendance for age 3-24 and educational attainment for age 3 and above. Data extracted on 25 February 2025.,,,0.82306
2020,C,Kenya Continuous Household Survey Programme (KCHSP) 2020. The survey collected data on school attendance and attainment for age 3 and above. Data extracted on 25 February 2025.,"Adjusted location parity index for completion rate, by sex, location, wealth quintile and education level [4.5.1]",,,,,Lower secondary education,,Country Data,Kenya  DHS 2022.  The survey collected data on school attendance for age 3-24 and educational attainment for age 3 and above. Data extracted on 25 February 2025.,,,0.81439
2022,C,Kenya  DHS 2022.  The survey collected data on school attendance for age 3-24 and educational attainment for age 3 and above. Data extracted on 25 February 2025.,"Adjusted location parity index for completion rate, by sex, location, wealth quintile and education level [4.5.1]",,,,,Lower secondary education,,Country Data,Kenya  DHS 2022.  The survey collected data on school attendance for age 3-24 and educational attainment for age 3 and above. Data extracted on 25 February 2025.,,,0.89506
2000,C,Kenya MICS 2000 (GEMR). Data extracted on 25 February 2025.,"Adjusted location parity index for completion rate, by sex, location, wealth quintile and education level [4.5.1]",,,,,Upper secondary education,,Country Data,Kenya  DHS 2022.  The survey collected data on school attendance for age 3-24 and educational attainment for age 3 and above. Data extracted on 25 February 2025.,,,0.48735
2003,C,Kenya DHS 2003. The survey collected data on school attendance for age 4-24 and educational attainment for age 4 and above. Data extracted on 25 February 2025.,"Adjusted location parity index for completion rate, by sex, location, wealth quintile and education level [4.5.1]",,,,,Upper secondary education,,Country Data,Kenya  DHS 2022.  The survey collected data on school attendance for age 3-24 and educational attainment for age 3 and above. Data extracted on 25 February 2025.,,,0.45322
2008,C,Kenya DHS 2008-09. The survey collected data on school attendance for age 4-24 and educational attainment for age 4 and above. Data extracted on 25 February 2025.,"Adjusted location parity index for completion rate, by sex, location, wealth quintile and education level [4.5.1]",,,,,Upper secondary education,,Country Data,Kenya  DHS 2022.  The survey collected data on school attendance for age 3-24 and educational attainment for age 3 and above. Data extracted on 25 February 2025.,,,0.43208
2009,C,"Kenya Population and Housing Census 2009. IPUMS-International, National Bureau of Statistics. Data extracted on 25 February 2025.","Adjusted location parity index for completion rate, by sex, location, wealth quintile and education level [4.5.1]",,,,,Upper secondary education,,Country Data,Kenya  DHS 2022.  The survey collected data on school attendance for age 3-24 and educational attainment for age 3 and above. Data extracted on 25 February 2025.,,,0.40647
2014,C,Kenya DHS 2014. The survey collected data on school attendance for age 3-24 and educational attainment for age 3 and above. Data extracted on 25 February 2025.,"Adjusted location parity index for completion rate, by sex, location, wealth quintile and education level [4.5.1]",,,,,Upper secondary education,,Country Data,Kenya  DHS 2022.  The survey collected data on school attendance for age 3-24 and educational attainment for age 3 and above. Data extracted on 25 February 2025.,,,0.52137
2019,C,Kenya Continuous Household Survey Programme (KCHSP) 2019. The survey collected data on school attendance and attainment for age 3 and above. Data extracted on 25 February 2025.,"Adjusted location parity index for completion rate, by sex, location, wealth quintile and education level [4.5.1]",,,,,Upper secondary education,,Country Data,Kenya  DHS 2022.  The survey collected data on school attendance for age 3-24 and educational attainment for age 3 and above. Data extracted on 25 February 2025.,,,0.61875
2020,C,Kenya Continuous Household Survey Programme (KCHSP) 2020. The survey collected data on school attendance and attainment for age 3 and above. Data extracted on 25 February 2025.,"Adjusted location parity index for completion rate, by sex, location, wealth quintile and education level [4.5.1]",,,,,Upper secondary education,,Country Data,Kenya  DHS 2022.  The survey collected data on school attendance for age 3-24 and educational attainment for age 3 and above. Data extracted on 25 February 2025.,,,0.58893
2022,C,Kenya  DHS 2022.  The survey collected data on school attendance for age 3-24 and educational attainment for age 3 and above. Data extracted on 25 February 2025.,"Adjusted location parity index for completion rate, by sex, location, wealth quintile and education level [4.5.1]",,,,,Upper secondary education,,Country Data,Kenya  DHS 2022.  The survey collected data on school attendance for age 3-24 and educational attainment for age 3 and above. Data extracted on 25 February 2025.,,,0.6344
2003,C,Kenya DHS 2003. The survey collected data on school attendance for age 4-24 and educational attainment for age 4 and above. Data extracted on 25 February 2025.,"Adjusted location parity index for completion rate, by sex, location, wealth quintile and education level [4.5.1]",,,,Quintile 1 (poorest),Primary education,,Country Data,Kenya  DHS 2022.  The survey collected data on school attendance for age 3-24 and educational attainment for age 3 and above. Data extracted on 25 February 2025.,,This data point is NOT APPLICABLE for the submitting nation.,1.05481
2008,C,Kenya DHS 2008-09. The survey collected data on school attendance for age 4-24 and educational attainment for age 4 and above. Data extracted on 25 February 2025.,"Adjusted location parity index for completion rate, by sex, location, wealth quintile and education level [4.5.1]",,,,Quintile 1 (poorest),Primary education,,Country Data,Kenya  DHS 2022.  The survey collected data on school attendance for age 3-24 and educational attainment for age 3 and above. Data extracted on 25 February 2025.,This data point is NOT APPLICABLE for the submitting nation.,This data point is NOT APPLICABLE for the submitting nation.,0.0
2014,C,Kenya DHS 2014. The survey collected data on school attendance for age 3-24 and educational attainment for age 3 and above. Data extracted on 25 February 2025.,"Adjusted location parity index for completion rate, by sex, location, wealth quintile and education level [4.5.1]",,,,Quintile 1 (poorest),Primary education,,Country Data,Kenya  DHS 2022.  The survey collected data on school attendance for age 3-24 and educational attainment for age 3 and above. Data extracted on 25 February 2025.,,This data point is NOT APPLICABLE for the submitting nation.,0.79615
2022,C,Kenya  DHS 2022.  The survey collected data on school attendance for age 3-24 and educational attainment for age 3 and above. Data extracted on 25 February 2025.,"Adjusted location parity index for completion rate, by sex, location, wealth quintile and education level [4.5.1]",,,,Quintile 1 (poorest),Primary education,,Country Data,Kenya  DHS 2022.  The survey collected data on school attendance for age 3-24 and educational attainment for age 3 and above. Data extracted on 25 February 2025.,,This data point is NOT APPLICABLE for the submitting nation.,1.12165
2003,C,Kenya DHS 2003. The survey collected data on school attendance for age 4-24 and educational attainment for age 4 and above. Data extracted on 25 February 2025.,"Adjusted location parity index for completion rate, by sex, location, wealth quintile and education level [4.5.1]",,,,Quintile 1 (poorest),Lower secondary education,,Country Data,Kenya  DHS 2022.  The survey collected data on school attendance for age 3-24 and educational attainment for age 3 and above. Data extracted on 25 February 2025.,,This data point is NOT APPLICABLE for the submitting nation.,0.62508
2008,C,Kenya DHS 2008-09. The survey collected data on school attendance for age 4-24 and educational attainment for age 4 and above. Data extracted on 25 February 2025.,"Adjusted location parity index for completion rate, by sex, location, wealth quintile and education level [4.5.1]",,,,Quintile 1 (poorest),Lower secondary education,,Country Data,Kenya  DHS 2022.  The survey collected data on school attendance for age 3-24 and educational attainment for age 3 and above. Data extracted on 25 February 2025.,This data point is NOT APPLICABLE for the submitting nation.,This data point is NOT APPLICABLE for the submitting nation.,0.0
2014,C,Kenya DHS 2014. The survey collected data on school attendance for age 3-24 and educational attainment for age 3 and above. Data extracted on 25 February 2025.,"Adjusted location parity index for completion rate, by sex, location, wealth quintile and education level [4.5.1]",,,,Quintile 1 (poorest),Lower secondary education,,Country Data,Kenya  DHS 2022.  The survey collected data on school attendance for age 3-24 and educational attainment for age 3 and above. Data extracted on 25 February 2025.,,This data point is NOT APPLICABLE for the submitting nation.,0.7963
2022,C,Kenya  DHS 2022.  The survey collected data on school attendance for age 3-24 and educational attainment for age 3 and above. Data extracted on 25 February 2025.,"Adjusted location parity index for completion rate, by sex, location, wealth quintile and education level [4.5.1]",,,,Quintile 1 (poorest),Lower secondary education,,Country Data,Kenya  DHS 2022.  The survey collected data on school attendance for age 3-24 and educational attainment for age 3 and above. Data extracted on 25 February 2025.,,This data point is NOT APPLICABLE for the submitting nation.,1.1183
2003,C,Kenya DHS 2003. The survey collected data on school attendance for age 4-24 and educational attainment for age 4 and above. Data extracted on 25 February 2025.,"Adjusted location parity index for completion rate, by sex, location, wealth quintile and education level [4.5.1]",,,,Quintile 1 (poorest),Upper secondary education,,Country Data,Kenya  DHS 2022.  The survey collected data on school attendance for age 3-24 and educational attainment for age 3 and above. Data extracted on 25 February 2025.,This data point is NOT APPLICABLE for the submitting nation.,This data point is NOT APPLICABLE for the submitting nation.,0.0
2008,C,Kenya DHS 2008-09. The survey collected data on school attendance for age 4-24 and educational attainment for age 4 and above. Data extracted on 25 February 2025.,"Adjusted location parity index for completion rate, by sex, location, wealth quintile and education level [4.5.1]",,,,Quintile 1 (poorest),Upper secondary education,,Country Data,Kenya  DHS 2022.  The survey collected data on school attendance for age 3-24 and educational attainment for age 3 and above. Data extracted on 25 February 2025.,This data point is NOT APPLICABLE for the submitting nation.,This data point is NOT APPLICABLE for the submitting nation.,0.0
2014,C,Kenya DHS 2014. The survey collected data on school attendance for age 3-24 and educational attainment for age 3 and above. Data extracted on 25 February 2025.,"Adjusted location parity index for completion rate, by sex, location, wealth quintile and education level [4.5.1]",,,,Quintile 1 (poorest),Upper secondary education,,Country Data,Kenya  DHS 2022.  The survey collected data on school attendance for age 3-24 and educational attainment for age 3 and above. Data extracted on 25 February 2025.,,This data point is NOT APPLICABLE for the submitting nation.,1.09231
2022,C,Kenya  DHS 2022.  The survey collected data on school attendance for age 3-24 and educational attainment for age 3 and above. Data extracted on 25 February 2025.,"Adjusted location parity index for completion rate, by sex, location, wealth quintile and education level [4.5.1]",,,,Quintile 1 (poorest),Upper secondary education,,Country Data,Kenya  DHS 2022.  The survey collected data on school attendance for age 3-24 and educational attainment for age 3 and above. Data extracted on 25 February 2025.,,This data point is NOT APPLICABLE for the submitting nation.,0.69524
2003,C,Kenya DHS 2003. The survey collected data on school attendance for age 4-24 and educational attainment for age 4 and above. Data extracted on 25 February 2025.,"Adjusted location parity index for completion rate, by sex, location, wealth quintile and education level [4.5.1]",,,,Quintile 2,Primary education,,Country Data,Kenya  DHS 2022.  The survey collected data on school attendance for age 3-24 and educational attainment for age 3 and above. Data extracted on 25 February 2025.,,,0.74066
2008,C,Kenya DHS 2008-09. The survey collected data on school attendance for age 4-24 and educational attainment for age 4 and above. Data extracted on 25 February 2025.,"Adjusted location parity index for completion rate, by sex, location, wealth quintile and education level [4.5.1]",,,,Quintile 2,Primary education,,Country Data,Kenya  DHS 2022.  The survey collected data on school attendance for age 3-24 and educational attainment for age 3 and above. Data extracted on 25 February 2025.,,,1.1473
2014,C,Kenya DHS 2014. The survey collected data on school attendance for age 3-24 and educational attainment for age 3 and above. Data extracted on 25 February 2025.,"Adjusted location parity index for completion rate, by sex, location, wealth quintile and education level [4.5.1]",,,,Quintile 2,Primary education,,Country Data,Kenya  DHS 2022.  The survey collected data on school attendance for age 3-24 and educational attainment for age 3 and above. Data extracted on 25 February 2025.,,,0.92367
2022,C,Kenya  DHS 2022.  The survey collected data on school attendance for age 3-24 and educational attainment for age 3 and above. Data extracted on 25 February 2025.,"Adjusted location parity index for completion rate, by sex, location, wealth quintile and education level [4.5.1]",,,,Quintile 2,Primary education,,Country Data,Kenya  DHS 2022.  The survey collected data on school attendance for age 3-24 and educational attainment for age 3 and above. Data extracted on 25 February 2025.,,,1.08745
2003,C,Kenya DHS 2003. The survey collected data on school attendance for age 4-24 and educational attainment for age 4 and above. Data extracted on 25 February 2025.,"Adjusted location parity index for completion rate, by sex, location, wealth quintile and education level [4.5.1]",,,,Quintile 2,Lower secondary education,,Country Data,Kenya  DHS 2022.  The survey collected data on school attendance for age 3-24 and educational attainment for age 3 and above. Data extracted on 25 February 2025.,,This data point is NOT APPLICABLE for the submitting nation.,0.50539
2008,C,Kenya DHS 2008-09. The survey collected data on school attendance for age 4-24 and educational attainment for age 4 and above. Data extracted on 25 February 2025.,"Adjusted location parity index for completion rate, by sex, location, wealth quintile and education level [4.5.1]",,,,Quintile 2,Lower secondary education,,Country Data,Kenya  DHS 2022.  The survey collected data on school attendance for age 3-24 and educational attainment for age 3 and above. Data extracted on 25 February 2025.,This data point is NOT APPLICABLE for the submitting nation.,This data point is NOT APPLICABLE for the submitting nation.,0.0
2014,C,Kenya DHS 2014. The survey collected data on school attendance for age 3-24 and educational attainment for age 3 and above. Data extracted on 25 February 2025.,"Adjusted location parity index for completion rate, by sex, location, wealth quintile and education level [4.5.1]",,,,Quintile 2,Lower secondary education,,Country Data,Kenya  DHS 2022.  The survey collected data on school attendance for age 3-24 and educational attainment for age 3 and above. Data extracted on 25 February 2025.,,This data point is NOT APPLICABLE for the submitting nation.,0.88123
2022,C,Kenya  DHS 2022.  The survey collected data on school attendance for age 3-24 and educational attainment for age 3 and above. Data extracted on 25 February 2025.,"Adjusted location parity index for completion rate, by sex, location, wealth quintile and education level [4.5.1]",,,,Quintile 2,Lower secondary education,,Country Data,Kenya  DHS 2022.  The survey collected data on school attendance for age 3-24 and educational attainment for age 3 and above. Data extracted on 25 February 2025.,,This data point is NOT APPLICABLE for the submitting nation.,1.10626
2003,C,Kenya DHS 2003. The survey collected data on school attendance for age 4-24 and educational attainment for age 4 and above. Data extracted on 25 February 2025.,"Adjusted location parity index for completion rate, by sex, location, wealth quintile and education level [4.5.1]",,,,Quintile 2,Upper secondary education,,Country Data,Kenya  DHS 2022.  The survey collected data on school attendance for age 3-24 and educational attainment for age 3 and above. Data extracted on 25 February 2025.,This data point is NOT APPLICABLE for the submitting nation.,This data point is NOT APPLICABLE for the submitting nation.,0.0
2008,C,Kenya DHS 2008-09. The survey collected data on school attendance for age 4-24 and educational attainment for age 4 and above. Data extracted on 25 February 2025.,"Adjusted location parity index for completion rate, by sex, location, wealth quintile and education level [4.5.1]",,,,Quintile 2,Upper secondary education,,Country Data,Kenya  DHS 2022.  The survey collected data on school attendance for age 3-24 and educational attainment for age 3 and above. Data extracted on 25 February 2025.,This data point is NOT APPLICABLE for the submitting nation.,This data point is NOT APPLICABLE for the submitting nation.,0.0
2014,C,Kenya DHS 2014. The survey collected data on school attendance for age 3-24 and educational attainment for age 3 and above. Data extracted on 25 February 2025.,"Adjusted location parity index for completion rate, by sex, location, wealth quintile and education level [4.5.1]",,,,Quintile 2,Upper secondary education,,Country Data,Kenya  DHS 2022.  The survey collected data on school attendance for age 3-24 and educational attainment for age 3 and above. Data extracted on 25 February 2025.,,This data point is NOT APPLICABLE for the submitting nation.,0.83384
2022,C,Kenya  DHS 2022.  The survey collected data on school attendance for age 3-24 and educational attainment for age 3 and above. Data extracted on 25 February 2025.,"Adjusted location parity index for completion rate, by sex, location, wealth quintile and education level [4.5.1]",,,,Quintile 2,Upper secondary education,,Country Data,Kenya  DHS 2022.  The survey collected data on school attendance for age 3-24 and educational attainment for age 3 and above. Data extracted on 25 February 2025.,,This data point is NOT APPLICABLE for the submitting nation.,1.02235
2003,C,Kenya DHS 2003. The survey collected data on school attendance for age 4-24 and educational attainment for age 4 and above. Data extracted on 25 February 2025.,"Adjusted location parity index for completion rate, by sex, location, wealth quintile and education level [4.5.1]",,,,Quintile 3,Primary education,,Country Data,Kenya  DHS 2022.  The survey collected data on school attendance for age 3-24 and educational attainment for age 3 and above. Data extracted on 25 February 2025.,,,1.1646
2008,C,Kenya DHS 2008-09. The survey collected data on school attendance for age 4-24 and educational attainment for age 4 and above. Data extracted on 25 February 2025.,"Adjusted location parity index for completion rate, by sex, location, wealth quintile and education level [4.5.1]",,,,Quintile 3,Primary education,,Country Data,Kenya  DHS 2022.  The survey collected data on school attendance for age 3-24 and educational attainment for age 3 and above. Data extracted on 25 February 2025.,,,0.99166
2014,C,Kenya DHS 2014. The survey collected data on school attendance for age 3-24 and educational attainment for age 3 and above. Data extracted on 25 February 2025.,"Adjusted location parity index for completion rate, by sex, location, wealth quintile and education level [4.5.1]",,,,Quintile 3,Primary education,,Country Data,Kenya  DHS 2022.  The survey collected data on school attendance for age 3-24 and educational attainment for age 3 and above. Data extracted on 25 February 2025.,,,0.97017
2022,C,Kenya  DHS 2022.  The survey collected data on school attendance for age 3-24 and educational attainment for age 3 and above. Data extracted on 25 February 2025.,"Adjusted location parity index for completion rate, by sex, location, wealth quintile and education level [4.5.1]",,,,Quintile 3,Primary education,,Country Data,Kenya  DHS 2022.  The survey collected data on school attendance for age 3-24 and educational attainment for age 3 and above. Data extracted on 25 February 2025.,,,1.10561
2003,C,Kenya DHS 2003. The survey collected data on school attendance for age 4-24 and educational attainment for age 4 and above. Data extracted on 25 February 2025.,"Adjusted location parity index for completion rate, by sex, location, wealth quintile and education level [4.5.1]",,,,Quintile 3,Lower secondary education,,Country Data,Kenya  DHS 2022.  The survey collected data on school attendance for age 3-24 and educational attainment for age 3 and above. Data extracted on 25 February 2025.,,,0.95721
2008,C,Kenya DHS 2008-09. The survey collected data on school attendance for age 4-24 and educational attainment for age 4 and above. Data extracted on 25 February 2025.,"Adjusted location parity index for completion rate, by sex, location, wealth quintile and education level [4.5.1]",,,,Quintile 3,Lower secondary education,,Country Data,Kenya  DHS 2022.  The survey collected data on school attendance for age 3-24 and educational attainment for age 3 and above. Data extracted on 25 February 2025.,,,1.19919
2014,C,Kenya DHS 2014. The survey collected data on school attendance for age 3-24 and educational attainment for age 3 and above. Data extracted on 25 February 2025.,"Adjusted location parity index for completion rate, by sex, location, wealth quintile and education level [4.5.1]",,,,Quintile 3,Lower secondary education,,Country Data,Kenya  DHS 2022.  The survey collected data on school attendance for age 3-24 and educational attainment for age 3 and above. Data extracted on 25 February 2025.,,,1.02106
2022,C,Kenya  DHS 2022.  The survey collected data on school attendance for age 3-24 and educational attainment for age 3 and above. Data extracted on 25 February 2025.,"Adjusted location parity index for completion rate, by sex, location, wealth quintile and education level [4.5.1]",,,,Quintile 3,Lower secondary education,,Country Data,Kenya  DHS 2022.  The survey collected data on school attendance for age 3-24 and educational attainment for age 3 and above. Data extracted on 25 February 2025.,,,1.07027
2003,C,Kenya DHS 2003. The survey collected data on school attendance for age 4-24 and educational attainment for age 4 and above. Data extracted on 25 February 2025.,"Adjusted location parity index for completion rate, by sex, location, wealth quintile and education level [4.5.1]",,,,Quintile 3,Upper secondary education,,Country Data,Kenya  DHS 2022.  The survey collected data on school attendance for age 3-24 and educational attainment for age 3 and above. Data extracted on 25 February 2025.,,This data point is NOT APPLICABLE for the submitting nation.,0.61185
2008,C,Kenya DHS 2008-09. The survey collected data on school attendance for age 4-24 and educational attainment for age 4 and above. Data extracted on 25 February 2025.,"Adjusted location parity index for completion rate, by sex, location, wealth quintile and education level [4.5.1]",,,,Quintile 3,Upper secondary education,,Country Data,Kenya  DHS 2022.  The survey collected data on school attendance for age 3-24 and educational attainment for age 3 and above. Data extracted on 25 February 2025.,This data point is NOT APPLICABLE for the submitting nation.,This data point is NOT APPLICABLE for the submitting nation.,0.0
2014,C,Kenya DHS 2014. The survey collected data on school attendance for age 3-24 and educational attainment for age 3 and above. Data extracted on 25 February 2025.,"Adjusted location parity index for completion rate, by sex, location, wealth quintile and education level [4.5.1]",,,,Quintile 3,Upper secondary education,,Country Data,Kenya  DHS 2022.  The survey collected data on school attendance for age 3-24 and educational attainment for age 3 and above. Data extracted on 25 February 2025.,,This data point is NOT APPLICABLE for the submitting nation.,1.06225
2022,C,Kenya  DHS 2022.  The survey collected data on school attendance for age 3-24 and educational attainment for age 3 and above. Data extracted on 25 February 2025.,"Adjusted location parity index for completion rate, by sex, location, wealth quintile and education level [4.5.1]",,,,Quintile 3,Upper secondary education,,Country Data,Kenya  DHS 2022.  The survey collected data on school attendance for age 3-24 and educational attainment for age 3 and above. Data extracted on 25 February 2025.,,This data point is NOT APPLICABLE for the submitting nation.,1.18054
2003,C,Kenya DHS 2003. The survey collected data on school attendance for age 4-24 and educational attainment for age 4 and above. Data extracted on 25 February 2025.,"Adjusted location parity index for completion rate, by sex, location, wealth quintile and education level [4.5.1]",,,,Quintile 4,Primary education,,Country Data,Kenya  DHS 2022.  The survey collected data on school attendance for age 3-24 and educational attainment for age 3 and above. Data extracted on 25 February 2025.,,,1.13312
2008,C,Kenya DHS 2008-09. The survey collected data on school attendance for age 4-24 and educational attainment for age 4 and above. Data extracted on 25 February 2025.,"Adjusted location parity index for completion rate, by sex, location, wealth quintile and education level [4.5.1]",,,,Quintile 4,Primary education,,Country Data,Kenya  DHS 2022.  The survey collected data on school attendance for age 3-24 and educational attainment for age 3 and above. Data extracted on 25 February 2025.,,,1.07791
2014,C,Kenya DHS 2014. The survey collected data on school attendance for age 3-24 and educational attainment for age 3 and above. Data extracted on 25 February 2025.,"Adjusted location parity index for completion rate, by sex, location, wealth quintile and education level [4.5.1]",,,,Quintile 4,Primary education,,Country Data,Kenya  DHS 2022.  The survey collected data on school attendance for age 3-24 and educational attainment for age 3 and above. Data extracted on 25 February 2025.,,,1.03633
2022,C,Kenya  DHS 2022.  The survey collected data on school attendance for age 3-24 and educational attainment for age 3 and above. Data extracted on 25 February 2025.,"Adjusted location parity index for completion rate, by sex, location, wealth quintile and education level [4.5.1]",,,,Quintile 4,Primary education,,Country Data,Kenya  DHS 2022.  The survey collected data on school attendance for age 3-24 and educational attainment for age 3 and above. Data extracted on 25 February 2025.,,,1.03363
2003,C,Kenya DHS 2003. The survey collected data on school attendance for age 4-24 and educational attainment for age 4 and above. Data extracted on 25 February 2025.,"Adjusted location parity index for completion rate, by sex, location, wealth quintile and education level [4.5.1]",,,,Quintile 4,Lower secondary education,,Country Data,Kenya  DHS 2022.  The survey collected data on school attendance for age 3-24 and educational attainment for age 3 and above. Data extracted on 25 February 2025.,,,0.99071
2008,C,Kenya DHS 2008-09. The survey collected data on school attendance for age 4-24 and educational attainment for age 4 and above. Data extracted on 25 February 2025.,"Adjusted location parity index for completion rate, by sex, location, wealth quintile and education level [4.5.1]",,,,Quintile 4,Lower secondary education,,Country Data,Kenya  DHS 2022.  The survey collected data on school attendance for age 3-24 and educational attainment for age 3 and above. Data extracted on 25 February 2025.,,,1.13268
2014,C,Kenya DHS 2014. The survey collected data on school attendance for age 3-24 and educational attainment for age 3 and above. Data extracted on 25 February 2025.,"Adjusted location parity index for completion rate, by sex, location, wealth quintile and education level [4.5.1]",,,,Quintile 4,Lower secondary education,,Country Data,Kenya  DHS 2022.  The survey collected data on school attendance for age 3-24 and educational attainment for age 3 and above. Data extracted on 25 February 2025.,,,1.01146
2022,C,Kenya  DHS 2022.  The survey collected data on school attendance for age 3-24 and educational attainment for age 3 and above. Data extracted on 25 February 2025.,"Adjusted location parity index for completion rate, by sex, location, wealth quintile and education level [4.5.1]",,,,Quintile 4,Lower secondary education,,Country Data,Kenya  DHS 2022.  The survey collected data on school attendance for age 3-24 and educational attainment for age 3 and above. Data extracted on 25 February 2025.,,,0.9942
2003,C,Kenya DHS 2003. The survey collected data on school attendance for age 4-24 and educational attainment for age 4 and above. Data extracted on 25 February 2025.,"Adjusted location parity index for completion rate, by sex, location, wealth quintile and education level [4.5.1]",,,,Quintile 4,Upper secondary education,,Country Data,Kenya  DHS 2022.  The survey collected data on school attendance for age 3-24 and educational attainment for age 3 and above. Data extracted on 25 February 2025.,,,1.38303
2008,C,Kenya DHS 2008-09. The survey collected data on school attendance for age 4-24 and educational attainment for age 4 and above. Data extracted on 25 February 2025.,"Adjusted location parity index for completion rate, by sex, location, wealth quintile and education level [4.5.1]",,,,Quintile 4,Upper secondary education,,Country Data,Kenya  DHS 2022.  The survey collected data on school attendance for age 3-24 and educational attainment for age 3 and above. Data extracted on 25 February 2025.,,,1.43857
2014,C,Kenya DHS 2014. The survey collected data on school attendance for age 3-24 and educational attainment for age 3 and above. Data extracted on 25 February 2025.,"Adjusted location parity index for completion rate, by sex, location, wealth quintile and education level [4.5.1]",,,,Quintile 4,Upper secondary education,,Country Data,Kenya  DHS 2022.  The survey collected data on school attendance for age 3-24 and educational attainment for age 3 and above. Data extracted on 25 February 2025.,,,0.96544
2022,C,Kenya  DHS 2022.  The survey collected data on school attendance for age 3-24 and educational attainment for age 3 and above. Data extracted on 25 February 2025.,"Adjusted location parity index for completion rate, by sex, location, wealth quintile and education level [4.5.1]",,,,Quintile 4,Upper secondary education,,Country Data,Kenya  DHS 2022.  The survey collected data on school attendance for age 3-24 and educational attainment for age 3 and above. Data extracted on 25 February 2025.,,,1.024
2003,C,Kenya DHS 2003. The survey collected data on school attendance for age 4-24 and educational attainment for age 4 and above. Data extracted on 25 February 2025.,"Adjusted location parity index for completion rate, by sex, location, wealth quintile and education level [4.5.1]",,,,Quintile 5 (richest),Primary education,,Country Data,Kenya  DHS 2022.  The survey collected data on school attendance for age 3-24 and educational attainment for age 3 and above. Data extracted on 25 February 2025.,,,1.00128
2008,C,Kenya DHS 2008-09. The survey collected data on school attendance for age 4-24 and educational attainment for age 4 and above. Data extracted on 25 February 2025.,"Adjusted location parity index for completion rate, by sex, location, wealth quintile and education level [4.5.1]",,,,Quintile 5 (richest),Primary education,,Country Data,Kenya  DHS 2022.  The survey collected data on school attendance for age 3-24 and educational attainment for age 3 and above. Data extracted on 25 February 2025.,,,1.00199
2014,C,Kenya DHS 2014. The survey collected data on school attendance for age 3-24 and educational attainment for age 3 and above. Data extracted on 25 February 2025.,"Adjusted location parity index for completion rate, by sex, location, wealth quintile and education level [4.5.1]",,,,Quintile 5 (richest),Primary education,,Country Data,Kenya  DHS 2022.  The survey collected data on school attendance for age 3-24 and educational attainment for age 3 and above. Data extracted on 25 February 2025.,,,0.99928
2022,C,Kenya  DHS 2022.  The survey collected data on school attendance for age 3-24 and educational attainment for age 3 and above. Data extracted on 25 February 2025.,"Adjusted location parity index for completion rate, by sex, location, wealth quintile and education level [4.5.1]",,,,Quintile 5 (richest),Primary education,,Country Data,Kenya  DHS 2022.  The survey collected data on school attendance for age 3-24 and educational attainment for age 3 and above. Data extracted on 25 February 2025.,,,1.02223
2003,C,Kenya DHS 2003. The survey collected data on school attendance for age 4-24 and educational attainment for age 4 and above. Data extracted on 25 February 2025.,"Adjusted location parity index for completion rate, by sex, location, wealth quintile and education level [4.5.1]",,,,Quintile 5 (richest),Lower secondary education,,Country Data,Kenya  DHS 2022.  The survey collected data on school attendance for age 3-24 and educational attainment for age 3 and above. Data extracted on 25 February 2025.,,,0.95941
2008,C,Kenya DHS 2008-09. The survey collected data on school attendance for age 4-24 and educational attainment for age 4 and above. Data extracted on 25 February 2025.,"Adjusted location parity index for completion rate, by sex, location, wealth quintile and education level [4.5.1]",,,,Quintile 5 (richest),Lower secondary education,,Country Data,Kenya  DHS 2022.  The survey collected data on school attendance for age 3-24 and educational attainment for age 3 and above. Data extracted on 25 February 2025.,,,1.10398
2014,C,Kenya DHS 2014. The survey collected data on school attendance for age 3-24 and educational attainment for age 3 and above. Data extracted on 25 February 2025.,"Adjusted location parity index for completion rate, by sex, location, wealth quintile and education level [4.5.1]",,,,Quintile 5 (richest),Lower secondary education,,Country Data,Kenya  DHS 2022.  The survey collected data on school attendance for age 3-24 and educational attainment for age 3 and above. Data extracted on 25 February 2025.,,,1.00823
2022,C,Kenya  DHS 2022.  The survey collected data on school attendance for age 3-24 and educational attainment for age 3 and above. Data extracted on 25 February 2025.,"Adjusted location parity index for completion rate, by sex, location, wealth quintile and education level [4.5.1]",,,,Quintile 5 (richest),Lower secondary education,,Country Data,Kenya  DHS 2022.  The survey collected data on school attendance for age 3-24 and educational attainment for age 3 and above. Data extracted on 25 February 2025.,,,0.96278
2003,C,Kenya DHS 2003. The survey collected data on school attendance for age 4-24 and educational attainment for age 4 and above. Data extracted on 25 February 2025.,"Adjusted location parity index for completion rate, by sex, location, wealth quintile and education level [4.5.1]",,,,Quintile 5 (richest),Upper secondary education,,Country Data,Kenya  DHS 2022.  The survey collected data on school attendance for age 3-24 and educational attainment for age 3 and above. Data extracted on 25 February 2025.,,,0.8502
2008,C,Kenya DHS 2008-09. The survey collected data on school attendance for age 4-24 and educational attainment for age 4 and above. Data extracted on 25 February 2025.,"Adjusted location parity index for completion rate, by sex, location, wealth quintile and education level [4.5.1]",,,,Quintile 5 (richest),Upper secondary education,,Country Data,Kenya  DHS 2022.  The survey collected data on school attendance for age 3-24 and educational attainment for age 3 and above. Data extracted on 25 February 2025.,,,0.56621
2014,C,Kenya DHS 2014. The survey collected data on school attendance for age 3-24 and educational attainment for age 3 and above. Data extracted on 25 February 2025.,"Adjusted location parity index for completion rate, by sex, location, wealth quintile and education level [4.5.1]",,,,Quintile 5 (richest),Upper secondary education,,Country Data,Kenya  DHS 2022.  The survey collected data on school attendance for age 3-24 and educational attainment for age 3 and above. Data extracted on 25 February 2025.,,,0.9226
2022,C,Kenya  DHS 2022.  The survey collected data on school attendance for age 3-24 and educational attainment for age 3 and above. Data extracted on 25 February 2025.,"Adjusted location parity index for completion rate, by sex, location, wealth quintile and education level [4.5.1]",,,,Quintile 5 (richest),Upper secondary education,,Country Data,Kenya  DHS 2022.  The survey collected data on school attendance for age 3-24 and educational attainment for age 3 and above. Data extracted on 25 February 2025.,,,0.87419
2003,C,Kenya DHS 2003. The survey collected data on school attendance for age 4-24 and educational attainment for age 4 and above. Data extracted on 25 February 2025.,"Adjusted location parity index for completion rate, by sex, location, wealth quintile and education level [4.5.1]",Female,,,,Primary education,,Country Data,Kenya  DHS 2022.  The survey collected data on school attendance for age 3-24 and educational attainment for age 3 and above. Data extracted on 25 February 2025.,,,0.78909
2008,C,Kenya DHS 2008-09. The survey collected data on school attendance for age 4-24 and educational attainment for age 4 and above. Data extracted on 25 February 2025.,"Adjusted location parity index for completion rate, by sex, location, wealth quintile and education level [4.5.1]",Female,,,,Primary education,,Country Data,Kenya  DHS 2022.  The survey collected data on school attendance for age 3-24 and educational attainment for age 3 and above. Data extracted on 25 February 2025.,,,0.89389
2009,C,"Kenya Population and Housing Census 2009. IPUMS-International, National Bureau of Statistics. Data extracted on 25 February 2025.","Adjusted location parity index for completion rate, by sex, location, wealth quintile and education level [4.5.1]",Female,,,,Primary education,,Country Data,Kenya  DHS 2022.  The survey collected data on school attendance for age 3-24 and educational attainment for age 3 and above. Data extracted on 25 February 2025.,,,0.72632
2014,C,Kenya DHS 2014. The survey collected data on school attendance for age 3-24 and educational attainment for age 3 and above. Data extracted on 25 February 2025.,"Adjusted location parity index for completion rate, by sex, location, wealth quintile and education level [4.5.1]",Female,,,,Primary education,,Country Data,Kenya  DHS 2022.  The survey collected data on school attendance for age 3-24 and educational attainment for age 3 and above. Data extracted on 25 February 2025.,,,0.90589
2019,C,Kenya Continuous Household Survey Programme (KCHSP) 2019. The survey collected data on school attendance and attainment for age 3 and above. Data extracted on 25 February 2025.,"Adjusted location parity index for completion rate, by sex, location, wealth quintile and education level [4.5.1]",Female,,,,Primary education,,Country Data,Kenya  DHS 2022.  The survey collected data on school attendance for age 3-24 and educational attainment for age 3 and above. Data extracted on 25 February 2025.,,,0.91165
2020,C,Kenya Continuous Household Survey Programme (KCHSP) 2020. The survey collected data on school attendance and attainment for age 3 and above. Data extracted on 25 February 2025.,"Adjusted location parity index for completion rate, by sex, location, wealth quintile and education level [4.5.1]",Female,,,,Primary education,,Country Data,Kenya  DHS 2022.  The survey collected data on school attendance for age 3-24 and educational attainment for age 3 and above. Data extracted on 25 February 2025.,,,0.87656
2022,C,Kenya  DHS 2022.  The survey collected data on school attendance for age 3-24 and educational attainment for age 3 and above. Data extracted on 25 February 2025.,"Adjusted location parity index for completion rate, by sex, location, wealth quintile and education level [4.5.1]",Female,,,,Primary education,,Country Data,Kenya  DHS 2022.  The survey collected data on school attendance for age 3-24 and educational attainment for age 3 and above. Data extracted on 25 February 2025.,,,1.0048
2003,C,Kenya DHS 2003. The survey collected data on school attendance for age 4-24 and educational attainment for age 4 and above. Data extracted on 25 February 2025.,"Adjusted location parity index for completion rate, by sex, location, wealth quintile and education level [4.5.1]",Female,,,,Lower secondary education,,Country Data,Kenya  DHS 2022.  The survey collected data on school attendance for age 3-24 and educational attainment for age 3 and above. Data extracted on 25 February 2025.,,,0.52796
2008,C,Kenya DHS 2008-09. The survey collected data on school attendance for age 4-24 and educational attainment for age 4 and above. Data extracted on 25 February 2025.,"Adjusted location parity index for completion rate, by sex, location, wealth quintile and education level [4.5.1]",Female,,,,Lower secondary education,,Country Data,Kenya  DHS 2022.  The survey collected data on school attendance for age 3-24 and educational attainment for age 3 and above. Data extracted on 25 February 2025.,,,0.76157
2009,C,"Kenya Population and Housing Census 2009. IPUMS-International, National Bureau of Statistics. Data extracted on 25 February 2025.","Adjusted location parity index for completion rate, by sex, location, wealth quintile and education level [4.5.1]",Female,,,,Lower secondary education,,Country Data,Kenya  DHS 2022.  The survey collected data on school attendance for age 3-24 and educational attainment for age 3 and above. Data extracted on 25 February 2025.,,,0.61439
2014,C,Kenya DHS 2014. The survey collected data on school attendance for age 3-24 and educational attainment for age 3 and above. Data extracted on 25 February 2025.,"Adjusted location parity index for completion rate, by sex, location, wealth quintile and education level [4.5.1]",Female,,,,Lower secondary education,,Country Data,Kenya  DHS 2022.  The survey collected data on school attendance for age 3-24 and educational attainment for age 3 and above. Data extracted on 25 February 2025.,,,0.81521
2019,C,Kenya Continuous Household Survey Programme (KCHSP) 2019. The survey collected data on school attendance and attainment for age 3 and above. Data extracted on 25 February 2025.,"Adjusted location parity index for completion rate, by sex, location, wealth quintile and education level [4.5.1]",Female,,,,Lower secondary education,,Country Data,Kenya  DHS 2022.  The survey collected data on school attendance for age 3-24 and educational attainment for age 3 and above. Data extracted on 25 February 2025.,,,0.85401
2020,C,Kenya Continuous Household Survey Programme (KCHSP) 2020. The survey collected data on school attendance and attainment for age 3 and above. Data extracted on 25 February 2025.,"Adjusted location parity index for completion rate, by sex, location, wealth quintile and education level [4.5.1]",Female,,,,Lower secondary education,,Country Data,Kenya  DHS 2022.  The survey collected data on school attendance for age 3-24 and educational attainment for age 3 and above. Data extracted on 25 February 2025.,,,0.84172
2022,C,Kenya  DHS 2022.  The survey collected data on school attendance for age 3-24 and educational attainment for age 3 and above. Data extracted on 25 February 2025.,"Adjusted location parity index for completion rate, by sex, location, wealth quintile and education level [4.5.1]",Female,,,,Lower secondary education,,Country Data,Kenya  DHS 2022.  The survey collected data on school attendance for age 3-24 and educational attainment for age 3 and above. Data extracted on 25 February 2025.,,,0.90666
2003,C,Kenya DHS 2003. The survey collected data on school attendance for age 4-24 and educational attainment for age 4 and above. Data extracted on 25 February 2025.,"Adjusted location parity index for completion rate, by sex, location, wealth quintile and education level [4.5.1]",Female,,,,Upper secondary education,,Country Data,Kenya  DHS 2022.  The survey collected data on school attendance for age 3-24 and educational attainment for age 3 and above. Data extracted on 25 February 2025.,,,0.45894
2008,C,Kenya DHS 2008-09. The survey collected data on school attendance for age 4-24 and educational attainment for age 4 and above. Data extracted on 25 February 2025.,"Adjusted location parity index for completion rate, by sex, location, wealth quintile and education level [4.5.1]",Female,,,,Upper secondary education,,Country Data,Kenya  DHS 2022.  The survey collected data on school attendance for age 3-24 and educational attainment for age 3 and above. Data extracted on 25 February 2025.,,,0.37376
2009,C,"Kenya Population and Housing Census 2009. IPUMS-International, National Bureau of Statistics. Data extracted on 25 February 2025.","Adjusted location parity index for completion rate, by sex, location, wealth quintile and education level [4.5.1]",Female,,,,Upper secondary education,,Country Data,Kenya  DHS 2022.  The survey collected data on school attendance for age 3-24 and educational attainment for age 3 and above. Data extracted on 25 February 2025.,,,0.40531
2014,C,Kenya DHS 2014. The survey collected data on school attendance for age 3-24 and educational attainment for age 3 and above. Data extracted on 25 February 2025.,"Adjusted location parity index for completion rate, by sex, location, wealth quintile and education level [4.5.1]",Female,,,,Upper secondary education,,Country Data,Kenya  DHS 2022.  The survey collected data on school attendance for age 3-24 and educational attainment for age 3 and above. Data extracted on 25 February 2025.,,,0.46369
2019,C,Kenya Continuous Household Survey Programme (KCHSP) 2019. The survey collected data on school attendance and attainment for age 3 and above. Data extracted on 25 February 2025.,"Adjusted location parity index for completion rate, by sex, location, wealth quintile and education level [4.5.1]",Female,,,,Upper secondary education,,Country Data,Kenya  DHS 2022.  The survey collected data on school attendance for age 3-24 and educational attainment for age 3 and above. Data extracted on 25 February 2025.,,,0.6434
2020,C,Kenya Continuous Household Survey Programme (KCHSP) 2020. The survey collected data on school attendance and attainment for age 3 and above. Data extracted on 25 February 2025.,"Adjusted location parity index for completion rate, by sex, location, wealth quintile and education level [4.5.1]",Female,,,,Upper secondary education,,Country Data,Kenya  DHS 2022.  The survey collected data on school attendance for age 3-24 and educational attainment for age 3 and above. Data extracted on 25 February 2025.,,,0.58707
2022,C,Kenya  DHS 2022.  The survey collected data on school attendance for age 3-24 and educational attainment for age 3 and above. Data extracted on 25 February 2025.,"Adjusted location parity index for completion rate, by sex, location, wealth quintile and education level [4.5.1]",Female,,,,Upper secondary education,,Country Data,Kenya  DHS 2022.  The survey collected data on school attendance for age 3-24 and educational attainment for age 3 and above. Data extracted on 25 February 2025.,,,0.62622
2003,C,Kenya DHS 2003. The survey collected data on school attendance for age 4-24 and educational attainment for age 4 and above. Data extracted on 25 February 2025.,"Adjusted location parity index for completion rate, by sex, location, wealth quintile and education level [4.5.1]",Female,,,Quintile 1 (poorest),Primary education,,Country Data,Kenya  DHS 2022.  The survey collected data on school attendance for age 3-24 and educational attainment for age 3 and above. Data extracted on 25 February 2025.,This data point is NOT APPLICABLE for the submitting nation.,This data point is NOT APPLICABLE for the submitting nation.,0.0
2008,C,Kenya DHS 2008-09. The survey collected data on school attendance for age 4-24 and educational attainment for age 4 and above. Data extracted on 25 February 2025.,"Adjusted location parity index for completion rate, by sex, location, wealth quintile and education level [4.5.1]",Female,,,Quintile 1 (poorest),Primary education,,Country Data,Kenya  DHS 2022.  The survey collected data on school attendance for age 3-24 and educational attainment for age 3 and above. Data extracted on 25 February 2025.,This data point is NOT APPLICABLE for the submitting nation.,This data point is NOT APPLICABLE for the submitting nation.,0.0
2014,C,Kenya DHS 2014. The survey collected data on school attendance for age 3-24 and educational attainment for age 3 and above. Data extracted on 25 February 2025.,"Adjusted location parity index for completion rate, by sex, location, wealth quintile and education level [4.5.1]",Female,,,Quintile 1 (poorest),Primary education,,Country Data,Kenya  DHS 2022.  The survey collected data on school attendance for age 3-24 and educational attainment for age 3 and above. Data extracted on 25 February 2025.,,This data point is NOT APPLICABLE for the submitting nation.,0.87171
2022,C,Kenya  DHS 2022.  The survey collected data on school attendance for age 3-24 and educational attainment for age 3 and above. Data extracted on 25 February 2025.,"Adjusted location parity index for completion rate, by sex, location, wealth quintile and education level [4.5.1]",Female,,,Quintile 1 (poorest),Primary education,,Country Data,Kenya  DHS 2022.  The survey collected data on school attendance for age 3-24 and educational attainment for age 3 and above. Data extracted on 25 February 2025.,,This data point is NOT APPLICABLE for the submitting nation.,1.18487
2003,C,Kenya DHS 2003. The survey collected data on school attendance for age 4-24 and educational attainment for age 4 and above. Data extracted on 25 February 2025.,"Adjusted location parity index for completion rate, by sex, location, wealth quintile and education level [4.5.1]",Female,,,Quintile 1 (poorest),Lower secondary education,,Country Data,Kenya  DHS 2022.  The survey collected data on school attendance for age 3-24 and educational attainment for age 3 and above. Data extracted on 25 February 2025.,This data point is NOT APPLICABLE for the submitting nation.,This data point is NOT APPLICABLE for the submitting nation.,0.0
2008,C,Kenya DHS 2008-09. The survey collected data on school attendance for age 4-24 and educational attainment for age 4 and above. Data extracted on 25 February 2025.,"Adjusted location parity index for completion rate, by sex, location, wealth quintile and education level [4.5.1]",Female,,,Quintile 1 (poorest),Lower secondary education,,Country Data,Kenya  DHS 2022.  The survey collected data on school attendance for age 3-24 and educational attainment for age 3 and above. Data extracted on 25 February 2025.,This data point is NOT APPLICABLE for the submitting nation.,This data point is NOT APPLICABLE for the submitting nation.,0.0
2014,C,Kenya DHS 2014. The survey collected data on school attendance for age 3-24 and educational attainment for age 3 and above. Data extracted on 25 February 2025.,"Adjusted location parity index for completion rate, by sex, location, wealth quintile and education level [4.5.1]",Female,,,Quintile 1 (poorest),Lower secondary education,,Country Data,Kenya  DHS 2022.  The survey collected data on school attendance for age 3-24 and educational attainment for age 3 and above. Data extracted on 25 February 2025.,,This data point is NOT APPLICABLE for the submitting nation.,0.82153
2022,C,Kenya  DHS 2022.  The survey collected data on school attendance for age 3-24 and educational attainment for age 3 and above. Data extracted on 25 February 2025.,"Adjusted location parity index for completion rate, by sex, location, wealth quintile and education level [4.5.1]",Female,,,Quintile 1 (poorest),Lower secondary education,,Country Data,Kenya  DHS 2022.  The survey collected data on school attendance for age 3-24 and educational attainment for age 3 and above. Data extracted on 25 February 2025.,,This data point is NOT APPLICABLE for the submitting nation.,1.14646
2003,C,Kenya DHS 2003. The survey collected data on school attendance for age 4-24 and educational attainment for age 4 and above. Data extracted on 25 February 2025.,"Adjusted location parity index for completion rate, by sex, location, wealth quintile and education level [4.5.1]",Female,,,Quintile 1 (poorest),Upper secondary education,,Country Data,Kenya  DHS 2022.  The survey collected data on school attendance for age 3-24 and educational attainment for age 3 and above. Data extracted on 25 February 2025.,This data point is NOT APPLICABLE for the submitting nation.,This data point is NOT APPLICABLE for the submitting nation.,0.0
2008,C,Kenya DHS 2008-09. The survey collected data on school attendance for age 4-24 and educational attainment for age 4 and above. Data extracted on 25 February 2025.,"Adjusted location parity index for completion rate, by sex, location, wealth quintile and education level [4.5.1]",Female,,,Quintile 1 (poorest),Upper secondary education,,Country Data,Kenya  DHS 2022.  The survey collected data on school attendance for age 3-24 and educational attainment for age 3 and above. Data extracted on 25 February 2025.,This data point is NOT APPLICABLE for the submitting nation.,This data point is NOT APPLICABLE for the submitting nation.,0.0
2014,C,Kenya DHS 2014. The survey collected data on school attendance for age 3-24 and educational attainment for age 3 and above. Data extracted on 25 February 2025.,"Adjusted location parity index for completion rate, by sex, location, wealth quintile and education level [4.5.1]",Female,,,Quintile 1 (poorest),Upper secondary education,,Country Data,Kenya  DHS 2022.  The survey collected data on school attendance for age 3-24 and educational attainment for age 3 and above. Data extracted on 25 February 2025.,,This data point is NOT APPLICABLE for the submitting nation.,0.61142
2022,C,Kenya  DHS 2022.  The survey collected data on school attendance for age 3-24 and educational attainment for age 3 and above. Data extracted on 25 February 2025.,"Adjusted location parity index for completion rate, by sex, location, wealth quintile and education level [4.5.1]",Female,,,Quintile 1 (poorest),Upper secondary education,,Country Data,Kenya  DHS 2022.  The survey collected data on school attendance for age 3-24 and educational attainment for age 3 and above. Data extracted on 25 February 2025.,,This data point is NOT APPLICABLE for the submitting nation.,1.18098
2003,C,Kenya DHS 2003. The survey collected data on school attendance for age 4-24 and educational attainment for age 4 and above. Data extracted on 25 February 2025.,"Adjusted location parity index for completion rate, by sex, location, wealth quintile and education level [4.5.1]",Female,,,Quintile 2,Primary education,,Country Data,Kenya  DHS 2022.  The survey collected data on school attendance for age 3-24 and educational attainment for age 3 and above. Data extracted on 25 February 2025.,This data point is NOT APPLICABLE for the submitting nation.,This data point is NOT APPLICABLE for the submitting nation.,0.0
2008,C,Kenya DHS 2008-09. The survey collected data on school attendance for age 4-24 and educational attainment for age 4 and above. Data extracted on 25 February 2025.,"Adjusted location parity index for completion rate, by sex, location, wealth quintile and education level [4.5.1]",Female,,,Quintile 2,Primary education,,Country Data,Kenya  DHS 2022.  The survey collected data on school attendance for age 3-24 and educational attainment for age 3 and above. Data extracted on 25 February 2025.,This data point is NOT APPLICABLE for the submitting nation.,This data point is NOT APPLICABLE for the submitting nation.,0.0
2014,C,Kenya DHS 2014. The survey collected data on school attendance for age 3-24 and educational attainment for age 3 and above. Data extracted on 25 February 2025.,"Adjusted location parity index for completion rate, by sex, location, wealth quintile and education level [4.5.1]",Female,,,Quintile 2,Primary education,,Country Data,Kenya  DHS 2022.  The survey collected data on school attendance for age 3-24 and educational attainment for age 3 and above. Data extracted on 25 February 2025.,,This data point is NOT APPLICABLE for the submitting nation.,0.93011
2022,C,Kenya  DHS 2022.  The survey collected data on school attendance for age 3-24 and educational attainment for age 3 and above. Data extracted on 25 February 2025.,"Adjusted location parity index for completion rate, by sex, location, wealth quintile and education level [4.5.1]",Female,,,Quintile 2,Primary education,,Country Data,Kenya  DHS 2022.  The survey collected data on school attendance for age 3-24 and educational attainment for age 3 and above. Data extracted on 25 February 2025.,,This data point is NOT APPLICABLE for the submitting nation.,1.12464
2003,C,Kenya DHS 2003. The survey collected data on school attendance for age 4-24 and educational attainment for age 4 and above. Data extracted on 25 February 2025.,"Adjusted location parity index for completion rate, by sex, location, wealth quintile and education level [4.5.1]",Female,,,Quintile 2,Lower secondary education,,Country Data,Kenya  DHS 2022.  The survey collected data on school attendance for age 3-24 and educational attainment for age 3 and above. Data extracted on 25 February 2025.,This data point is NOT APPLICABLE for the submitting nation.,This data point is NOT APPLICABLE for the submitting nation.,0.0
2008,C,Kenya DHS 2008-09. The survey collected data on school attendance for age 4-24 and educational attainment for age 4 and above. Data extracted on 25 February 2025.,"Adjusted location parity index for completion rate, by sex, location, wealth quintile and education level [4.5.1]",Female,,,Quintile 2,Lower secondary education,,Country Data,Kenya  DHS 2022.  The survey collected data on school attendance for age 3-24 and educational attainment for age 3 and above. Data extracted on 25 February 2025.,This data point is NOT APPLICABLE for the submitting nation.,This data point is NOT APPLICABLE for the submitting nation.,0.0
2014,C,Kenya DHS 2014. The survey collected data on school attendance for age 3-24 and educational attainment for age 3 and above. Data extracted on 25 February 2025.,"Adjusted location parity index for completion rate, by sex, location, wealth quintile and education level [4.5.1]",Female,,,Quintile 2,Lower secondary education,,Country Data,Kenya  DHS 2022.  The survey collected data on school attendance for age 3-24 and educational attainment for age 3 and above. Data extracted on 25 February 2025.,,This data point is NOT APPLICABLE for the submitting nation.,0.82482
2022,C,Kenya  DHS 2022.  The survey collected data on school attendance for age 3-24 and educational attainment for age 3 and above. Data extracted on 25 February 2025.,"Adjusted location parity index for completion rate, by sex, location, wealth quintile and education level [4.5.1]",Female,,,Quintile 2,Lower secondary education,,Country Data,Kenya  DHS 2022.  The survey collected data on school attendance for age 3-24 and educational attainment for age 3 and above. Data extracted on 25 February 2025.,,This data point is NOT APPLICABLE for the submitting nation.,1.10299
2003,C,Kenya DHS 2003. The survey collected data on school attendance for age 4-24 and educational attainment for age 4 and above. Data extracted on 25 February 2025.,"Adjusted location parity index for completion rate, by sex, location, wealth quintile and education level [4.5.1]",Female,,,Quintile 2,Upper secondary education,,Country Data,Kenya  DHS 2022.  The survey collected data on school attendance for age 3-24 and educational attainment for age 3 and above. Data extracted on 25 February 2025.,This data point is NOT APPLICABLE for the submitting nation.,This data point is NOT APPLICABLE for the submitting nation.,0.0
2008,C,Kenya DHS 2008-09. The survey collected data on school attendance for age 4-24 and educational attainment for age 4 and above. Data extracted on 25 February 2025.,"Adjusted location parity index for completion rate, by sex, location, wealth quintile and education level [4.5.1]",Female,,,Quintile 2,Upper secondary education,,Country Data,Kenya  DHS 2022.  The survey collected data on school attendance for age 3-24 and educational attainment for age 3 and above. Data extracted on 25 February 2025.,This data point is NOT APPLICABLE for the submitting nation.,This data point is NOT APPLICABLE for the submitting nation.,0.0
2014,C,Kenya DHS 2014. The survey collected data on school attendance for age 3-24 and educational attainment for age 3 and above. Data extracted on 25 February 2025.,"Adjusted location parity index for completion rate, by sex, location, wealth quintile and education level [4.5.1]",Female,,,Quintile 2,Upper secondary education,,Country Data,Kenya  DHS 2022.  The survey collected data on school attendance for age 3-24 and educational attainment for age 3 and above. Data extracted on 25 February 2025.,,This data point is NOT APPLICABLE for the submitting nation.,1.01663
2022,C,Kenya  DHS 2022.  The survey collected data on school attendance for age 3-24 and educational attainment for age 3 and above. Data extracted on 25 February 2025.,"Adjusted location parity index for completion rate, by sex, location, wealth quintile and education level [4.5.1]",Female,,,Quintile 2,Upper secondary education,,Country Data,Kenya  DHS 2022.  The survey collected data on school attendance for age 3-24 and educational attainment for age 3 and above. Data extracted on 25 February 2025.,,This data point is NOT APPLICABLE for the submitting nation.,1.21378
2003,C,Kenya DHS 2003. The survey collected data on school attendance for age 4-24 and educational attainment for age 4 and above. Data extracted on 25 February 2025.,"Adjusted location parity index for completion rate, by sex, location, wealth quintile and education level [4.5.1]",Female,,,Quintile 3,Primary education,,Country Data,Kenya  DHS 2022.  The survey collected data on school attendance for age 3-24 and educational attainment for age 3 and above. Data extracted on 25 February 2025.,This data point is NOT APPLICABLE for the submitting nation.,This data point is NOT APPLICABLE for the submitting nation.,0.0
2008,C,Kenya DHS 2008-09. The survey collected data on school attendance for age 4-24 and educational attainment for age 4 and above. Data extracted on 25 February 2025.,"Adjusted location parity index for completion rate, by sex, location, wealth quintile and education level [4.5.1]",Female,,,Quintile 3,Primary education,,Country Data,Kenya  DHS 2022.  The survey collected data on school attendance for age 3-24 and educational attainment for age 3 and above. Data extracted on 25 February 2025.,This data point is NOT APPLICABLE for the submitting nation.,This data point is NOT APPLICABLE for the submitting nation.,0.0
2014,C,Kenya DHS 2014. The survey collected data on school attendance for age 3-24 and educational attainment for age 3 and above. Data extracted on 25 February 2025.,"Adjusted location parity index for completion rate, by sex, location, wealth quintile and education level [4.5.1]",Female,,,Quintile 3,Primary education,,Country Data,Kenya  DHS 2022.  The survey collected data on school attendance for age 3-24 and educational attainment for age 3 and above. Data extracted on 25 February 2025.,,This data point is NOT APPLICABLE for the submitting nation.,1.00464
2022,C,Kenya  DHS 2022.  The survey collected data on school attendance for age 3-24 and educational attainment for age 3 and above. Data extracted on 25 February 2025.,"Adjusted location parity index for completion rate, by sex, location, wealth quintile and education level [4.5.1]",Female,,,Quintile 3,Primary education,,Country Data,Kenya  DHS 2022.  The survey collected data on school attendance for age 3-24 and educational attainment for age 3 and above. Data extracted on 25 February 2025.,,This data point is NOT APPLICABLE for the submitting nation.,1.13105
2003,C,Kenya DHS 2003. The survey collected data on school attendance for age 4-24 and educational attainment for age 4 and above. Data extracted on 25 February 2025.,"Adjusted location parity index for completion rate, by sex, location, wealth quintile and education level [4.5.1]",Female,,,Quintile 3,Lower secondary education,,Country Data,Kenya  DHS 2022.  The survey collected data on school attendance for age 3-24 and educational attainment for age 3 and above. Data extracted on 25 February 2025.,,This data point is NOT APPLICABLE for the submitting nation.,0.78005
2008,C,Kenya DHS 2008-09. The survey collected data on school attendance for age 4-24 and educational attainment for age 4 and above. Data extracted on 25 February 2025.,"Adjusted location parity index for completion rate, by sex, location, wealth quintile and education level [4.5.1]",Female,,,Quintile 3,Lower secondary education,,Country Data,Kenya  DHS 2022.  The survey collected data on school attendance for age 3-24 and educational attainment for age 3 and above. Data extracted on 25 February 2025.,This data point is NOT APPLICABLE for the submitting nation.,This data point is NOT APPLICABLE for the submitting nation.,0.0
2014,C,Kenya DHS 2014. The survey collected data on school attendance for age 3-24 and educational attainment for age 3 and above. Data extracted on 25 February 2025.,"Adjusted location parity index for completion rate, by sex, location, wealth quintile and education level [4.5.1]",Female,,,Quintile 3,Lower secondary education,,Country Data,Kenya  DHS 2022.  The survey collected data on school attendance for age 3-24 and educational attainment for age 3 and above. Data extracted on 25 February 2025.,,This data point is NOT APPLICABLE for the submitting nation.,1.08467
2022,C,Kenya  DHS 2022.  The survey collected data on school attendance for age 3-24 and educational attainment for age 3 and above. Data extracted on 25 February 2025.,"Adjusted location parity index for completion rate, by sex, location, wealth quintile and education level [4.5.1]",Female,,,Quintile 3,Lower secondary education,,Country Data,Kenya  DHS 2022.  The survey collected data on school attendance for age 3-24 and educational attainment for age 3 and above. Data extracted on 25 February 2025.,,This data point is NOT APPLICABLE for the submitting nation.,1.05349
2003,C,Kenya DHS 2003. The survey collected data on school attendance for age 4-24 and educational attainment for age 4 and above. Data extracted on 25 February 2025.,"Adjusted location parity index for completion rate, by sex, location, wealth quintile and education level [4.5.1]",Female,,,Quintile 3,Upper secondary education,,Country Data,Kenya  DHS 2022.  The survey collected data on school attendance for age 3-24 and educational attainment for age 3 and above. Data extracted on 25 February 2025.,This data point is NOT APPLICABLE for the submitting nation.,This data point is NOT APPLICABLE for the submitting nation.,0.0
2008,C,Kenya DHS 2008-09. The survey collected data on school attendance for age 4-24 and educational attainment for age 4 and above. Data extracted on 25 February 2025.,"Adjusted location parity index for completion rate, by sex, location, wealth quintile and education level [4.5.1]",Female,,,Quintile 3,Upper secondary education,,Country Data,Kenya  DHS 2022.  The survey collected data on school attendance for age 3-24 and educational attainment for age 3 and above. Data extracted on 25 February 2025.,This data point is NOT APPLICABLE for the submitting nation.,This data point is NOT APPLICABLE for the submitting nation.,0.0
2014,C,Kenya DHS 2014. The survey collected data on school attendance for age 3-24 and educational attainment for age 3 and above. Data extracted on 25 February 2025.,"Adjusted location parity index for completion rate, by sex, location, wealth quintile and education level [4.5.1]",Female,,,Quintile 3,Upper secondary education,,Country Data,Kenya  DHS 2022.  The survey collected data on school attendance for age 3-24 and educational attainment for age 3 and above. Data extracted on 25 February 2025.,,This data point is NOT APPLICABLE for the submitting nation.,0.97569
2022,C,Kenya  DHS 2022.  The survey collected data on school attendance for age 3-24 and educational attainment for age 3 and above. Data extracted on 25 February 2025.,"Adjusted location parity index for completion rate, by sex, location, wealth quintile and education level [4.5.1]",Female,,,Quintile 3,Upper secondary education,,Country Data,Kenya  DHS 2022.  The survey collected data on school attendance for age 3-24 and educational attainment for age 3 and above. Data extracted on 25 February 2025.,,This data point is NOT APPLICABLE for the submitting nation.,1.23173
2003,C,Kenya DHS 2003. The survey collected data on school attendance for age 4-24 and educational attainment for age 4 and above. Data extracted on 25 February 2025.,"Adjusted location parity index for completion rate, by sex, location, wealth quintile and education level [4.5.1]",Female,,,Quintile 4,Primary education,,Country Data,Kenya  DHS 2022.  The survey collected data on school attendance for age 3-24 and educational attainment for age 3 and above. Data extracted on 25 February 2025.,,,1.25022
2008,C,Kenya DHS 2008-09. The survey collected data on school attendance for age 4-24 and educational attainment for age 4 and above. Data extracted on 25 February 2025.,"Adjusted location parity index for completion rate, by sex, location, wealth quintile and education level [4.5.1]",Female,,,Quintile 4,Primary education,,Country Data,Kenya  DHS 2022.  The survey collected data on school attendance for age 3-24 and educational attainment for age 3 and above. Data extracted on 25 February 2025.,,,1.07329
2014,C,Kenya DHS 2014. The survey collected data on school attendance for age 3-24 and educational attainment for age 3 and above. Data extracted on 25 February 2025.,"Adjusted location parity index for completion rate, by sex, location, wealth quintile and education level [4.5.1]",Female,,,Quintile 4,Primary education,,Country Data,Kenya  DHS 2022.  The survey collected data on school attendance for age 3-24 and educational attainment for age 3 and above. Data extracted on 25 February 2025.,,,1.02395
2022,C,Kenya  DHS 2022.  The survey collected data on school attendance for age 3-24 and educational attainment for age 3 and above. Data extracted on 25 February 2025.,"Adjusted location parity index for completion rate, by sex, location, wealth quintile and education level [4.5.1]",Female,,,Quintile 4,Primary education,,Country Data,Kenya  DHS 2022.  The survey collected data on school attendance for age 3-24 and educational attainment for age 3 and above. Data extracted on 25 February 2025.,,,1.04924
2003,C,Kenya DHS 2003. The survey collected data on school attendance for age 4-24 and educational attainment for age 4 and above. Data extracted on 25 February 2025.,"Adjusted location parity index for completion rate, by sex, location, wealth quintile and education level [4.5.1]",Female,,,Quintile 4,Lower secondary education,,Country Data,Kenya  DHS 2022.  The survey collected data on school attendance for age 3-24 and educational attainment for age 3 and above. Data extracted on 25 February 2025.,,,1.04026
2008,C,Kenya DHS 2008-09. The survey collected data on school attendance for age 4-24 and educational attainment for age 4 and above. Data extracted on 25 February 2025.,"Adjusted location parity index for completion rate, by sex, location, wealth quintile and education level [4.5.1]",Female,,,Quintile 4,Lower secondary education,,Country Data,Kenya  DHS 2022.  The survey collected data on school attendance for age 3-24 and educational attainment for age 3 and above. Data extracted on 25 February 2025.,,,1.16208
2014,C,Kenya DHS 2014. The survey collected data on school attendance for age 3-24 and educational attainment for age 3 and above. Data extracted on 25 February 2025.,"Adjusted location parity index for completion rate, by sex, location, wealth quintile and education level [4.5.1]",Female,,,Quintile 4,Lower secondary education,,Country Data,Kenya  DHS 2022.  The survey collected data on school attendance for age 3-24 and educational attainment for age 3 and above. Data extracted on 25 February 2025.,,,1.0088
2022,C,Kenya  DHS 2022.  The survey collected data on school attendance for age 3-24 and educational attainment for age 3 and above. Data extracted on 25 February 2025.,"Adjusted location parity index for completion rate, by sex, location, wealth quintile and education level [4.5.1]",Female,,,Quintile 4,Lower secondary education,,Country Data,Kenya  DHS 2022.  The survey collected data on school attendance for age 3-24 and educational attainment for age 3 and above. Data extracted on 25 February 2025.,,,0.99809
2003,C,Kenya DHS 2003. The survey collected data on school attendance for age 4-24 and educational attainment for age 4 and above. Data extracted on 25 February 2025.,"Adjusted location parity index for completion rate, by sex, location, wealth quintile and education level [4.5.1]",Female,,,Quintile 4,Upper secondary education,,Country Data,Kenya  DHS 2022.  The survey collected data on school attendance for age 3-24 and educational attainment for age 3 and above. Data extracted on 25 February 2025.,,,1.31748
2008,C,Kenya DHS 2008-09. The survey collected data on school attendance for age 4-24 and educational attainment for age 4 and above. Data extracted on 25 February 2025.,"Adjusted location parity index for completion rate, by sex, location, wealth quintile and education level [4.5.1]",Female,,,Quintile 4,Upper secondary education,,Country Data,Kenya  DHS 2022.  The survey collected data on school attendance for age 3-24 and educational attainment for age 3 and above. Data extracted on 25 February 2025.,,,1.46246
2014,C,Kenya DHS 2014. The survey collected data on school attendance for age 3-24 and educational attainment for age 3 and above. Data extracted on 25 February 2025.,"Adjusted location parity index for completion rate, by sex, location, wealth quintile and education level [4.5.1]",Female,,,Quintile 4,Upper secondary education,,Country Data,Kenya  DHS 2022.  The survey collected data on school attendance for age 3-24 and educational attainment for age 3 and above. Data extracted on 25 February 2025.,,,0.95537
2022,C,Kenya  DHS 2022.  The survey collected data on school attendance for age 3-24 and educational attainment for age 3 and above. Data extracted on 25 February 2025.,"Adjusted location parity index for completion rate, by sex, location, wealth quintile and education level [4.5.1]",Female,,,Quintile 4,Upper secondary education,,Country Data,Kenya  DHS 2022.  The survey collected data on school attendance for age 3-24 and educational attainment for age 3 and above. Data extracted on 25 February 2025.,,,1.03256
2003,C,Kenya DHS 2003. The survey collected data on school attendance for age 4-24 and educational attainment for age 4 and above. Data extracted on 25 February 2025.,"Adjusted location parity index for completion rate, by sex, location, wealth quintile and education level [4.5.1]",Female,,,Quintile 5 (richest),Primary education,,Country Data,Kenya  DHS 2022.  The survey collected data on school attendance for age 3-24 and educational attainment for age 3 and above. Data extracted on 25 February 2025.,,,0.91052
2008,C,Kenya DHS 2008-09. The survey collected data on school attendance for age 4-24 and educational attainment for age 4 and above. Data extracted on 25 February 2025.,"Adjusted location parity index for completion rate, by sex, location, wealth quintile and education level [4.5.1]",Female,,,Quintile 5 (richest),Primary education,,Country Data,Kenya  DHS 2022.  The survey collected data on school attendance for age 3-24 and educational attainment for age 3 and above. Data extracted on 25 February 2025.,,,1.04896
2014,C,Kenya DHS 2014. The survey collected data on school attendance for age 3-24 and educational attainment for age 3 and above. Data extracted on 25 February 2025.,"Adjusted location parity index for completion rate, by sex, location, wealth quintile and education level [4.5.1]",Female,,,Quintile 5 (richest),Primary education,,Country Data,Kenya  DHS 2022.  The survey collected data on school attendance for age 3-24 and educational attainment for age 3 and above. Data extracted on 25 February 2025.,,,1.00919
2022,C,Kenya  DHS 2022.  The survey collected data on school attendance for age 3-24 and educational attainment for age 3 and above. Data extracted on 25 February 2025.,"Adjusted location parity index for completion rate, by sex, location, wealth quintile and education level [4.5.1]",Female,,,Quintile 5 (richest),Primary education,,Country Data,Kenya  DHS 2022.  The survey collected data on school attendance for age 3-24 and educational attainment for age 3 and above. Data extracted on 25 February 2025.,,,1.00584
2003,C,Kenya DHS 2003. The survey collected data on school attendance for age 4-24 and educational attainment for age 4 and above. Data extracted on 25 February 2025.,"Adjusted location parity index for completion rate, by sex, location, wealth quintile and education level [4.5.1]",Female,,,Quintile 5 (richest),Lower secondary education,,Country Data,Kenya  DHS 2022.  The survey collected data on school attendance for age 3-24 and educational attainment for age 3 and above. Data extracted on 25 February 2025.,,,0.95422
2008,C,Kenya DHS 2008-09. The survey collected data on school attendance for age 4-24 and educational attainment for age 4 and above. Data extracted on 25 February 2025.,"Adjusted location parity index for completion rate, by sex, location, wealth quintile and education level [4.5.1]",Female,,,Quintile 5 (richest),Lower secondary education,,Country Data,Kenya  DHS 2022.  The survey collected data on school attendance for age 3-24 and educational attainment for age 3 and above. Data extracted on 25 February 2025.,,,1.1044
2014,C,Kenya DHS 2014. The survey collected data on school attendance for age 3-24 and educational attainment for age 3 and above. Data extracted on 25 February 2025.,"Adjusted location parity index for completion rate, by sex, location, wealth quintile and education level [4.5.1]",Female,,,Quintile 5 (richest),Lower secondary education,,Country Data,Kenya  DHS 2022.  The survey collected data on school attendance for age 3-24 and educational attainment for age 3 and above. Data extracted on 25 February 2025.,,,1.03956
2022,C,Kenya  DHS 2022.  The survey collected data on school attendance for age 3-24 and educational attainment for age 3 and above. Data extracted on 25 February 2025.,"Adjusted location parity index for completion rate, by sex, location, wealth quintile and education level [4.5.1]",Female,,,Quintile 5 (richest),Lower secondary education,,Country Data,Kenya  DHS 2022.  The survey collected data on school attendance for age 3-24 and educational attainment for age 3 and above. Data extracted on 25 February 2025.,,,0.98337
2003,C,Kenya DHS 2003. The survey collected data on school attendance for age 4-24 and educational attainment for age 4 and above. Data extracted on 25 February 2025.,"Adjusted location parity index for completion rate, by sex, location, wealth quintile and education level [4.5.1]",Female,,,Quintile 5 (richest),Upper secondary education,,Country Data,Kenya  DHS 2022.  The survey collected data on school attendance for age 3-24 and educational attainment for age 3 and above. Data extracted on 25 February 2025.,,,1.14554
2008,C,Kenya DHS 2008-09. The survey collected data on school attendance for age 4-24 and educational attainment for age 4 and above. Data extracted on 25 February 2025.,"Adjusted location parity index for completion rate, by sex, location, wealth quintile and education level [4.5.1]",Female,,,Quintile 5 (richest),Upper secondary education,,Country Data,Kenya  DHS 2022.  The survey collected data on school attendance for age 3-24 and educational attainment for age 3 and above. Data extracted on 25 February 2025.,,,0.51426
2014,C,Kenya DHS 2014. The survey collected data on school attendance for age 3-24 and educational attainment for age 3 and above. Data extracted on 25 February 2025.,"Adjusted location parity index for completion rate, by sex, location, wealth quintile and education level [4.5.1]",Female,,,Quintile 5 (richest),Upper secondary education,,Country Data,Kenya  DHS 2022.  The survey collected data on school attendance for age 3-24 and educational attainment for age 3 and above. Data extracted on 25 February 2025.,,,0.9256
2022,C,Kenya  DHS 2022.  The survey collected data on school attendance for age 3-24 and educational attainment for age 3 and above. Data extracted on 25 February 2025.,"Adjusted location parity index for completion rate, by sex, location, wealth quintile and education level [4.5.1]",Female,,,Quintile 5 (richest),Upper secondary education,,Country Data,Kenya  DHS 2022.  The survey collected data on school attendance for age 3-24 and educational attainment for age 3 and above. Data extracted on 25 February 2025.,,,0.91726
2003,C,Kenya DHS 2003. The survey collected data on school attendance for age 4-24 and educational attainment for age 4 and above. Data extracted on 25 February 2025.,"Adjusted location parity index for completion rate, by sex, location, wealth quintile and education level [4.5.1]",Male,,,,Primary education,,Country Data,Kenya  DHS 2022.  The survey collected data on school attendance for age 3-24 and educational attainment for age 3 and above. Data extracted on 25 February 2025.,,,0.6902
2008,C,Kenya DHS 2008-09. The survey collected data on school attendance for age 4-24 and educational attainment for age 4 and above. Data extracted on 25 February 2025.,"Adjusted location parity index for completion rate, by sex, location, wealth quintile and education level [4.5.1]",Male,,,,Primary education,,Country Data,Kenya  DHS 2022.  The survey collected data on school attendance for age 3-24 and educational attainment for age 3 and above. Data extracted on 25 February 2025.,,,0.87557
2009,C,"Kenya Population and Housing Census 2009. IPUMS-International, National Bureau of Statistics. Data extracted on 25 February 2025.","Adjusted location parity index for completion rate, by sex, location, wealth quintile and education level [4.5.1]",Male,,,,Primary education,,Country Data,Kenya  DHS 2022.  The survey collected data on school attendance for age 3-24 and educational attainment for age 3 and above. Data extracted on 25 February 2025.,,,0.67
2014,C,Kenya DHS 2014. The survey collected data on school attendance for age 3-24 and educational attainment for age 3 and above. Data extracted on 25 February 2025.,"Adjusted location parity index for completion rate, by sex, location, wealth quintile and education level [4.5.1]",Male,,,,Primary education,,Country Data,Kenya  DHS 2022.  The survey collected data on school attendance for age 3-24 and educational attainment for age 3 and above. Data extracted on 25 February 2025.,,,0.86152
2019,C,Kenya Continuous Household Survey Programme (KCHSP) 2019. The survey collected data on school attendance and attainment for age 3 and above. Data extracted on 25 February 2025.,"Adjusted location parity index for completion rate, by sex, location, wealth quintile and education level [4.5.1]",Male,,,,Primary education,,Country Data,Kenya  DHS 2022.  The survey collected data on school attendance for age 3-24 and educational attainment for age 3 and above. Data extracted on 25 February 2025.,,,0.85971
2020,C,Kenya Continuous Household Survey Programme (KCHSP) 2020. The survey collected data on school attendance and attainment for age 3 and above. Data extracted on 25 February 2025.,"Adjusted location parity index for completion rate, by sex, location, wealth quintile and education level [4.5.1]",Male,,,,Primary education,,Country Data,Kenya  DHS 2022.  The survey collected data on school attendance for age 3-24 and educational attainment for age 3 and above. Data extracted on 25 February 2025.,,,0.81432
2022,C,Kenya  DHS 2022.  The survey collected data on school attendance for age 3-24 and educational attainment for age 3 and above. Data extracted on 25 February 2025.,"Adjusted location parity index for completion rate, by sex, location, wealth quintile and education level [4.5.1]",Male,,,,Primary education,,Country Data,Kenya  DHS 2022.  The survey collected data on school attendance for age 3-24 and educational attainment for age 3 and above. Data extracted on 25 February 2025.,,,0.96263
2003,C,Kenya DHS 2003. The survey collected data on school attendance for age 4-24 and educational attainment for age 4 and above. Data extracted on 25 February 2025.,"Adjusted location parity index for completion rate, by sex, location, wealth quintile and education level [4.5.1]",Male,,,,Lower secondary education,,Country Data,Kenya  DHS 2022.  The survey collected data on school attendance for age 3-24 and educational attainment for age 3 and above. Data extracted on 25 February 2025.,,,0.51106
2008,C,Kenya DHS 2008-09. The survey collected data on school attendance for age 4-24 and educational attainment for age 4 and above. Data extracted on 25 February 2025.,"Adjusted location parity index for completion rate, by sex, location, wealth quintile and education level [4.5.1]",Male,,,,Lower secondary education,,Country Data,Kenya  DHS 2022.  The survey collected data on school attendance for age 3-24 and educational attainment for age 3 and above. Data extracted on 25 February 2025.,,,0.74782
2009,C,"Kenya Population and Housing Census 2009. IPUMS-International, National Bureau of Statistics. Data extracted on 25 February 2025.","Adjusted location parity index for completion rate, by sex, location, wealth quintile and education level [4.5.1]",Male,,,,Lower secondary education,,Country Data,Kenya  DHS 2022.  The survey collected data on school attendance for age 3-24 and educational attainment for age 3 and above. Data extracted on 25 February 2025.,,,0.57599
2014,C,Kenya DHS 2014. The survey collected data on school attendance for age 3-24 and educational attainment for age 3 and above. Data extracted on 25 February 2025.,"Adjusted location parity index for completion rate, by sex, location, wealth quintile and education level [4.5.1]",Male,,,,Lower secondary education,,Country Data,Kenya  DHS 2022.  The survey collected data on school attendance for age 3-24 and educational attainment for age 3 and above. Data extracted on 25 February 2025.,,,0.75855
2019,C,Kenya Continuous Household Survey Programme (KCHSP) 2019. The survey collected data on school attendance and attainment for age 3 and above. Data extracted on 25 February 2025.,"Adjusted location parity index for completion rate, by sex, location, wealth quintile and education level [4.5.1]",Male,,,,Lower secondary education,,Country Data,Kenya  DHS 2022.  The survey collected data on school attendance for age 3-24 and educational attainment for age 3 and above. Data extracted on 25 February 2025.,,,0.795
2020,C,Kenya Continuous Household Survey Programme (KCHSP) 2020. The survey collected data on school attendance and attainment for age 3 and above. Data extracted on 25 February 2025.,"Adjusted location parity index for completion rate, by sex, location, wealth quintile and education level [4.5.1]",Male,,,,Lower secondary education,,Country Data,Kenya  DHS 2022.  The survey collected data on school attendance for age 3-24 and educational attainment for age 3 and above. Data extracted on 25 February 2025.,,,0.78703
2022,C,Kenya  DHS 2022.  The survey collected data on school attendance for age 3-24 and educational attainment for age 3 and above. Data extracted on 25 February 2025.,"Adjusted location parity index for completion rate, by sex, location, wealth quintile and education level [4.5.1]",Male,,,,Lower secondary education,,Country Data,Kenya  DHS 2022.  The survey collected data on school attendance for age 3-24 and educational attainment for age 3 and above. Data extracted on 25 February 2025.,,,0.89102
2003,C,Kenya DHS 2003. The survey collected data on school attendance for age 4-24 and educational attainment for age 4 and above. Data extracted on 25 February 2025.,"Adjusted location parity index for completion rate, by sex, location, wealth quintile and education level [4.5.1]",Male,,,,Upper secondary education,,Country Data,Kenya  DHS 2022.  The survey collected data on school attendance for age 3-24 and educational attainment for age 3 and above. Data extracted on 25 February 2025.,,,0.44235
2008,C,Kenya DHS 2008-09. The survey collected data on school attendance for age 4-24 and educational attainment for age 4 and above. Data extracted on 25 February 2025.,"Adjusted location parity index for completion rate, by sex, location, wealth quintile and education level [4.5.1]",Male,,,,Upper secondary education,,Country Data,Kenya  DHS 2022.  The survey collected data on school attendance for age 3-24 and educational attainment for age 3 and above. Data extracted on 25 February 2025.,,,0.49135
2009,C,"Kenya Population and Housing Census 2009. IPUMS-International, National Bureau of Statistics. Data extracted on 25 February 2025.","Adjusted location parity index for completion rate, by sex, location, wealth quintile and education level [4.5.1]",Male,,,,Upper secondary education,,Country Data,Kenya  DHS 2022.  The survey collected data on school attendance for age 3-24 and educational attainment for age 3 and above. Data extracted on 25 February 2025.,,,0.40555
2014,C,Kenya DHS 2014. The survey collected data on school attendance for age 3-24 and educational attainment for age 3 and above. Data extracted on 25 February 2025.,"Adjusted location parity index for completion rate, by sex, location, wealth quintile and education level [4.5.1]",Male,,,,Upper secondary education,,Country Data,Kenya  DHS 2022.  The survey collected data on school attendance for age 3-24 and educational attainment for age 3 and above. Data extracted on 25 February 2025.,,,0.58124
2019,C,Kenya Continuous Household Survey Programme (KCHSP) 2019. The survey collected data on school attendance and attainment for age 3 and above. Data extracted on 25 February 2025.,"Adjusted location parity index for completion rate, by sex, location, wealth quintile and education level [4.5.1]",Male,,,,Upper secondary education,,Country Data,Kenya  DHS 2022.  The survey collected data on school attendance for age 3-24 and educational attainment for age 3 and above. Data extracted on 25 February 2025.,,,0.59151
2020,C,Kenya Continuous Household Survey Programme (KCHSP) 2020. The survey collected data on school attendance and attainment for age 3 and above. Data extracted on 25 February 2025.,"Adjusted location parity index for completion rate, by sex, location, wealth quintile and education level [4.5.1]",Male,,,,Upper secondary education,,Country Data,Kenya  DHS 2022.  The survey collected data on school attendance for age 3-24 and educational attainment for age 3 and above. Data extracted on 25 February 2025.,,,0.59114
2022,C,Kenya  DHS 2022.  The survey collected data on school attendance for age 3-24 and educational attainment for age 3 and above. Data extracted on 25 February 2025.,"Adjusted location parity index for completion rate, by sex, location, wealth quintile and education level [4.5.1]",Male,,,,Upper secondary education,,Country Data,Kenya  DHS 2022.  The survey collected data on school attendance for age 3-24 and educational attainment for age 3 and above. Data extracted on 25 February 2025.,,,0.63912
2003,C,Kenya DHS 2003. The survey collected data on school attendance for age 4-24 and educational attainment for age 4 and above. Data extracted on 25 February 2025.,"Adjusted location parity index for completion rate, by sex, location, wealth quintile and education level [4.5.1]",Male,,,Quintile 1 (poorest),Primary education,,Country Data,Kenya  DHS 2022.  The survey collected data on school attendance for age 3-24 and educational attainment for age 3 and above. Data extracted on 25 February 2025.,This data point is NOT APPLICABLE for the submitting nation.,This data point is NOT APPLICABLE for the submitting nation.,0.0
2008,C,Kenya DHS 2008-09. The survey collected data on school attendance for age 4-24 and educational attainment for age 4 and above. Data extracted on 25 February 2025.,"Adjusted location parity index for completion rate, by sex, location, wealth quintile and education level [4.5.1]",Male,,,Quintile 1 (poorest),Primary education,,Country Data,Kenya  DHS 2022.  The survey collected data on school attendance for age 3-24 and educational attainment for age 3 and above. Data extracted on 25 February 2025.,This data point is NOT APPLICABLE for the submitting nation.,This data point is NOT APPLICABLE for the submitting nation.,0.0
2014,C,Kenya DHS 2014. The survey collected data on school attendance for age 3-24 and educational attainment for age 3 and above. Data extracted on 25 February 2025.,"Adjusted location parity index for completion rate, by sex, location, wealth quintile and education level [4.5.1]",Male,,,Quintile 1 (poorest),Primary education,,Country Data,Kenya  DHS 2022.  The survey collected data on school attendance for age 3-24 and educational attainment for age 3 and above. Data extracted on 25 February 2025.,,This data point is NOT APPLICABLE for the submitting nation.,0.74313
2022,C,Kenya  DHS 2022.  The survey collected data on school attendance for age 3-24 and educational attainment for age 3 and above. Data extracted on 25 February 2025.,"Adjusted location parity index for completion rate, by sex, location, wealth quintile and education level [4.5.1]",Male,,,Quintile 1 (poorest),Primary education,,Country Data,Kenya  DHS 2022.  The survey collected data on school attendance for age 3-24 and educational attainment for age 3 and above. Data extracted on 25 February 2025.,,This data point is NOT APPLICABLE for the submitting nation.,1.06135
2003,C,Kenya DHS 2003. The survey collected data on school attendance for age 4-24 and educational attainment for age 4 and above. Data extracted on 25 February 2025.,"Adjusted location parity index for completion rate, by sex, location, wealth quintile and education level [4.5.1]",Male,,,Quintile 1 (poorest),Lower secondary education,,Country Data,Kenya  DHS 2022.  The survey collected data on school attendance for age 3-24 and educational attainment for age 3 and above. Data extracted on 25 February 2025.,This data point is NOT APPLICABLE for the submitting nation.,This data point is NOT APPLICABLE for the submitting nation.,0.0
2008,C,Kenya DHS 2008-09. The survey collected data on school attendance for age 4-24 and educational attainment for age 4 and above. Data extracted on 25 February 2025.,"Adjusted location parity index for completion rate, by sex, location, wealth quintile and education level [4.5.1]",Male,,,Quintile 1 (poorest),Lower secondary education,,Country Data,Kenya  DHS 2022.  The survey collected data on school attendance for age 3-24 and educational attainment for age 3 and above. Data extracted on 25 February 2025.,This data point is NOT APPLICABLE for the submitting nation.,This data point is NOT APPLICABLE for the submitting nation.,0.0
2014,C,Kenya DHS 2014. The survey collected data on school attendance for age 3-24 and educational attainment for age 3 and above. Data extracted on 25 February 2025.,"Adjusted location parity index for completion rate, by sex, location, wealth quintile and education level [4.5.1]",Male,,,Quintile 1 (poorest),Lower secondary education,,Country Data,Kenya  DHS 2022.  The survey collected data on school attendance for age 3-24 and educational attainment for age 3 and above. Data extracted on 25 February 2025.,,This data point is NOT APPLICABLE for the submitting nation.,0.77511
2022,C,Kenya  DHS 2022.  The survey collected data on school attendance for age 3-24 and educational attainment for age 3 and above. Data extracted on 25 February 2025.,"Adjusted location parity index for completion rate, by sex, location, wealth quintile and education level [4.5.1]",Male,,,Quintile 1 (poorest),Lower secondary education,,Country Data,Kenya  DHS 2022.  The survey collected data on school attendance for age 3-24 and educational attainment for age 3 and above. Data extracted on 25 February 2025.,,This data point is NOT APPLICABLE for the submitting nation.,1.10203
2003,C,Kenya DHS 2003. The survey collected data on school attendance for age 4-24 and educational attainment for age 4 and above. Data extracted on 25 February 2025.,"Adjusted location parity index for completion rate, by sex, location, wealth quintile and education level [4.5.1]",Male,,,Quintile 1 (poorest),Upper secondary education,,Country Data,Kenya  DHS 2022.  The survey collected data on school attendance for age 3-24 and educational attainment for age 3 and above. Data extracted on 25 February 2025.,This data point is NOT APPLICABLE for the submitting nation.,This data point is NOT APPLICABLE for the submitting nation.,0.0
2008,C,Kenya DHS 2008-09. The survey collected data on school attendance for age 4-24 and educational attainment for age 4 and above. Data extracted on 25 February 2025.,"Adjusted location parity index for completion rate, by sex, location, wealth quintile and education level [4.5.1]",Male,,,Quintile 1 (poorest),Upper secondary education,,Country Data,Kenya  DHS 2022.  The survey collected data on school attendance for age 3-24 and educational attainment for age 3 and above. Data extracted on 25 February 2025.,This data point is NOT APPLICABLE for the submitting nation.,This data point is NOT APPLICABLE for the submitting nation.,0.0
2014,C,Kenya DHS 2014. The survey collected data on school attendance for age 3-24 and educational attainment for age 3 and above. Data extracted on 25 February 2025.,"Adjusted location parity index for completion rate, by sex, location, wealth quintile and education level [4.5.1]",Male,,,Quintile 1 (poorest),Upper secondary education,,Country Data,Kenya  DHS 2022.  The survey collected data on school attendance for age 3-24 and educational attainment for age 3 and above. Data extracted on 25 February 2025.,,This data point is NOT APPLICABLE for the submitting nation.,1.40374
2022,C,Kenya  DHS 2022.  The survey collected data on school attendance for age 3-24 and educational attainment for age 3 and above. Data extracted on 25 February 2025.,"Adjusted location parity index for completion rate, by sex, location, wealth quintile and education level [4.5.1]",Male,,,Quintile 1 (poorest),Upper secondary education,,Country Data,Kenya  DHS 2022.  The survey collected data on school attendance for age 3-24 and educational attainment for age 3 and above. Data extracted on 25 February 2025.,,This data point is NOT APPLICABLE for the submitting nation.,0.53201
2003,C,Kenya DHS 2003. The survey collected data on school attendance for age 4-24 and educational attainment for age 4 and above. Data extracted on 25 February 2025.,"Adjusted location parity index for completion rate, by sex, location, wealth quintile and education level [4.5.1]",Male,,,Quintile 2,Primary education,,Country Data,Kenya  DHS 2022.  The survey collected data on school attendance for age 3-24 and educational attainment for age 3 and above. Data extracted on 25 February 2025.,This data point is NOT APPLICABLE for the submitting nation.,This data point is NOT APPLICABLE for the submitting nation.,0.0
2008,C,Kenya DHS 2008-09. The survey collected data on school attendance for age 4-24 and educational attainment for age 4 and above. Data extracted on 25 February 2025.,"Adjusted location parity index for completion rate, by sex, location, wealth quintile and education level [4.5.1]",Male,,,Quintile 2,Primary education,,Country Data,Kenya  DHS 2022.  The survey collected data on school attendance for age 3-24 and educational attainment for age 3 and above. Data extracted on 25 February 2025.,This data point is NOT APPLICABLE for the submitting nation.,This data point is NOT APPLICABLE for the submitting nation.,0.0
2014,C,Kenya DHS 2014. The survey collected data on school attendance for age 3-24 and educational attainment for age 3 and above. Data extracted on 25 February 2025.,"Adjusted location parity index for completion rate, by sex, location, wealth quintile and education level [4.5.1]",Male,,,Quintile 2,Primary education,,Country Data,Kenya  DHS 2022.  The survey collected data on school attendance for age 3-24 and educational attainment for age 3 and above. Data extracted on 25 February 2025.,,This data point is NOT APPLICABLE for the submitting nation.,0.9175
2022,C,Kenya  DHS 2022.  The survey collected data on school attendance for age 3-24 and educational attainment for age 3 and above. Data extracted on 25 February 2025.,"Adjusted location parity index for completion rate, by sex, location, wealth quintile and education level [4.5.1]",Male,,,Quintile 2,Primary education,,Country Data,Kenya  DHS 2022.  The survey collected data on school attendance for age 3-24 and educational attainment for age 3 and above. Data extracted on 25 February 2025.,,This data point is NOT APPLICABLE for the submitting nation.,1.05314
2003,C,Kenya DHS 2003. The survey collected data on school attendance for age 4-24 and educational attainment for age 4 and above. Data extracted on 25 February 2025.,"Adjusted location parity index for completion rate, by sex, location, wealth quintile and education level [4.5.1]",Male,,,Quintile 2,Lower secondary education,,Country Data,Kenya  DHS 2022.  The survey collected data on school attendance for age 3-24 and educational attainment for age 3 and above. Data extracted on 25 February 2025.,This data point is NOT APPLICABLE for the submitting nation.,This data point is NOT APPLICABLE for the submitting nation.,0.0
2008,C,Kenya DHS 2008-09. The survey collected data on school attendance for age 4-24 and educational attainment for age 4 and above. Data extracted on 25 February 2025.,"Adjusted location parity index for completion rate, by sex, location, wealth quintile and education level [4.5.1]",Male,,,Quintile 2,Lower secondary education,,Country Data,Kenya  DHS 2022.  The survey collected data on school attendance for age 3-24 and educational attainment for age 3 and above. Data extracted on 25 February 2025.,This data point is NOT APPLICABLE for the submitting nation.,This data point is NOT APPLICABLE for the submitting nation.,0.0
2014,C,Kenya DHS 2014. The survey collected data on school attendance for age 3-24 and educational attainment for age 3 and above. Data extracted on 25 February 2025.,"Adjusted location parity index for completion rate, by sex, location, wealth quintile and education level [4.5.1]",Male,,,Quintile 2,Lower secondary education,,Country Data,Kenya  DHS 2022.  The survey collected data on school attendance for age 3-24 and educational attainment for age 3 and above. Data extracted on 25 February 2025.,,This data point is NOT APPLICABLE for the submitting nation.,0.95196
2022,C,Kenya  DHS 2022.  The survey collected data on school attendance for age 3-24 and educational attainment for age 3 and above. Data extracted on 25 February 2025.,"Adjusted location parity index for completion rate, by sex, location, wealth quintile and education level [4.5.1]",Male,,,Quintile 2,Lower secondary education,,Country Data,Kenya  DHS 2022.  The survey collected data on school attendance for age 3-24 and educational attainment for age 3 and above. Data extracted on 25 February 2025.,,This data point is NOT APPLICABLE for the submitting nation.,1.10333
2003,C,Kenya DHS 2003. The survey collected data on school attendance for age 4-24 and educational attainment for age 4 and above. Data extracted on 25 February 2025.,"Adjusted location parity index for completion rate, by sex, location, wealth quintile and education level [4.5.1]",Male,,,Quintile 2,Upper secondary education,,Country Data,Kenya  DHS 2022.  The survey collected data on school attendance for age 3-24 and educational attainment for age 3 and above. Data extracted on 25 February 2025.,This data point is NOT APPLICABLE for the submitting nation.,This data point is NOT APPLICABLE for the submitting nation.,0.0
2008,C,Kenya DHS 2008-09. The survey collected data on school attendance for age 4-24 and educational attainment for age 4 and above. Data extracted on 25 February 2025.,"Adjusted location parity index for completion rate, by sex, location, wealth quintile and education level [4.5.1]",Male,,,Quintile 2,Upper secondary education,,Country Data,Kenya  DHS 2022.  The survey collected data on school attendance for age 3-24 and educational attainment for age 3 and above. Data extracted on 25 February 2025.,This data point is NOT APPLICABLE for the submitting nation.,This data point is NOT APPLICABLE for the submitting nation.,0.0
2014,C,Kenya DHS 2014. The survey collected data on school attendance for age 3-24 and educational attainment for age 3 and above. Data extracted on 25 February 2025.,"Adjusted location parity index for completion rate, by sex, location, wealth quintile and education level [4.5.1]",Male,,,Quintile 2,Upper secondary education,,Country Data,Kenya  DHS 2022.  The survey collected data on school attendance for age 3-24 and educational attainment for age 3 and above. Data extracted on 25 February 2025.,,This data point is NOT APPLICABLE for the submitting nation.,0.788
2022,C,Kenya  DHS 2022.  The survey collected data on school attendance for age 3-24 and educational attainment for age 3 and above. Data extracted on 25 February 2025.,"Adjusted location parity index for completion rate, by sex, location, wealth quintile and education level [4.5.1]",Male,,,Quintile 2,Upper secondary education,,Country Data,Kenya  DHS 2022.  The survey collected data on school attendance for age 3-24 and educational attainment for age 3 and above. Data extracted on 25 February 2025.,,This data point is NOT APPLICABLE for the submitting nation.,0.94988
2003,C,Kenya DHS 2003. The survey collected data on school attendance for age 4-24 and educational attainment for age 4 and above. Data extracted on 25 February 2025.,"Adjusted location parity index for completion rate, by sex, location, wealth quintile and education level [4.5.1]",Male,,,Quintile 3,Primary education,,Country Data,Kenya  DHS 2022.  The survey collected data on school attendance for age 3-24 and educational attainment for age 3 and above. Data extracted on 25 February 2025.,This data point is NOT APPLICABLE for the submitting nation.,This data point is NOT APPLICABLE for the submitting nation.,0.0
2008,C,Kenya DHS 2008-09. The survey collected data on school attendance for age 4-24 and educational attainment for age 4 and above. Data extracted on 25 February 2025.,"Adjusted location parity index for completion rate, by sex, location, wealth quintile and education level [4.5.1]",Male,,,Quintile 3,Primary education,,Country Data,Kenya  DHS 2022.  The survey collected data on school attendance for age 3-24 and educational attainment for age 3 and above. Data extracted on 25 February 2025.,This data point is NOT APPLICABLE for the submitting nation.,This data point is NOT APPLICABLE for the submitting nation.,0.0
2014,C,Kenya DHS 2014. The survey collected data on school attendance for age 3-24 and educational attainment for age 3 and above. Data extracted on 25 February 2025.,"Adjusted location parity index for completion rate, by sex, location, wealth quintile and education level [4.5.1]",Male,,,Quintile 3,Primary education,,Country Data,Kenya  DHS 2022.  The survey collected data on school attendance for age 3-24 and educational attainment for age 3 and above. Data extracted on 25 February 2025.,,This data point is NOT APPLICABLE for the submitting nation.,0.93895
2022,C,Kenya  DHS 2022.  The survey collected data on school attendance for age 3-24 and educational attainment for age 3 and above. Data extracted on 25 February 2025.,"Adjusted location parity index for completion rate, by sex, location, wealth quintile and education level [4.5.1]",Male,,,Quintile 3,Primary education,,Country Data,Kenya  DHS 2022.  The survey collected data on school attendance for age 3-24 and educational attainment for age 3 and above. Data extracted on 25 February 2025.,,This data point is NOT APPLICABLE for the submitting nation.,1.08286
2003,C,Kenya DHS 2003. The survey collected data on school attendance for age 4-24 and educational attainment for age 4 and above. Data extracted on 25 February 2025.,"Adjusted location parity index for completion rate, by sex, location, wealth quintile and education level [4.5.1]",Male,,,Quintile 3,Lower secondary education,,Country Data,Kenya  DHS 2022.  The survey collected data on school attendance for age 3-24 and educational attainment for age 3 and above. Data extracted on 25 February 2025.,This data point is NOT APPLICABLE for the submitting nation.,This data point is NOT APPLICABLE for the submitting nation.,0.0
2008,C,Kenya DHS 2008-09. The survey collected data on school attendance for age 4-24 and educational attainment for age 4 and above. Data extracted on 25 February 2025.,"Adjusted location parity index for completion rate, by sex, location, wealth quintile and education level [4.5.1]",Male,,,Quintile 3,Lower secondary education,,Country Data,Kenya  DHS 2022.  The survey collected data on school attendance for age 3-24 and educational attainment for age 3 and above. Data extracted on 25 February 2025.,This data point is NOT APPLICABLE for the submitting nation.,This data point is NOT APPLICABLE for the submitting nation.,0.0
2014,C,Kenya DHS 2014. The survey collected data on school attendance for age 3-24 and educational attainment for age 3 and above. Data extracted on 25 February 2025.,"Adjusted location parity index for completion rate, by sex, location, wealth quintile and education level [4.5.1]",Male,,,Quintile 3,Lower secondary education,,Country Data,Kenya  DHS 2022.  The survey collected data on school attendance for age 3-24 and educational attainment for age 3 and above. Data extracted on 25 February 2025.,,This data point is NOT APPLICABLE for the submitting nation.,0.95825
2022,C,Kenya  DHS 2022.  The survey collected data on school attendance for age 3-24 and educational attainment for age 3 and above. Data extracted on 25 February 2025.,"Adjusted location parity index for completion rate, by sex, location, wealth quintile and education level [4.5.1]",Male,,,Quintile 3,Lower secondary education,,Country Data,Kenya  DHS 2022.  The survey collected data on school attendance for age 3-24 and educational attainment for age 3 and above. Data extracted on 25 February 2025.,,This data point is NOT APPLICABLE for the submitting nation.,1.0865
2003,C,Kenya DHS 2003. The survey collected data on school attendance for age 4-24 and educational attainment for age 4 and above. Data extracted on 25 February 2025.,"Adjusted location parity index for completion rate, by sex, location, wealth quintile and education level [4.5.1]",Male,,,Quintile 3,Upper secondary education,,Country Data,Kenya  DHS 2022.  The survey collected data on school attendance for age 3-24 and educational attainment for age 3 and above. Data extracted on 25 February 2025.,This data point is NOT APPLICABLE for the submitting nation.,This data point is NOT APPLICABLE for the submitting nation.,0.0
2008,C,Kenya DHS 2008-09. The survey collected data on school attendance for age 4-24 and educational attainment for age 4 and above. Data extracted on 25 February 2025.,"Adjusted location parity index for completion rate, by sex, location, wealth quintile and education level [4.5.1]",Male,,,Quintile 3,Upper secondary education,,Country Data,Kenya  DHS 2022.  The survey collected data on school attendance for age 3-24 and educational attainment for age 3 and above. Data extracted on 25 February 2025.,This data point is NOT APPLICABLE for the submitting nation.,This data point is NOT APPLICABLE for the submitting nation.,0.0
2014,C,Kenya DHS 2014. The survey collected data on school attendance for age 3-24 and educational attainment for age 3 and above. Data extracted on 25 February 2025.,"Adjusted location parity index for completion rate, by sex, location, wealth quintile and education level [4.5.1]",Male,,,Quintile 3,Upper secondary education,,Country Data,Kenya  DHS 2022.  The survey collected data on school attendance for age 3-24 and educational attainment for age 3 and above. Data extracted on 25 February 2025.,,This data point is NOT APPLICABLE for the submitting nation.,1.14195
2022,C,Kenya  DHS 2022.  The survey collected data on school attendance for age 3-24 and educational attainment for age 3 and above. Data extracted on 25 February 2025.,"Adjusted location parity index for completion rate, by sex, location, wealth quintile and education level [4.5.1]",Male,,,Quintile 3,Upper secondary education,,Country Data,Kenya  DHS 2022.  The survey collected data on school attendance for age 3-24 and educational attainment for age 3 and above. Data extracted on 25 February 2025.,,This data point is NOT APPLICABLE for the submitting nation.,1.12513
2003,C,Kenya DHS 2003. The survey collected data on school attendance for age 4-24 and educational attainment for age 4 and above. Data extracted on 25 February 2025.,"Adjusted location parity index for completion rate, by sex, location, wealth quintile and education level [4.5.1]",Male,,,Quintile 4,Primary education,,Country Data,Kenya  DHS 2022.  The survey collected data on school attendance for age 3-24 and educational attainment for age 3 and above. Data extracted on 25 February 2025.,,,0.99038
2008,C,Kenya DHS 2008-09. The survey collected data on school attendance for age 4-24 and educational attainment for age 4 and above. Data extracted on 25 February 2025.,"Adjusted location parity index for completion rate, by sex, location, wealth quintile and education level [4.5.1]",Male,,,Quintile 4,Primary education,,Country Data,Kenya  DHS 2022.  The survey collected data on school attendance for age 3-24 and educational attainment for age 3 and above. Data extracted on 25 February 2025.,,,1.08475
2014,C,Kenya DHS 2014. The survey collected data on school attendance for age 3-24 and educational attainment for age 3 and above. Data extracted on 25 February 2025.,"Adjusted location parity index for completion rate, by sex, location, wealth quintile and education level [4.5.1]",Male,,,Quintile 4,Primary education,,Country Data,Kenya  DHS 2022.  The survey collected data on school attendance for age 3-24 and educational attainment for age 3 and above. Data extracted on 25 February 2025.,,,1.04537
2022,C,Kenya  DHS 2022.  The survey collected data on school attendance for age 3-24 and educational attainment for age 3 and above. Data extracted on 25 February 2025.,"Adjusted location parity index for completion rate, by sex, location, wealth quintile and education level [4.5.1]",Male,,,Quintile 4,Primary education,,Country Data,Kenya  DHS 2022.  The survey collected data on school attendance for age 3-24 and educational attainment for age 3 and above. Data extracted on 25 February 2025.,,,1.01989
2003,C,Kenya DHS 2003. The survey collected data on school attendance for age 4-24 and educational attainment for age 4 and above. Data extracted on 25 February 2025.,"Adjusted location parity index for completion rate, by sex, location, wealth quintile and education level [4.5.1]",Male,,,Quintile 4,Lower secondary education,,Country Data,Kenya  DHS 2022.  The survey collected data on school attendance for age 3-24 and educational attainment for age 3 and above. Data extracted on 25 February 2025.,,,0.9419
2008,C,Kenya DHS 2008-09. The survey collected data on school attendance for age 4-24 and educational attainment for age 4 and above. Data extracted on 25 February 2025.,"Adjusted location parity index for completion rate, by sex, location, wealth quintile and education level [4.5.1]",Male,,,Quintile 4,Lower secondary education,,Country Data,Kenya  DHS 2022.  The survey collected data on school attendance for age 3-24 and educational attainment for age 3 and above. Data extracted on 25 February 2025.,,,1.13506
2014,C,Kenya DHS 2014. The survey collected data on school attendance for age 3-24 and educational attainment for age 3 and above. Data extracted on 25 February 2025.,"Adjusted location parity index for completion rate, by sex, location, wealth quintile and education level [4.5.1]",Male,,,Quintile 4,Lower secondary education,,Country Data,Kenya  DHS 2022.  The survey collected data on school attendance for age 3-24 and educational attainment for age 3 and above. Data extracted on 25 February 2025.,,,1.01735
2022,C,Kenya  DHS 2022.  The survey collected data on school attendance for age 3-24 and educational attainment for age 3 and above. Data extracted on 25 February 2025.,"Adjusted location parity index for completion rate, by sex, location, wealth quintile and education level [4.5.1]",Male,,,Quintile 4,Lower secondary education,,Country Data,Kenya  DHS 2022.  The survey collected data on school attendance for age 3-24 and educational attainment for age 3 and above. Data extracted on 25 February 2025.,,,0.99173
2003,C,Kenya DHS 2003. The survey collected data on school attendance for age 4-24 and educational attainment for age 4 and above. Data extracted on 25 February 2025.,"Adjusted location parity index for completion rate, by sex, location, wealth quintile and education level [4.5.1]",Male,,,Quintile 4,Upper secondary education,,Country Data,Kenya  DHS 2022.  The survey collected data on school attendance for age 3-24 and educational attainment for age 3 and above. Data extracted on 25 February 2025.,,,1.48056
2008,C,Kenya DHS 2008-09. The survey collected data on school attendance for age 4-24 and educational attainment for age 4 and above. Data extracted on 25 February 2025.,"Adjusted location parity index for completion rate, by sex, location, wealth quintile and education level [4.5.1]",Male,,,Quintile 4,Upper secondary education,,Country Data,Kenya  DHS 2022.  The survey collected data on school attendance for age 3-24 and educational attainment for age 3 and above. Data extracted on 25 February 2025.,,,1.38139
2014,C,Kenya DHS 2014. The survey collected data on school attendance for age 3-24 and educational attainment for age 3 and above. Data extracted on 25 February 2025.,"Adjusted location parity index for completion rate, by sex, location, wealth quintile and education level [4.5.1]",Male,,,Quintile 4,Upper secondary education,,Country Data,Kenya  DHS 2022.  The survey collected data on school attendance for age 3-24 and educational attainment for age 3 and above. Data extracted on 25 February 2025.,,,0.98181
2022,C,Kenya  DHS 2022.  The survey collected data on school attendance for age 3-24 and educational attainment for age 3 and above. Data extracted on 25 February 2025.,"Adjusted location parity index for completion rate, by sex, location, wealth quintile and education level [4.5.1]",Male,,,Quintile 4,Upper secondary education,,Country Data,Kenya  DHS 2022.  The survey collected data on school attendance for age 3-24 and educational attainment for age 3 and above. Data extracted on 25 February 2025.,,,1.01131
2003,C,Kenya DHS 2003. The survey collected data on school attendance for age 4-24 and educational attainment for age 4 and above. Data extracted on 25 February 2025.,"Adjusted location parity index for completion rate, by sex, location, wealth quintile and education level [4.5.1]",Male,,,Quintile 5 (richest),Primary education,,Country Data,Kenya  DHS 2022.  The survey collected data on school attendance for age 3-24 and educational attainment for age 3 and above. Data extracted on 25 February 2025.,,,1.11855
2008,C,Kenya DHS 2008-09. The survey collected data on school attendance for age 4-24 and educational attainment for age 4 and above. Data extracted on 25 February 2025.,"Adjusted location parity index for completion rate, by sex, location, wealth quintile and education level [4.5.1]",Male,,,Quintile 5 (richest),Primary education,,Country Data,Kenya  DHS 2022.  The survey collected data on school attendance for age 3-24 and educational attainment for age 3 and above. Data extracted on 25 February 2025.,,,0.96421
2014,C,Kenya DHS 2014. The survey collected data on school attendance for age 3-24 and educational attainment for age 3 and above. Data extracted on 25 February 2025.,"Adjusted location parity index for completion rate, by sex, location, wealth quintile and education level [4.5.1]",Male,,,Quintile 5 (richest),Primary education,,Country Data,Kenya  DHS 2022.  The survey collected data on school attendance for age 3-24 and educational attainment for age 3 and above. Data extracted on 25 February 2025.,,,0.9907
2022,C,Kenya  DHS 2022.  The survey collected data on school attendance for age 3-24 and educational attainment for age 3 and above. Data extracted on 25 February 2025.,"Adjusted location parity index for completion rate, by sex, location, wealth quintile and education level [4.5.1]",Male,,,Quintile 5 (richest),Primary education,,Country Data,Kenya  DHS 2022.  The survey collected data on school attendance for age 3-24 and educational attainment for age 3 and above. Data extracted on 25 February 2025.,,,1.04085
2003,C,Kenya DHS 2003. The survey collected data on school attendance for age 4-24 and educational attainment for age 4 and above. Data extracted on 25 February 2025.,"Adjusted location parity index for completion rate, by sex, location, wealth quintile and education level [4.5.1]",Male,,,Quintile 5 (richest),Lower secondary education,,Country Data,Kenya  DHS 2022.  The survey collected data on school attendance for age 3-24 and educational attainment for age 3 and above. Data extracted on 25 February 2025.,,,0.96064
2008,C,Kenya DHS 2008-09. The survey collected data on school attendance for age 4-24 and educational attainment for age 4 and above. Data extracted on 25 February 2025.,"Adjusted location parity index for completion rate, by sex, location, wealth quintile and education level [4.5.1]",Male,,,Quintile 5 (richest),Lower secondary education,,Country Data,Kenya  DHS 2022.  The survey collected data on school attendance for age 3-24 and educational attainment for age 3 and above. Data extracted on 25 February 2025.,,,1.10347
2014,C,Kenya DHS 2014. The survey collected data on school attendance for age 3-24 and educational attainment for age 3 and above. Data extracted on 25 February 2025.,"Adjusted location parity index for completion rate, by sex, location, wealth quintile and education level [4.5.1]",Male,,,Quintile 5 (richest),Lower secondary education,,Country Data,Kenya  DHS 2022.  The survey collected data on school attendance for age 3-24 and educational attainment for age 3 and above. Data extracted on 25 February 2025.,,,0.96687
2022,C,Kenya  DHS 2022.  The survey collected data on school attendance for age 3-24 and educational attainment for age 3 and above. Data extracted on 25 February 2025.,"Adjusted location parity index for completion rate, by sex, location, wealth quintile and education level [4.5.1]",Male,,,Quintile 5 (richest),Lower secondary education,,Country Data,Kenya  DHS 2022.  The survey collected data on school attendance for age 3-24 and educational attainment for age 3 and above. Data extracted on 25 February 2025.,,,0.93341
2003,C,Kenya DHS 2003. The survey collected data on school attendance for age 4-24 and educational attainment for age 4 and above. Data extracted on 25 February 2025.,"Adjusted location parity index for completion rate, by sex, location, wealth quintile and education level [4.5.1]",Male,,,Quintile 5 (richest),Upper secondary education,,Country Data,Kenya  DHS 2022.  The survey collected data on school attendance for age 3-24 and educational attainment for age 3 and above. Data extracted on 25 February 2025.,,,0.55405
2008,C,Kenya DHS 2008-09. The survey collected data on school attendance for age 4-24 and educational attainment for age 4 and above. Data extracted on 25 February 2025.,"Adjusted location parity index for completion rate, by sex, location, wealth quintile and education level [4.5.1]",Male,,,Quintile 5 (richest),Upper secondary education,,Country Data,Kenya  DHS 2022.  The survey collected data on school attendance for age 3-24 and educational attainment for age 3 and above. Data extracted on 25 February 2025.,,,0.62032
2014,C,Kenya DHS 2014. The survey collected data on school attendance for age 3-24 and educational attainment for age 3 and above. Data extracted on 25 February 2025.,"Adjusted location parity index for completion rate, by sex, location, wealth quintile and education level [4.5.1]",Male,,,Quintile 5 (richest),Upper secondary education,,Country Data,Kenya  DHS 2022.  The survey collected data on school attendance for age 3-24 and educational attainment for age 3 and above. Data extracted on 25 February 2025.,,,0.88804
2022,C,Kenya  DHS 2022.  The survey collected data on school attendance for age 3-24 and educational attainment for age 3 and above. Data extracted on 25 February 2025.,"Adjusted location parity index for completion rate, by sex, location, wealth quintile and education level [4.5.1]",Male,,,Quintile 5 (richest),Upper secondary education,,Country Data,Kenya  DHS 2022.  The survey collected data on school attendance for age 3-24 and educational attainment for age 3 and above. Data extracted on 25 February 2025.,,,0.80798
2000,C,Kenya MICS 2000 (GEMR). Data extracted on 25 February 2025.,"Adjusted wealth parity index for completion rate, by sex, location, wealth quintile and education level [4.5.1]",,,,,Primary education,,Country Data,Kenya  DHS 2022.  The survey collected data on school attendance for age 3-24 and educational attainment for age 3 and above. Data extracted on 25 February 2025.,,,0.50179
2003,C,Kenya DHS 2003. The survey collected data on school attendance for age 4-24 and educational attainment for age 4 and above. Data extracted on 25 February 2025.,"Adjusted wealth parity index for completion rate, by sex, location, wealth quintile and education level [4.5.1]",,,,,Primary education,,Country Data,Kenya  DHS 2022.  The survey collected data on school attendance for age 3-24 and educational attainment for age 3 and above. Data extracted on 25 February 2025.,,,0.36934
2008,C,Kenya DHS 2008-09. The survey collected data on school attendance for age 4-24 and educational attainment for age 4 and above. Data extracted on 25 February 2025.,"Adjusted wealth parity index for completion rate, by sex, location, wealth quintile and education level [4.5.1]",,,,,Primary education,,Country Data,Kenya  DHS 2022.  The survey collected data on school attendance for age 3-24 and educational attainment for age 3 and above. Data extracted on 25 February 2025.,,,0.64158
2014,C,Kenya DHS 2014. The survey collected data on school attendance for age 3-24 and educational attainment for age 3 and above. Data extracted on 25 February 2025.,"Adjusted wealth parity index for completion rate, by sex, location, wealth quintile and education level [4.5.1]",,,,,Primary education,,Country Data,Kenya  DHS 2022.  The survey collected data on school attendance for age 3-24 and educational attainment for age 3 and above. Data extracted on 25 February 2025.,,,0.65401
2022,C,Kenya  DHS 2022.  The survey collected data on school attendance for age 3-24 and educational attainment for age 3 and above. Data extracted on 25 February 2025.,"Adjusted wealth parity index for completion rate, by sex, location, wealth quintile and education level [4.5.1]",,,,,Primary education,,Country Data,Kenya  DHS 2022.  The survey collected data on school attendance for age 3-24 and educational attainment for age 3 and above. Data extracted on 25 February 2025.,,,0.82533
2000,C,Kenya MICS 2000 (GEMR). Data extracted on 25 February 2025.,"Adjusted wealth parity index for completion rate, by sex, location, wealth quintile and education level [4.5.1]",,,,,Lower secondary education,,Country Data,Kenya  DHS 2022.  The survey collected data on school attendance for age 3-24 and educational attainment for age 3 and above. Data extracted on 25 February 2025.,,,0.31014
2003,C,Kenya DHS 2003. The survey collected data on school attendance for age 4-24 and educational attainment for age 4 and above. Data extracted on 25 February 2025.,"Adjusted wealth parity index for completion rate, by sex, location, wealth quintile and education level [4.5.1]",,,,,Lower secondary education,,Country Data,Kenya  DHS 2022.  The survey collected data on school attendance for age 3-24 and educational attainment for age 3 and above. Data extracted on 25 February 2025.,,,0.18515
2008,C,Kenya DHS 2008-09. The survey collected data on school attendance for age 4-24 and educational attainment for age 4 and above. Data extracted on 25 February 2025.,"Adjusted wealth parity index for completion rate, by sex, location, wealth quintile and education level [4.5.1]",,,,,Lower secondary education,,Country Data,Kenya  DHS 2022.  The survey collected data on school attendance for age 3-24 and educational attainment for age 3 and above. Data extracted on 25 February 2025.,,,0.39092
2014,C,Kenya DHS 2014. The survey collected data on school attendance for age 3-24 and educational attainment for age 3 and above. Data extracted on 25 February 2025.,"Adjusted wealth parity index for completion rate, by sex, location, wealth quintile and education level [4.5.1]",,,,,Lower secondary education,,Country Data,Kenya  DHS 2022.  The survey collected data on school attendance for age 3-24 and educational attainment for age 3 and above. Data extracted on 25 February 2025.,,,0.45276
2022,C,Kenya  DHS 2022.  The survey collected data on school attendance for age 3-24 and educational attainment for age 3 and above. Data extracted on 25 February 2025.,"Adjusted wealth parity index for completion rate, by sex, location, wealth quintile and education level [4.5.1]",,,,,Lower secondary education,,Country Data,Kenya  DHS 2022.  The survey collected data on school attendance for age 3-24 and educational attainment for age 3 and above. Data extracted on 25 February 2025.,,,0.69176
2000,C,Kenya MICS 2000 (GEMR). Data extracted on 25 February 2025.,"Adjusted wealth parity index for completion rate, by sex, location, wealth quintile and education level [4.5.1]",,,,,Upper secondary education,,Country Data,Kenya  DHS 2022.  The survey collected data on school attendance for age 3-24 and educational attainment for age 3 and above. Data extracted on 25 February 2025.,,,0.13341
2003,C,Kenya DHS 2003. The survey collected data on school attendance for age 4-24 and educational attainment for age 4 and above. Data extracted on 25 February 2025.,"Adjusted wealth parity index for completion rate, by sex, location, wealth quintile and education level [4.5.1]",,,,,Upper secondary education,,Country Data,Kenya  DHS 2022.  The survey collected data on school attendance for age 3-24 and educational attainment for age 3 and above. Data extracted on 25 February 2025.,,,0.14925
2008,C,Kenya DHS 2008-09. The survey collected data on school attendance for age 4-24 and educational attainment for age 4 and above. Data extracted on 25 February 2025.,"Adjusted wealth parity index for completion rate, by sex, location, wealth quintile and education level [4.5.1]",,,,,Upper secondary education,,Country Data,Kenya  DHS 2022.  The survey collected data on school attendance for age 3-24 and educational attainment for age 3 and above. Data extracted on 25 February 2025.,,,0.11749
2014,C,Kenya DHS 2014. The survey collected data on school attendance for age 3-24 and educational attainment for age 3 and above. Data extracted on 25 February 2025.,"Adjusted wealth parity index for completion rate, by sex, location, wealth quintile and education level [4.5.1]",,,,,Upper secondary education,,Country Data,Kenya  DHS 2022.  The survey collected data on school attendance for age 3-24 and educational attainment for age 3 and above. Data extracted on 25 February 2025.,,,0.15804
2022,C,Kenya  DHS 2022.  The survey collected data on school attendance for age 3-24 and educational attainment for age 3 and above. Data extracted on 25 February 2025.,"Adjusted wealth parity index for completion rate, by sex, location, wealth quintile and education level [4.5.1]",,,,,Upper secondary education,,Country Data,Kenya  DHS 2022.  The survey collected data on school attendance for age 3-24 and educational attainment for age 3 and above. Data extracted on 25 February 2025.,,,0.26847
2003,C,Kenya DHS 2003. The survey collected data on school attendance for age 4-24 and educational attainment for age 4 and above. Data extracted on 25 February 2025.,"Adjusted wealth parity index for completion rate, by sex, location, wealth quintile and education level [4.5.1]",,,Rural,,Primary education,,Country Data,Kenya  DHS 2022.  The survey collected data on school attendance for age 3-24 and educational attainment for age 3 and above. Data extracted on 25 February 2025.,,,0.36947
2008,C,Kenya DHS 2008-09. The survey collected data on school attendance for age 4-24 and educational attainment for age 4 and above. Data extracted on 25 February 2025.,"Adjusted wealth parity index for completion rate, by sex, location, wealth quintile and education level [4.5.1]",,,Rural,,Primary education,,Country Data,Kenya  DHS 2022.  The survey collected data on school attendance for age 3-24 and educational attainment for age 3 and above. Data extracted on 25 February 2025.,,,0.64114
2014,C,Kenya DHS 2014. The survey collected data on school attendance for age 3-24 and educational attainment for age 3 and above. Data extracted on 25 February 2025.,"Adjusted wealth parity index for completion rate, by sex, location, wealth quintile and education level [4.5.1]",,,Rural,,Primary education,,Country Data,Kenya  DHS 2022.  The survey collected data on school attendance for age 3-24 and educational attainment for age 3 and above. Data extracted on 25 February 2025.,,,0.63659
2022,C,Kenya  DHS 2022.  The survey collected data on school attendance for age 3-24 and educational attainment for age 3 and above. Data extracted on 25 February 2025.,"Adjusted wealth parity index for completion rate, by sex, location, wealth quintile and education level [4.5.1]",,,Rural,,Primary education,,Country Data,Kenya  DHS 2022.  The survey collected data on school attendance for age 3-24 and educational attainment for age 3 and above. Data extracted on 25 February 2025.,,,0.81254
2003,C,Kenya DHS 2003. The survey collected data on school attendance for age 4-24 and educational attainment for age 4 and above. Data extracted on 25 February 2025.,"Adjusted wealth parity index for completion rate, by sex, location, wealth quintile and education level [4.5.1]",,,Rural,,Lower secondary education,,Country Data,Kenya  DHS 2022.  The survey collected data on school attendance for age 3-24 and educational attainment for age 3 and above. Data extracted on 25 February 2025.,,,0.18841
2008,C,Kenya DHS 2008-09. The survey collected data on school attendance for age 4-24 and educational attainment for age 4 and above. Data extracted on 25 February 2025.,"Adjusted wealth parity index for completion rate, by sex, location, wealth quintile and education level [4.5.1]",,,Rural,,Lower secondary education,,Country Data,Kenya  DHS 2022.  The survey collected data on school attendance for age 3-24 and educational attainment for age 3 and above. Data extracted on 25 February 2025.,,,0.35995
2014,C,Kenya DHS 2014. The survey collected data on school attendance for age 3-24 and educational attainment for age 3 and above. Data extracted on 25 February 2025.,"Adjusted wealth parity index for completion rate, by sex, location, wealth quintile and education level [4.5.1]",,,Rural,,Lower secondary education,,Country Data,Kenya  DHS 2022.  The survey collected data on school attendance for age 3-24 and educational attainment for age 3 and above. Data extracted on 25 February 2025.,,,0.43699
2022,C,Kenya  DHS 2022.  The survey collected data on school attendance for age 3-24 and educational attainment for age 3 and above. Data extracted on 25 February 2025.,"Adjusted wealth parity index for completion rate, by sex, location, wealth quintile and education level [4.5.1]",,,Rural,,Lower secondary education,,Country Data,Kenya  DHS 2022.  The survey collected data on school attendance for age 3-24 and educational attainment for age 3 and above. Data extracted on 25 February 2025.,,,0.71881
2003,C,Kenya DHS 2003. The survey collected data on school attendance for age 4-24 and educational attainment for age 4 and above. Data extracted on 25 February 2025.,"Adjusted wealth parity index for completion rate, by sex, location, wealth quintile and education level [4.5.1]",,,Rural,,Upper secondary education,,Country Data,Kenya  DHS 2022.  The survey collected data on school attendance for age 3-24 and educational attainment for age 3 and above. Data extracted on 25 February 2025.,,,0.17299
2008,C,Kenya DHS 2008-09. The survey collected data on school attendance for age 4-24 and educational attainment for age 4 and above. Data extracted on 25 February 2025.,"Adjusted wealth parity index for completion rate, by sex, location, wealth quintile and education level [4.5.1]",,,Rural,,Upper secondary education,,Country Data,Kenya  DHS 2022.  The survey collected data on school attendance for age 3-24 and educational attainment for age 3 and above. Data extracted on 25 February 2025.,,,0.18796
2014,C,Kenya DHS 2014. The survey collected data on school attendance for age 3-24 and educational attainment for age 3 and above. Data extracted on 25 February 2025.,"Adjusted wealth parity index for completion rate, by sex, location, wealth quintile and education level [4.5.1]",,,Rural,,Upper secondary education,,Country Data,Kenya  DHS 2022.  The survey collected data on school attendance for age 3-24 and educational attainment for age 3 and above. Data extracted on 25 February 2025.,,,0.17177
2022,C,Kenya  DHS 2022.  The survey collected data on school attendance for age 3-24 and educational attainment for age 3 and above. Data extracted on 25 February 2025.,"Adjusted wealth parity index for completion rate, by sex, location, wealth quintile and education level [4.5.1]",,,Rural,,Upper secondary education,,Country Data,Kenya  DHS 2022.  The survey collected data on school attendance for age 3-24 and educational attainment for age 3 and above. Data extracted on 25 February 2025.,,,0.30011
2003,C,Kenya DHS 2003. The survey collected data on school attendance for age 4-24 and educational attainment for age 4 and above. Data extracted on 25 February 2025.,"Adjusted wealth parity index for completion rate, by sex, location, wealth quintile and education level [4.5.1]",,,Urban,,Primary education,,Country Data,Kenya  DHS 2022.  The survey collected data on school attendance for age 3-24 and educational attainment for age 3 and above. Data extracted on 25 February 2025.,,This data point is NOT APPLICABLE for the submitting nation.,0.34967
2008,C,Kenya DHS 2008-09. The survey collected data on school attendance for age 4-24 and educational attainment for age 4 and above. Data extracted on 25 February 2025.,"Adjusted wealth parity index for completion rate, by sex, location, wealth quintile and education level [4.5.1]",,,Urban,,Primary education,,Country Data,Kenya  DHS 2022.  The survey collected data on school attendance for age 3-24 and educational attainment for age 3 and above. Data extracted on 25 February 2025.,This data point is NOT APPLICABLE for the submitting nation.,This data point is NOT APPLICABLE for the submitting nation.,0.0
2014,C,Kenya DHS 2014. The survey collected data on school attendance for age 3-24 and educational attainment for age 3 and above. Data extracted on 25 February 2025.,"Adjusted wealth parity index for completion rate, by sex, location, wealth quintile and education level [4.5.1]",,,Urban,,Primary education,,Country Data,Kenya  DHS 2022.  The survey collected data on school attendance for age 3-24 and educational attainment for age 3 and above. Data extracted on 25 February 2025.,,This data point is NOT APPLICABLE for the submitting nation.,0.79901
2022,C,Kenya  DHS 2022.  The survey collected data on school attendance for age 3-24 and educational attainment for age 3 and above. Data extracted on 25 February 2025.,"Adjusted wealth parity index for completion rate, by sex, location, wealth quintile and education level [4.5.1]",,,Urban,,Primary education,,Country Data,Kenya  DHS 2022.  The survey collected data on school attendance for age 3-24 and educational attainment for age 3 and above. Data extracted on 25 February 2025.,,This data point is NOT APPLICABLE for the submitting nation.,0.72992
2003,C,Kenya DHS 2003. The survey collected data on school attendance for age 4-24 and educational attainment for age 4 and above. Data extracted on 25 February 2025.,"Adjusted wealth parity index for completion rate, by sex, location, wealth quintile and education level [4.5.1]",,,Urban,,Lower secondary education,,Country Data,Kenya  DHS 2022.  The survey collected data on school attendance for age 3-24 and educational attainment for age 3 and above. Data extracted on 25 February 2025.,,This data point is NOT APPLICABLE for the submitting nation.,0.28918
2008,C,Kenya DHS 2008-09. The survey collected data on school attendance for age 4-24 and educational attainment for age 4 and above. Data extracted on 25 February 2025.,"Adjusted wealth parity index for completion rate, by sex, location, wealth quintile and education level [4.5.1]",,,Urban,,Lower secondary education,,Country Data,Kenya  DHS 2022.  The survey collected data on school attendance for age 3-24 and educational attainment for age 3 and above. Data extracted on 25 February 2025.,This data point is NOT APPLICABLE for the submitting nation.,This data point is NOT APPLICABLE for the submitting nation.,0.0
2014,C,Kenya DHS 2014. The survey collected data on school attendance for age 3-24 and educational attainment for age 3 and above. Data extracted on 25 February 2025.,"Adjusted wealth parity index for completion rate, by sex, location, wealth quintile and education level [4.5.1]",,,Urban,,Lower secondary education,,Country Data,Kenya  DHS 2022.  The survey collected data on school attendance for age 3-24 and educational attainment for age 3 and above. Data extracted on 25 February 2025.,,This data point is NOT APPLICABLE for the submitting nation.,0.55332
2022,C,Kenya  DHS 2022.  The survey collected data on school attendance for age 3-24 and educational attainment for age 3 and above. Data extracted on 25 February 2025.,"Adjusted wealth parity index for completion rate, by sex, location, wealth quintile and education level [4.5.1]",,,Urban,,Lower secondary education,,Country Data,Kenya  DHS 2022.  The survey collected data on school attendance for age 3-24 and educational attainment for age 3 and above. Data extracted on 25 February 2025.,,This data point is NOT APPLICABLE for the submitting nation.,0.61018
2003,C,Kenya DHS 2003. The survey collected data on school attendance for age 4-24 and educational attainment for age 4 and above. Data extracted on 25 February 2025.,"Adjusted wealth parity index for completion rate, by sex, location, wealth quintile and education level [4.5.1]",,,Urban,,Upper secondary education,,Country Data,Kenya  DHS 2022.  The survey collected data on school attendance for age 3-24 and educational attainment for age 3 and above. Data extracted on 25 February 2025.,This data point is NOT APPLICABLE for the submitting nation.,This data point is NOT APPLICABLE for the submitting nation.,0.0
2008,C,Kenya DHS 2008-09. The survey collected data on school attendance for age 4-24 and educational attainment for age 4 and above. Data extracted on 25 February 2025.,"Adjusted wealth parity index for completion rate, by sex, location, wealth quintile and education level [4.5.1]",,,Urban,,Upper secondary education,,Country Data,Kenya  DHS 2022.  The survey collected data on school attendance for age 3-24 and educational attainment for age 3 and above. Data extracted on 25 February 2025.,This data point is NOT APPLICABLE for the submitting nation.,This data point is NOT APPLICABLE for the submitting nation.,0.0
2014,C,Kenya DHS 2014. The survey collected data on school attendance for age 3-24 and educational attainment for age 3 and above. Data extracted on 25 February 2025.,"Adjusted wealth parity index for completion rate, by sex, location, wealth quintile and education level [4.5.1]",,,Urban,,Upper secondary education,,Country Data,Kenya  DHS 2022.  The survey collected data on school attendance for age 3-24 and educational attainment for age 3 and above. Data extracted on 25 February 2025.,,This data point is NOT APPLICABLE for the submitting nation.,0.14385
2022,C,Kenya  DHS 2022.  The survey collected data on school attendance for age 3-24 and educational attainment for age 3 and above. Data extracted on 25 February 2025.,"Adjusted wealth parity index for completion rate, by sex, location, wealth quintile and education level [4.5.1]",,,Urban,,Upper secondary education,,Country Data,Kenya  DHS 2022.  The survey collected data on school attendance for age 3-24 and educational attainment for age 3 and above. Data extracted on 25 February 2025.,,This data point is NOT APPLICABLE for the submitting nation.,0.37735
2003,C,Kenya DHS 2003. The survey collected data on school attendance for age 4-24 and educational attainment for age 4 and above. Data extracted on 25 February 2025.,"Adjusted wealth parity index for completion rate, by sex, location, wealth quintile and education level [4.5.1]",Female,,,,Primary education,,Country Data,Kenya  DHS 2022.  The survey collected data on school attendance for age 3-24 and educational attainment for age 3 and above. Data extracted on 25 February 2025.,,,0.40796
2008,C,Kenya DHS 2008-09. The survey collected data on school attendance for age 4-24 and educational attainment for age 4 and above. Data extracted on 25 February 2025.,"Adjusted wealth parity index for completion rate, by sex, location, wealth quintile and education level [4.5.1]",Female,,,,Primary education,,Country Data,Kenya  DHS 2022.  The survey collected data on school attendance for age 3-24 and educational attainment for age 3 and above. Data extracted on 25 February 2025.,,,0.58892
2014,C,Kenya DHS 2014. The survey collected data on school attendance for age 3-24 and educational attainment for age 3 and above. Data extracted on 25 February 2025.,"Adjusted wealth parity index for completion rate, by sex, location, wealth quintile and education level [4.5.1]",Female,,,,Primary education,,Country Data,Kenya  DHS 2022.  The survey collected data on school attendance for age 3-24 and educational attainment for age 3 and above. Data extracted on 25 February 2025.,,,0.67519
2022,C,Kenya  DHS 2022.  The survey collected data on school attendance for age 3-24 and educational attainment for age 3 and above. Data extracted on 25 February 2025.,"Adjusted wealth parity index for completion rate, by sex, location, wealth quintile and education level [4.5.1]",Female,,,,Primary education,,Country Data,Kenya  DHS 2022.  The survey collected data on school attendance for age 3-24 and educational attainment for age 3 and above. Data extracted on 25 February 2025.,,,0.87189
2003,C,Kenya DHS 2003. The survey collected data on school attendance for age 4-24 and educational attainment for age 4 and above. Data extracted on 25 February 2025.,"Adjusted wealth parity index for completion rate, by sex, location, wealth quintile and education level [4.5.1]",Female,,,,Lower secondary education,,Country Data,Kenya  DHS 2022.  The survey collected data on school attendance for age 3-24 and educational attainment for age 3 and above. Data extracted on 25 February 2025.,,,0.17864
2008,C,Kenya DHS 2008-09. The survey collected data on school attendance for age 4-24 and educational attainment for age 4 and above. Data extracted on 25 February 2025.,"Adjusted wealth parity index for completion rate, by sex, location, wealth quintile and education level [4.5.1]",Female,,,,Lower secondary education,,Country Data,Kenya  DHS 2022.  The survey collected data on school attendance for age 3-24 and educational attainment for age 3 and above. Data extracted on 25 February 2025.,,,0.38296
2014,C,Kenya DHS 2014. The survey collected data on school attendance for age 3-24 and educational attainment for age 3 and above. Data extracted on 25 February 2025.,"Adjusted wealth parity index for completion rate, by sex, location, wealth quintile and education level [4.5.1]",Female,,,,Lower secondary education,,Country Data,Kenya  DHS 2022.  The survey collected data on school attendance for age 3-24 and educational attainment for age 3 and above. Data extracted on 25 February 2025.,,,0.46523
2022,C,Kenya  DHS 2022.  The survey collected data on school attendance for age 3-24 and educational attainment for age 3 and above. Data extracted on 25 February 2025.,"Adjusted wealth parity index for completion rate, by sex, location, wealth quintile and education level [4.5.1]",Female,,,,Lower secondary education,,Country Data,Kenya  DHS 2022.  The survey collected data on school attendance for age 3-24 and educational attainment for age 3 and above. Data extracted on 25 February 2025.,,,0.68888
2003,C,Kenya DHS 2003. The survey collected data on school attendance for age 4-24 and educational attainment for age 4 and above. Data extracted on 25 February 2025.,"Adjusted wealth parity index for completion rate, by sex, location, wealth quintile and education level [4.5.1]",Female,,,,Upper secondary education,,Country Data,Kenya  DHS 2022.  The survey collected data on school attendance for age 3-24 and educational attainment for age 3 and above. Data extracted on 25 February 2025.,,,0.04428
2008,C,Kenya DHS 2008-09. The survey collected data on school attendance for age 4-24 and educational attainment for age 4 and above. Data extracted on 25 February 2025.,"Adjusted wealth parity index for completion rate, by sex, location, wealth quintile and education level [4.5.1]",Female,,,,Upper secondary education,,Country Data,Kenya  DHS 2022.  The survey collected data on school attendance for age 3-24 and educational attainment for age 3 and above. Data extracted on 25 February 2025.,,,0.05084
2014,C,Kenya DHS 2014. The survey collected data on school attendance for age 3-24 and educational attainment for age 3 and above. Data extracted on 25 February 2025.,"Adjusted wealth parity index for completion rate, by sex, location, wealth quintile and education level [4.5.1]",Female,,,,Upper secondary education,,Country Data,Kenya  DHS 2022.  The survey collected data on school attendance for age 3-24 and educational attainment for age 3 and above. Data extracted on 25 February 2025.,,,0.0988
2022,C,Kenya  DHS 2022.  The survey collected data on school attendance for age 3-24 and educational attainment for age 3 and above. Data extracted on 25 February 2025.,"Adjusted wealth parity index for completion rate, by sex, location, wealth quintile and education level [4.5.1]",Female,,,,Upper secondary education,,Country Data,Kenya  DHS 2022.  The survey collected data on school attendance for age 3-24 and educational attainment for age 3 and above. Data extracted on 25 February 2025.,,,0.24648
2003,C,Kenya DHS 2003. The survey collected data on school attendance for age 4-24 and educational attainment for age 4 and above. Data extracted on 25 February 2025.,"Adjusted wealth parity index for completion rate, by sex, location, wealth quintile and education level [4.5.1]",Female,,Rural,,Primary education,,Country Data,Kenya  DHS 2022.  The survey collected data on school attendance for age 3-24 and educational attainment for age 3 and above. Data extracted on 25 February 2025.,,,0.44181
2008,C,Kenya DHS 2008-09. The survey collected data on school attendance for age 4-24 and educational attainment for age 4 and above. Data extracted on 25 February 2025.,"Adjusted wealth parity index for completion rate, by sex, location, wealth quintile and education level [4.5.1]",Female,,Rural,,Primary education,,Country Data,Kenya  DHS 2022.  The survey collected data on school attendance for age 3-24 and educational attainment for age 3 and above. Data extracted on 25 February 2025.,,,0.56556
2014,C,Kenya DHS 2014. The survey collected data on school attendance for age 3-24 and educational attainment for age 3 and above. Data extracted on 25 February 2025.,"Adjusted wealth parity index for completion rate, by sex, location, wealth quintile and education level [4.5.1]",Female,,Rural,,Primary education,,Country Data,Kenya  DHS 2022.  The survey collected data on school attendance for age 3-24 and educational attainment for age 3 and above. Data extracted on 25 February 2025.,,,0.66048
2022,C,Kenya  DHS 2022.  The survey collected data on school attendance for age 3-24 and educational attainment for age 3 and above. Data extracted on 25 February 2025.,"Adjusted wealth parity index for completion rate, by sex, location, wealth quintile and education level [4.5.1]",Female,,Rural,,Primary education,,Country Data,Kenya  DHS 2022.  The survey collected data on school attendance for age 3-24 and educational attainment for age 3 and above. Data extracted on 25 February 2025.,,,0.87266
2003,C,Kenya DHS 2003. The survey collected data on school attendance for age 4-24 and educational attainment for age 4 and above. Data extracted on 25 February 2025.,"Adjusted wealth parity index for completion rate, by sex, location, wealth quintile and education level [4.5.1]",Female,,Rural,,Lower secondary education,,Country Data,Kenya  DHS 2022.  The survey collected data on school attendance for age 3-24 and educational attainment for age 3 and above. Data extracted on 25 February 2025.,,,0.18774
2008,C,Kenya DHS 2008-09. The survey collected data on school attendance for age 4-24 and educational attainment for age 4 and above. Data extracted on 25 February 2025.,"Adjusted wealth parity index for completion rate, by sex, location, wealth quintile and education level [4.5.1]",Female,,Rural,,Lower secondary education,,Country Data,Kenya  DHS 2022.  The survey collected data on school attendance for age 3-24 and educational attainment for age 3 and above. Data extracted on 25 February 2025.,,,0.35339
2014,C,Kenya DHS 2014. The survey collected data on school attendance for age 3-24 and educational attainment for age 3 and above. Data extracted on 25 February 2025.,"Adjusted wealth parity index for completion rate, by sex, location, wealth quintile and education level [4.5.1]",Female,,Rural,,Lower secondary education,,Country Data,Kenya  DHS 2022.  The survey collected data on school attendance for age 3-24 and educational attainment for age 3 and above. Data extracted on 25 February 2025.,,,0.43923
2022,C,Kenya  DHS 2022.  The survey collected data on school attendance for age 3-24 and educational attainment for age 3 and above. Data extracted on 25 February 2025.,"Adjusted wealth parity index for completion rate, by sex, location, wealth quintile and education level [4.5.1]",Female,,Rural,,Lower secondary education,,Country Data,Kenya  DHS 2022.  The survey collected data on school attendance for age 3-24 and educational attainment for age 3 and above. Data extracted on 25 February 2025.,,,0.70231
2003,C,Kenya DHS 2003. The survey collected data on school attendance for age 4-24 and educational attainment for age 4 and above. Data extracted on 25 February 2025.,"Adjusted wealth parity index for completion rate, by sex, location, wealth quintile and education level [4.5.1]",Female,,Rural,,Upper secondary education,,Country Data,Kenya  DHS 2022.  The survey collected data on school attendance for age 3-24 and educational attainment for age 3 and above. Data extracted on 25 February 2025.,,,0.04042
2008,C,Kenya DHS 2008-09. The survey collected data on school attendance for age 4-24 and educational attainment for age 4 and above. Data extracted on 25 February 2025.,"Adjusted wealth parity index for completion rate, by sex, location, wealth quintile and education level [4.5.1]",Female,,Rural,,Upper secondary education,,Country Data,Kenya  DHS 2022.  The survey collected data on school attendance for age 3-24 and educational attainment for age 3 and above. Data extracted on 25 February 2025.,,,0.08868
2014,C,Kenya DHS 2014. The survey collected data on school attendance for age 3-24 and educational attainment for age 3 and above. Data extracted on 25 February 2025.,"Adjusted wealth parity index for completion rate, by sex, location, wealth quintile and education level [4.5.1]",Female,,Rural,,Upper secondary education,,Country Data,Kenya  DHS 2022.  The survey collected data on school attendance for age 3-24 and educational attainment for age 3 and above. Data extracted on 25 February 2025.,,,0.0996
2022,C,Kenya  DHS 2022.  The survey collected data on school attendance for age 3-24 and educational attainment for age 3 and above. Data extracted on 25 February 2025.,"Adjusted wealth parity index for completion rate, by sex, location, wealth quintile and education level [4.5.1]",Female,,Rural,,Upper secondary education,,Country Data,Kenya  DHS 2022.  The survey collected data on school attendance for age 3-24 and educational attainment for age 3 and above. Data extracted on 25 February 2025.,,,0.26858
2003,C,Kenya DHS 2003. The survey collected data on school attendance for age 4-24 and educational attainment for age 4 and above. Data extracted on 25 February 2025.,"Adjusted wealth parity index for completion rate, by sex, location, wealth quintile and education level [4.5.1]",Female,,Urban,,Primary education,,Country Data,Kenya  DHS 2022.  The survey collected data on school attendance for age 3-24 and educational attainment for age 3 and above. Data extracted on 25 February 2025.,This data point is NOT APPLICABLE for the submitting nation.,This data point is NOT APPLICABLE for the submitting nation.,0.0
2008,C,Kenya DHS 2008-09. The survey collected data on school attendance for age 4-24 and educational attainment for age 4 and above. Data extracted on 25 February 2025.,"Adjusted wealth parity index for completion rate, by sex, location, wealth quintile and education level [4.5.1]",Female,,Urban,,Primary education,,Country Data,Kenya  DHS 2022.  The survey collected data on school attendance for age 3-24 and educational attainment for age 3 and above. Data extracted on 25 February 2025.,This data point is NOT APPLICABLE for the submitting nation.,This data point is NOT APPLICABLE for the submitting nation.,0.0
2014,C,Kenya DHS 2014. The survey collected data on school attendance for age 3-24 and educational attainment for age 3 and above. Data extracted on 25 February 2025.,"Adjusted wealth parity index for completion rate, by sex, location, wealth quintile and education level [4.5.1]",Female,,Urban,,Primary education,,Country Data,Kenya  DHS 2022.  The survey collected data on school attendance for age 3-24 and educational attainment for age 3 and above. Data extracted on 25 February 2025.,,This data point is NOT APPLICABLE for the submitting nation.,0.7647
2022,C,Kenya  DHS 2022.  The survey collected data on school attendance for age 3-24 and educational attainment for age 3 and above. Data extracted on 25 February 2025.,"Adjusted wealth parity index for completion rate, by sex, location, wealth quintile and education level [4.5.1]",Female,,Urban,,Primary education,,Country Data,Kenya  DHS 2022.  The survey collected data on school attendance for age 3-24 and educational attainment for age 3 and above. Data extracted on 25 February 2025.,,This data point is NOT APPLICABLE for the submitting nation.,0.71551
2003,C,Kenya DHS 2003. The survey collected data on school attendance for age 4-24 and educational attainment for age 4 and above. Data extracted on 25 February 2025.,"Adjusted wealth parity index for completion rate, by sex, location, wealth quintile and education level [4.5.1]",Female,,Urban,,Lower secondary education,,Country Data,Kenya  DHS 2022.  The survey collected data on school attendance for age 3-24 and educational attainment for age 3 and above. Data extracted on 25 February 2025.,This data point is NOT APPLICABLE for the submitting nation.,This data point is NOT APPLICABLE for the submitting nation.,0.0
2008,C,Kenya DHS 2008-09. The survey collected data on school attendance for age 4-24 and educational attainment for age 4 and above. Data extracted on 25 February 2025.,"Adjusted wealth parity index for completion rate, by sex, location, wealth quintile and education level [4.5.1]",Female,,Urban,,Lower secondary education,,Country Data,Kenya  DHS 2022.  The survey collected data on school attendance for age 3-24 and educational attainment for age 3 and above. Data extracted on 25 February 2025.,This data point is NOT APPLICABLE for the submitting nation.,This data point is NOT APPLICABLE for the submitting nation.,0.0
2014,C,Kenya DHS 2014. The survey collected data on school attendance for age 3-24 and educational attainment for age 3 and above. Data extracted on 25 February 2025.,"Adjusted wealth parity index for completion rate, by sex, location, wealth quintile and education level [4.5.1]",Female,,Urban,,Lower secondary education,,Country Data,Kenya  DHS 2022.  The survey collected data on school attendance for age 3-24 and educational attainment for age 3 and above. Data extracted on 25 February 2025.,,This data point is NOT APPLICABLE for the submitting nation.,0.55667
2022,C,Kenya  DHS 2022.  The survey collected data on school attendance for age 3-24 and educational attainment for age 3 and above. Data extracted on 25 February 2025.,"Adjusted wealth parity index for completion rate, by sex, location, wealth quintile and education level [4.5.1]",Female,,Urban,,Lower secondary education,,Country Data,Kenya  DHS 2022.  The survey collected data on school attendance for age 3-24 and educational attainment for age 3 and above. Data extracted on 25 February 2025.,,This data point is NOT APPLICABLE for the submitting nation.,0.58948
2003,C,Kenya DHS 2003. The survey collected data on school attendance for age 4-24 and educational attainment for age 4 and above. Data extracted on 25 February 2025.,"Adjusted wealth parity index for completion rate, by sex, location, wealth quintile and education level [4.5.1]",Female,,Urban,,Upper secondary education,,Country Data,Kenya  DHS 2022.  The survey collected data on school attendance for age 3-24 and educational attainment for age 3 and above. Data extracted on 25 February 2025.,This data point is NOT APPLICABLE for the submitting nation.,This data point is NOT APPLICABLE for the submitting nation.,0.0
2008,C,Kenya DHS 2008-09. The survey collected data on school attendance for age 4-24 and educational attainment for age 4 and above. Data extracted on 25 February 2025.,"Adjusted wealth parity index for completion rate, by sex, location, wealth quintile and education level [4.5.1]",Female,,Urban,,Upper secondary education,,Country Data,Kenya  DHS 2022.  The survey collected data on school attendance for age 3-24 and educational attainment for age 3 and above. Data extracted on 25 February 2025.,This data point is NOT APPLICABLE for the submitting nation.,This data point is NOT APPLICABLE for the submitting nation.,0.0
2014,C,Kenya DHS 2014. The survey collected data on school attendance for age 3-24 and educational attainment for age 3 and above. Data extracted on 25 February 2025.,"Adjusted wealth parity index for completion rate, by sex, location, wealth quintile and education level [4.5.1]",Female,,Urban,,Upper secondary education,,Country Data,Kenya  DHS 2022.  The survey collected data on school attendance for age 3-24 and educational attainment for age 3 and above. Data extracted on 25 February 2025.,,This data point is NOT APPLICABLE for the submitting nation.,0.15078
2022,C,Kenya  DHS 2022.  The survey collected data on school attendance for age 3-24 and educational attainment for age 3 and above. Data extracted on 25 February 2025.,"Adjusted wealth parity index for completion rate, by sex, location, wealth quintile and education level [4.5.1]",Female,,Urban,,Upper secondary education,,Country Data,Kenya  DHS 2022.  The survey collected data on school attendance for age 3-24 and educational attainment for age 3 and above. Data extracted on 25 February 2025.,,This data point is NOT APPLICABLE for the submitting nation.,0.20177
2003,C,Kenya DHS 2003. The survey collected data on school attendance for age 4-24 and educational attainment for age 4 and above. Data extracted on 25 February 2025.,"Adjusted wealth parity index for completion rate, by sex, location, wealth quintile and education level [4.5.1]",Male,,,,Primary education,,Country Data,Kenya  DHS 2022.  The survey collected data on school attendance for age 3-24 and educational attainment for age 3 and above. Data extracted on 25 February 2025.,,,0.33804
2008,C,Kenya DHS 2008-09. The survey collected data on school attendance for age 4-24 and educational attainment for age 4 and above. Data extracted on 25 February 2025.,"Adjusted wealth parity index for completion rate, by sex, location, wealth quintile and education level [4.5.1]",Male,,,,Primary education,,Country Data,Kenya  DHS 2022.  The survey collected data on school attendance for age 3-24 and educational attainment for age 3 and above. Data extracted on 25 February 2025.,,,0.70404
2014,C,Kenya DHS 2014. The survey collected data on school attendance for age 3-24 and educational attainment for age 3 and above. Data extracted on 25 February 2025.,"Adjusted wealth parity index for completion rate, by sex, location, wealth quintile and education level [4.5.1]",Male,,,,Primary education,,Country Data,Kenya  DHS 2022.  The survey collected data on school attendance for age 3-24 and educational attainment for age 3 and above. Data extracted on 25 February 2025.,,,0.63755
2022,C,Kenya  DHS 2022.  The survey collected data on school attendance for age 3-24 and educational attainment for age 3 and above. Data extracted on 25 February 2025.,"Adjusted wealth parity index for completion rate, by sex, location, wealth quintile and education level [4.5.1]",Male,,,,Primary education,,Country Data,Kenya  DHS 2022.  The survey collected data on school attendance for age 3-24 and educational attainment for age 3 and above. Data extracted on 25 February 2025.,,,0.78897
2003,C,Kenya DHS 2003. The survey collected data on school attendance for age 4-24 and educational attainment for age 4 and above. Data extracted on 25 February 2025.,"Adjusted wealth parity index for completion rate, by sex, location, wealth quintile and education level [4.5.1]",Male,,,,Lower secondary education,,Country Data,Kenya  DHS 2022.  The survey collected data on school attendance for age 3-24 and educational attainment for age 3 and above. Data extracted on 25 February 2025.,,,0.19423
2008,C,Kenya DHS 2008-09. The survey collected data on school attendance for age 4-24 and educational attainment for age 4 and above. Data extracted on 25 February 2025.,"Adjusted wealth parity index for completion rate, by sex, location, wealth quintile and education level [4.5.1]",Male,,,,Lower secondary education,,Country Data,Kenya  DHS 2022.  The survey collected data on school attendance for age 3-24 and educational attainment for age 3 and above. Data extracted on 25 February 2025.,,,0.39908
2014,C,Kenya DHS 2014. The survey collected data on school attendance for age 3-24 and educational attainment for age 3 and above. Data extracted on 25 February 2025.,"Adjusted wealth parity index for completion rate, by sex, location, wealth quintile and education level [4.5.1]",Male,,,,Lower secondary education,,Country Data,Kenya  DHS 2022.  The survey collected data on school attendance for age 3-24 and educational attainment for age 3 and above. Data extracted on 25 February 2025.,,,0.44088
2022,C,Kenya  DHS 2022.  The survey collected data on school attendance for age 3-24 and educational attainment for age 3 and above. Data extracted on 25 February 2025.,"Adjusted wealth parity index for completion rate, by sex, location, wealth quintile and education level [4.5.1]",Male,,,,Lower secondary education,,Country Data,Kenya  DHS 2022.  The survey collected data on school attendance for age 3-24 and educational attainment for age 3 and above. Data extracted on 25 February 2025.,,,0.69786
2003,C,Kenya DHS 2003. The survey collected data on school attendance for age 4-24 and educational attainment for age 4 and above. Data extracted on 25 February 2025.,"Adjusted wealth parity index for completion rate, by sex, location, wealth quintile and education level [4.5.1]",Male,,,,Upper secondary education,,Country Data,Kenya  DHS 2022.  The survey collected data on school attendance for age 3-24 and educational attainment for age 3 and above. Data extracted on 25 February 2025.,,,0.24901
2008,C,Kenya DHS 2008-09. The survey collected data on school attendance for age 4-24 and educational attainment for age 4 and above. Data extracted on 25 February 2025.,"Adjusted wealth parity index for completion rate, by sex, location, wealth quintile and education level [4.5.1]",Male,,,,Upper secondary education,,Country Data,Kenya  DHS 2022.  The survey collected data on school attendance for age 3-24 and educational attainment for age 3 and above. Data extracted on 25 February 2025.,,,0.2015
2014,C,Kenya DHS 2014. The survey collected data on school attendance for age 3-24 and educational attainment for age 3 and above. Data extracted on 25 February 2025.,"Adjusted wealth parity index for completion rate, by sex, location, wealth quintile and education level [4.5.1]",Male,,,,Upper secondary education,,Country Data,Kenya  DHS 2022.  The survey collected data on school attendance for age 3-24 and educational attainment for age 3 and above. Data extracted on 25 February 2025.,,,0.21588
2022,C,Kenya  DHS 2022.  The survey collected data on school attendance for age 3-24 and educational attainment for age 3 and above. Data extracted on 25 February 2025.,"Adjusted wealth parity index for completion rate, by sex, location, wealth quintile and education level [4.5.1]",Male,,,,Upper secondary education,,Country Data,Kenya  DHS 2022.  The survey collected data on school attendance for age 3-24 and educational attainment for age 3 and above. Data extracted on 25 February 2025.,,,0.29056
2003,C,Kenya DHS 2003. The survey collected data on school attendance for age 4-24 and educational attainment for age 4 and above. Data extracted on 25 February 2025.,"Adjusted wealth parity index for completion rate, by sex, location, wealth quintile and education level [4.5.1]",Male,,Rural,,Primary education,,Country Data,Kenya  DHS 2022.  The survey collected data on school attendance for age 3-24 and educational attainment for age 3 and above. Data extracted on 25 February 2025.,,,0.30305
2008,C,Kenya DHS 2008-09. The survey collected data on school attendance for age 4-24 and educational attainment for age 4 and above. Data extracted on 25 February 2025.,"Adjusted wealth parity index for completion rate, by sex, location, wealth quintile and education level [4.5.1]",Male,,Rural,,Primary education,,Country Data,Kenya  DHS 2022.  The survey collected data on school attendance for age 3-24 and educational attainment for age 3 and above. Data extracted on 25 February 2025.,,,0.72509
2014,C,Kenya DHS 2014. The survey collected data on school attendance for age 3-24 and educational attainment for age 3 and above. Data extracted on 25 February 2025.,"Adjusted wealth parity index for completion rate, by sex, location, wealth quintile and education level [4.5.1]",Male,,Rural,,Primary education,,Country Data,Kenya  DHS 2022.  The survey collected data on school attendance for age 3-24 and educational attainment for age 3 and above. Data extracted on 25 February 2025.,,,0.61701
2022,C,Kenya  DHS 2022.  The survey collected data on school attendance for age 3-24 and educational attainment for age 3 and above. Data extracted on 25 February 2025.,"Adjusted wealth parity index for completion rate, by sex, location, wealth quintile and education level [4.5.1]",Male,,Rural,,Primary education,,Country Data,Kenya  DHS 2022.  The survey collected data on school attendance for age 3-24 and educational attainment for age 3 and above. Data extracted on 25 February 2025.,,,0.76243
2003,C,Kenya DHS 2003. The survey collected data on school attendance for age 4-24 and educational attainment for age 4 and above. Data extracted on 25 February 2025.,"Adjusted wealth parity index for completion rate, by sex, location, wealth quintile and education level [4.5.1]",Male,,Rural,,Lower secondary education,,Country Data,Kenya  DHS 2022.  The survey collected data on school attendance for age 3-24 and educational attainment for age 3 and above. Data extracted on 25 February 2025.,,,0.19226
2008,C,Kenya DHS 2008-09. The survey collected data on school attendance for age 4-24 and educational attainment for age 4 and above. Data extracted on 25 February 2025.,"Adjusted wealth parity index for completion rate, by sex, location, wealth quintile and education level [4.5.1]",Male,,Rural,,Lower secondary education,,Country Data,Kenya  DHS 2022.  The survey collected data on school attendance for age 3-24 and educational attainment for age 3 and above. Data extracted on 25 February 2025.,,,0.3666
2014,C,Kenya DHS 2014. The survey collected data on school attendance for age 3-24 and educational attainment for age 3 and above. Data extracted on 25 February 2025.,"Adjusted wealth parity index for completion rate, by sex, location, wealth quintile and education level [4.5.1]",Male,,Rural,,Lower secondary education,,Country Data,Kenya  DHS 2022.  The survey collected data on school attendance for age 3-24 and educational attainment for age 3 and above. Data extracted on 25 February 2025.,,,0.43813
2022,C,Kenya  DHS 2022.  The survey collected data on school attendance for age 3-24 and educational attainment for age 3 and above. Data extracted on 25 February 2025.,"Adjusted wealth parity index for completion rate, by sex, location, wealth quintile and education level [4.5.1]",Male,,Rural,,Lower secondary education,,Country Data,Kenya  DHS 2022.  The survey collected data on school attendance for age 3-24 and educational attainment for age 3 and above. Data extracted on 25 February 2025.,,,0.74569
2003,C,Kenya DHS 2003. The survey collected data on school attendance for age 4-24 and educational attainment for age 4 and above. Data extracted on 25 February 2025.,"Adjusted wealth parity index for completion rate, by sex, location, wealth quintile and education level [4.5.1]",Male,,Rural,,Upper secondary education,,Country Data,Kenya  DHS 2022.  The survey collected data on school attendance for age 3-24 and educational attainment for age 3 and above. Data extracted on 25 February 2025.,,,0.41255
2008,C,Kenya DHS 2008-09. The survey collected data on school attendance for age 4-24 and educational attainment for age 4 and above. Data extracted on 25 February 2025.,"Adjusted wealth parity index for completion rate, by sex, location, wealth quintile and education level [4.5.1]",Male,,Rural,,Upper secondary education,,Country Data,Kenya  DHS 2022.  The survey collected data on school attendance for age 3-24 and educational attainment for age 3 and above. Data extracted on 25 February 2025.,,,0.29753
2014,C,Kenya DHS 2014. The survey collected data on school attendance for age 3-24 and educational attainment for age 3 and above. Data extracted on 25 February 2025.,"Adjusted wealth parity index for completion rate, by sex, location, wealth quintile and education level [4.5.1]",Male,,Rural,,Upper secondary education,,Country Data,Kenya  DHS 2022.  The survey collected data on school attendance for age 3-24 and educational attainment for age 3 and above. Data extracted on 25 February 2025.,,,0.25333
2022,C,Kenya  DHS 2022.  The survey collected data on school attendance for age 3-24 and educational attainment for age 3 and above. Data extracted on 25 February 2025.,"Adjusted wealth parity index for completion rate, by sex, location, wealth quintile and education level [4.5.1]",Male,,Rural,,Upper secondary education,,Country Data,Kenya  DHS 2022.  The survey collected data on school attendance for age 3-24 and educational attainment for age 3 and above. Data extracted on 25 February 2025.,,,0.34196
2003,C,Kenya DHS 2003. The survey collected data on school attendance for age 4-24 and educational attainment for age 4 and above. Data extracted on 25 February 2025.,"Adjusted wealth parity index for completion rate, by sex, location, wealth quintile and education level [4.5.1]",Male,,Urban,,Primary education,,Country Data,Kenya  DHS 2022.  The survey collected data on school attendance for age 3-24 and educational attainment for age 3 and above. Data extracted on 25 February 2025.,This data point is NOT APPLICABLE for the submitting nation.,This data point is NOT APPLICABLE for the submitting nation.,0.0
2008,C,Kenya DHS 2008-09. The survey collected data on school attendance for age 4-24 and educational attainment for age 4 and above. Data extracted on 25 February 2025.,"Adjusted wealth parity index for completion rate, by sex, location, wealth quintile and education level [4.5.1]",Male,,Urban,,Primary education,,Country Data,Kenya  DHS 2022.  The survey collected data on school attendance for age 3-24 and educational attainment for age 3 and above. Data extracted on 25 February 2025.,This data point is NOT APPLICABLE for the submitting nation.,This data point is NOT APPLICABLE for the submitting nation.,0.0
2014,C,Kenya DHS 2014. The survey collected data on school attendance for age 3-24 and educational attainment for age 3 and above. Data extracted on 25 February 2025.,"Adjusted wealth parity index for completion rate, by sex, location, wealth quintile and education level [4.5.1]",Male,,Urban,,Primary education,,Country Data,Kenya  DHS 2022.  The survey collected data on school attendance for age 3-24 and educational attainment for age 3 and above. Data extracted on 25 February 2025.,,This data point is NOT APPLICABLE for the submitting nation.,0.82256
2022,C,Kenya  DHS 2022.  The survey collected data on school attendance for age 3-24 and educational attainment for age 3 and above. Data extracted on 25 February 2025.,"Adjusted wealth parity index for completion rate, by sex, location, wealth quintile and education level [4.5.1]",Male,,Urban,,Primary education,,Country Data,Kenya  DHS 2022.  The survey collected data on school attendance for age 3-24 and educational attainment for age 3 and above. Data extracted on 25 February 2025.,,This data point is NOT APPLICABLE for the submitting nation.,0.74613
2003,C,Kenya DHS 2003. The survey collected data on school attendance for age 4-24 and educational attainment for age 4 and above. Data extracted on 25 February 2025.,"Adjusted wealth parity index for completion rate, by sex, location, wealth quintile and education level [4.5.1]",Male,,Urban,,Lower secondary education,,Country Data,Kenya  DHS 2022.  The survey collected data on school attendance for age 3-24 and educational attainment for age 3 and above. Data extracted on 25 February 2025.,This data point is NOT APPLICABLE for the submitting nation.,This data point is NOT APPLICABLE for the submitting nation.,0.0
2008,C,Kenya DHS 2008-09. The survey collected data on school attendance for age 4-24 and educational attainment for age 4 and above. Data extracted on 25 February 2025.,"Adjusted wealth parity index for completion rate, by sex, location, wealth quintile and education level [4.5.1]",Male,,Urban,,Lower secondary education,,Country Data,Kenya  DHS 2022.  The survey collected data on school attendance for age 3-24 and educational attainment for age 3 and above. Data extracted on 25 February 2025.,This data point is NOT APPLICABLE for the submitting nation.,This data point is NOT APPLICABLE for the submitting nation.,0.0
2014,C,Kenya DHS 2014. The survey collected data on school attendance for age 3-24 and educational attainment for age 3 and above. Data extracted on 25 February 2025.,"Adjusted wealth parity index for completion rate, by sex, location, wealth quintile and education level [4.5.1]",Male,,Urban,,Lower secondary education,,Country Data,Kenya  DHS 2022.  The survey collected data on school attendance for age 3-24 and educational attainment for age 3 and above. Data extracted on 25 February 2025.,,This data point is NOT APPLICABLE for the submitting nation.,0.54652
2022,C,Kenya  DHS 2022.  The survey collected data on school attendance for age 3-24 and educational attainment for age 3 and above. Data extracted on 25 February 2025.,"Adjusted wealth parity index for completion rate, by sex, location, wealth quintile and education level [4.5.1]",Male,,Urban,,Lower secondary education,,Country Data,Kenya  DHS 2022.  The survey collected data on school attendance for age 3-24 and educational attainment for age 3 and above. Data extracted on 25 February 2025.,,This data point is NOT APPLICABLE for the submitting nation.,0.62501
2003,C,Kenya DHS 2003. The survey collected data on school attendance for age 4-24 and educational attainment for age 4 and above. Data extracted on 25 February 2025.,"Adjusted wealth parity index for completion rate, by sex, location, wealth quintile and education level [4.5.1]",Male,,Urban,,Upper secondary education,,Country Data,Kenya  DHS 2022.  The survey collected data on school attendance for age 3-24 and educational attainment for age 3 and above. Data extracted on 25 February 2025.,This data point is NOT APPLICABLE for the submitting nation.,This data point is NOT APPLICABLE for the submitting nation.,0.0
2008,C,Kenya DHS 2008-09. The survey collected data on school attendance for age 4-24 and educational attainment for age 4 and above. Data extracted on 25 February 2025.,"Adjusted wealth parity index for completion rate, by sex, location, wealth quintile and education level [4.5.1]",Male,,Urban,,Upper secondary education,,Country Data,Kenya  DHS 2022.  The survey collected data on school attendance for age 3-24 and educational attainment for age 3 and above. Data extracted on 25 February 2025.,This data point is NOT APPLICABLE for the submitting nation.,This data point is NOT APPLICABLE for the submitting nation.,0.0
2014,C,Kenya DHS 2014. The survey collected data on school attendance for age 3-24 and educational attainment for age 3 and above. Data extracted on 25 February 2025.,"Adjusted wealth parity index for completion rate, by sex, location, wealth quintile and education level [4.5.1]",Male,,Urban,,Upper secondary education,,Country Data,Kenya  DHS 2022.  The survey collected data on school attendance for age 3-24 and educational attainment for age 3 and above. Data extracted on 25 February 2025.,,This data point is NOT APPLICABLE for the submitting nation.,0.13414
2022,C,Kenya  DHS 2022.  The survey collected data on school attendance for age 3-24 and educational attainment for age 3 and above. Data extracted on 25 February 2025.,"Adjusted wealth parity index for completion rate, by sex, location, wealth quintile and education level [4.5.1]",Male,,Urban,,Upper secondary education,,Country Data,Kenya  DHS 2022.  The survey collected data on school attendance for age 3-24 and educational attainment for age 3 and above. Data extracted on 25 February 2025.,,This data point is NOT APPLICABLE for the submitting nation.,0.51935
2015,C,KENYA NATIONAL BUREAU OF STATISTICS,Gender parity index for youth/adults with information and communications technology (ICT) skills [4.5.1],,,,,,"ICT skill: Reading or downloading on-line newspapers, magazines, or electronic books",Country Data,KENYA NATIONAL BUREAU OF STATISTICS,,,0.657
2019,C,KENYA NATIONAL BUREAU OF STATISTICS,Gender parity index for youth/adults with information and communications technology (ICT) skills [4.5.1],,,,,,ICT skill: Purchasing or ordering goods or services using the Internet,Country Data,KENYA NATIONAL BUREAU OF STATISTICS,Aged 3 and older. Target population is 15 years and above (3 and above for other indicators),Aged 3 and older. Target population is 15 years and above (3 and above for other indicators),0.766
2015,C,KENYA NATIONAL BUREAU OF STATISTICS,Gender parity index for youth/adults with information and communications technology (ICT) skills [4.5.1],,,,,,ICT skill: Using Internet banking,Country Data,KENYA NATIONAL BUREAU OF STATISTICS,,,0.725
2015,C,KENYA NATIONAL BUREAU OF STATISTICS,Gender parity index for youth/adults with information and communications technology (ICT) skills [4.5.1],,,,,,ICT skill: Participating in social networks,Country Data,KENYA NATIONAL BUREAU OF STATISTICS,,,0.693
2005,E,UIS based on KOR - LFS - Economically Active Popul - Repository: ILO-STATISTICS - Micro data processing - Age coverage - minimum age: 15 years old - Age coverage - maximum age: None. Reference period: not specified Data extracted on 25 February 2025.,Adjusted gender parity index for participation rate in formal and non-formal education and training (ratio) [4.5.1],,15 to 24 years old,,,,,Estimated,UIS based on UIS based on KEN - HS - Continuous household survey; Repository: ILO-STATISTICS - Micro data processing - Age coverage - minimum age: 15 years old - Age coverage - maximum age: None Data extracted on 25 February 2025.,,,0.8
2016,E,UIS based on UIS based on KEN - HIES - Household Budget Survey; Repository: ILO-STATISTICS - Micro data processing - Age coverage - minimum age: 15 years old - Age coverage - maximum age: None Data extracted on 25 February 2025.,Adjusted gender parity index for participation rate in formal and non-formal education and training (ratio) [4.5.1],,15 to 24 years old,,,,,Estimated,UIS based on UIS based on KEN - HS - Continuous household survey; Repository: ILO-STATISTICS - Micro data processing - Age coverage - minimum age: 15 years old - Age coverage - maximum age: None Data extracted on 25 February 2025.,,,0.83794
2019,E,UIS based on UIS based on KEN - HS - Continuous household survey; Repository: ILO-STATISTICS - Micro data processing - Age coverage - minimum age: 15 years old - Age coverage - maximum age: None Data extracted on 25 February 2025.,Adjusted gender parity index for participation rate in formal and non-formal education and training (ratio) [4.5.1],,15 to 24 years old,,,,,Estimated,UIS based on UIS based on KEN - HS - Continuous household survey; Repository: ILO-STATISTICS - Micro data processing - Age coverage - minimum age: 15 years old - Age coverage - maximum age: None Data extracted on 25 February 2025.,,,0.89055
2021,E,UIS based on UIS based on KEN - HS - Continuous household survey; Repository: ILO-STATISTICS - Micro data processing - Age coverage - minimum age: 15 years old - Age coverage - maximum age: None Data extracted on 25 February 2025.,Adjusted gender parity index for participation rate in formal and non-formal education and training (ratio) [4.5.1],,15 to 24 years old,,,,,Estimated,UIS based on UIS based on KEN - HS - Continuous household survey; Repository: ILO-STATISTICS - Micro data processing - Age coverage - minimum age: 15 years old - Age coverage - maximum age: None Data extracted on 25 February 2025.,,,0.85441
2005,E,UIS based on KOR - LFS - Economically Active Popul - Repository: ILO-STATISTICS - Micro data processing - Age coverage - minimum age: 15 years old - Age coverage - maximum age: None. Reference period: not specified Data extracted on 25 February 2025.,Adjusted gender parity index for participation rate in formal and non-formal education and training (ratio) [4.5.1],,15 to 64 years old,,,,,Estimated,UIS based on UIS based on KEN - HS - Continuous household survey; Repository: ILO-STATISTICS - Micro data processing - Age coverage - minimum age: 15 years old - Age coverage - maximum age: None Data extracted on 25 February 2025.,,,0.8
2016,E,UIS based on UIS based on KEN - HIES - Household Budget Survey; Repository: ILO-STATISTICS - Micro data processing - Age coverage - minimum age: 15 years old - Age coverage - maximum age: None Data extracted on 25 February 2025.,Adjusted gender parity index for participation rate in formal and non-formal education and training (ratio) [4.5.1],,15 to 64 years old,,,,,Estimated,UIS based on UIS based on KEN - HS - Continuous household survey; Repository: ILO-STATISTICS - Micro data processing - Age coverage - minimum age: 15 years old - Age coverage - maximum age: None Data extracted on 25 February 2025.,,,0.80582
2019,E,UIS based on UIS based on KEN - HS - Continuous household survey; Repository: ILO-STATISTICS - Micro data processing - Age coverage - minimum age: 15 years old - Age coverage - maximum age: None Data extracted on 25 February 2025.,Adjusted gender parity index for participation rate in formal and non-formal education and training (ratio) [4.5.1],,15 to 64 years old,,,,,Estimated,UIS based on UIS based on KEN - HS - Continuous household survey; Repository: ILO-STATISTICS - Micro data processing - Age coverage - minimum age: 15 years old - Age coverage - maximum age: None Data extracted on 25 February 2025.,,,0.85175
2021,E,UIS based on UIS based on KEN - HS - Continuous household survey; Repository: ILO-STATISTICS - Micro data processing - Age coverage - minimum age: 15 years old - Age coverage - maximum age: None Data extracted on 25 February 2025.,Adjusted gender parity index for participation rate in formal and non-formal education and training (ratio) [4.5.1],,15 to 64 years old,,,,,Estimated,UIS based on UIS based on KEN - HS - Continuous household survey; Repository: ILO-STATISTICS - Micro data processing - Age coverage - minimum age: 15 years old - Age coverage - maximum age: None Data extracted on 25 February 2025.,,,0.80701
2005,E,UIS based on KOR - LFS - Economically Active Popul - Repository: ILO-STATISTICS - Micro data processing - Age coverage - minimum age: 15 years old - Age coverage - maximum age: None. Reference period: not specified Data extracted on 25 February 2025.,Adjusted gender parity index for participation rate in formal and non-formal education and training (ratio) [4.5.1],,25 to 54 years old,,,,,Estimated,UIS based on UIS based on KEN - HS - Continuous household survey; Repository: ILO-STATISTICS - Micro data processing - Age coverage - minimum age: 15 years old - Age coverage - maximum age: None Data extracted on 25 February 2025.,,,0.6
2016,E,UIS based on UIS based on KEN - HIES - Household Budget Survey; Repository: ILO-STATISTICS - Micro data processing - Age coverage - minimum age: 15 years old - Age coverage - maximum age: None Data extracted on 25 February 2025.,Adjusted gender parity index for participation rate in formal and non-formal education and training (ratio) [4.5.1],,25 to 54 years old,,,,,Estimated,UIS based on UIS based on KEN - HS - Continuous household survey; Repository: ILO-STATISTICS - Micro data processing - Age coverage - minimum age: 15 years old - Age coverage - maximum age: None Data extracted on 25 February 2025.,,,0.74861
2019,E,UIS based on UIS based on KEN - HS - Continuous household survey; Repository: ILO-STATISTICS - Micro data processing - Age coverage - minimum age: 15 years old - Age coverage - maximum age: None Data extracted on 25 February 2025.,Adjusted gender parity index for participation rate in formal and non-formal education and training (ratio) [4.5.1],,25 to 54 years old,,,,,Estimated,UIS based on UIS based on KEN - HS - Continuous household survey; Repository: ILO-STATISTICS - Micro data processing - Age coverage - minimum age: 15 years old - Age coverage - maximum age: None Data extracted on 25 February 2025.,,,0.60278
2021,E,UIS based on UIS based on KEN - HS - Continuous household survey; Repository: ILO-STATISTICS - Micro data processing - Age coverage - minimum age: 15 years old - Age coverage - maximum age: None Data extracted on 25 February 2025.,Adjusted gender parity index for participation rate in formal and non-formal education and training (ratio) [4.5.1],,25 to 54 years old,,,,,Estimated,UIS based on UIS based on KEN - HS - Continuous household survey; Repository: ILO-STATISTICS - Micro data processing - Age coverage - minimum age: 15 years old - Age coverage - maximum age: None Data extracted on 25 February 2025.,,,0.64145
2001,E,SOURCE: UIS Education Survey Data extracted on 25 February 2025.,"Adjusted gender parity index for participation rate in organized learning (one year before the official primary entry age), (ratio) [4.5.1]",,,,,,,Estimated,SOURCE: UIS Education Survey Data extracted on 25 February 2025.,,,1.0105
2002,C,SOURCE: UIS Education Survey Data extracted on 25 February 2025.,"Adjusted gender parity index for participation rate in organized learning (one year before the official primary entry age), (ratio) [4.5.1]",,,,,,,Estimated,SOURCE: UIS Education Survey Data extracted on 25 February 2025.,,,1.00189
2003,C,SOURCE: UIS Education Survey Data extracted on 25 February 2025.,"Adjusted gender parity index for participation rate in organized learning (one year before the official primary entry age), (ratio) [4.5.1]",,,,,,,Estimated,SOURCE: UIS Education Survey Data extracted on 25 February 2025.,,,1.04937
2004,C,SOURCE: UIS Education Survey Data extracted on 25 February 2025.,"Adjusted gender parity index for participation rate in organized learning (one year before the official primary entry age), (ratio) [4.5.1]",,,,,,,Estimated,SOURCE: UIS Education Survey Data extracted on 25 February 2025.,,,1.0142
2005,C,SOURCE: UIS Education Survey Data extracted on 25 February 2025.,"Adjusted gender parity index for participation rate in organized learning (one year before the official primary entry age), (ratio) [4.5.1]",,,,,,,Estimated,SOURCE: UIS Education Survey Data extracted on 25 February 2025.,,,1.01293
2006,C,SOURCE: UIS Education Survey Data extracted on 25 February 2025.,"Adjusted gender parity index for participation rate in organized learning (one year before the official primary entry age), (ratio) [4.5.1]",,,,,,,Estimated,SOURCE: UIS Education Survey Data extracted on 25 February 2025.,,,0.97428
2007,C,SOURCE: UIS Education Survey Data extracted on 25 February 2025.,"Adjusted gender parity index for participation rate in organized learning (one year before the official primary entry age), (ratio) [4.5.1]",,,,,,,Estimated,SOURCE: UIS Education Survey Data extracted on 25 February 2025.,,,0.961
2008,C,SOURCE: UIS Education Survey Data extracted on 25 February 2025.,"Adjusted gender parity index for participation rate in organized learning (one year before the official primary entry age), (ratio) [4.5.1]",,,,,,,Estimated,SOURCE: UIS Education Survey Data extracted on 25 February 2025.,,,0.98724
2009,E,SOURCE: UIS Education Survey Data extracted on 25 February 2025.,"Adjusted gender parity index for participation rate in organized learning (one year before the official primary entry age), (ratio) [4.5.1]",,,,,,,Estimated,SOURCE: UIS Education Survey Data extracted on 25 February 2025.,,,0.98624
2008,E,SOURCE: UIS Education Survey Data extracted on 25 February 2025.,"Adjusted gender parity index for the proportion of teachers with the minimum required qualifications, by education level (ratio) [4.5.1]",,,,,Secondary education (lower and upper secondary education),,Estimated,SOURCE: UIS Education Survey Data extracted on 25 February 2025.,,,0.97909
2003,C,SOURCE: UIS Education Survey Data extracted on 25 February 2025.,"Adjusted gender parity index for the proportion of teachers with the minimum required qualifications, by education level (ratio) [4.5.1]",,,,,Pre-primary education,,Country Data,SOURCE: UIS Education Survey Data extracted on 25 February 2025.,,,1.25115
2004,C,SOURCE: UIS Education Survey Data extracted on 25 February 2025.,"Adjusted gender parity index for the proportion of teachers with the minimum required qualifications, by education level (ratio) [4.5.1]",,,,,Pre-primary education,,Country Data,SOURCE: UIS Education Survey Data extracted on 25 February 2025.,,,1.25272
2005,C,SOURCE: UIS Education Survey Data extracted on 25 February 2025.,"Adjusted gender parity index for the proportion of teachers with the minimum required qualifications, by education level (ratio) [4.5.1]",,,,,Pre-primary education,,Country Data,SOURCE: UIS Education Survey Data extracted on 25 February 2025.,,,1.25193
2006,C,SOURCE: UIS Education Survey Data extracted on 25 February 2025.,"Adjusted gender parity index for the proportion of teachers with the minimum required qualifications, by education level (ratio) [4.5.1]",,,,,Pre-primary education,,Country Data,SOURCE: UIS Education Survey Data extracted on 25 February 2025.,,,1.252
2007,C,SOURCE: UIS Education Survey Data extracted on 25 February 2025.,"Adjusted gender parity index for the proportion of teachers with the minimum required qualifications, by education level (ratio) [4.5.1]",,,,,Pre-primary education,,Country Data,SOURCE: UIS Education Survey Data extracted on 25 February 2025.,,,1.24924
2008,C,SOURCE: UIS Education Survey Data extracted on 25 February 2025.,"Adjusted gender parity index for the proportion of teachers with the minimum required qualifications, by education level (ratio) [4.5.1]",,,,,Pre-primary education,,Country Data,SOURCE: UIS Education Survey Data extracted on 25 February 2025.,,,1.01332
2009,C,SOURCE: UIS Education Survey Data extracted on 25 February 2025.,"Adjusted gender parity index for the proportion of teachers with the minimum required qualifications, by education level (ratio) [4.5.1]",,,,,Pre-primary education,,Country Data,SOURCE: UIS Education Survey Data extracted on 25 February 2025.,,,0.80373
2012,C,SOURCE: UIS Education Survey Data extracted on 25 February 2025.,"Adjusted gender parity index for the proportion of teachers with the minimum required qualifications, by education level (ratio) [4.5.1]",,,,,Pre-primary education,,Country Data,SOURCE: UIS Education Survey Data extracted on 25 February 2025.,,,1.07475
2014,C,SOURCE: UIS Education Survey Data extracted on 25 February 2025.,"Adjusted gender parity index for the proportion of teachers with the minimum required qualifications, by education level (ratio) [4.5.1]",,,,,Pre-primary education,,Country Data,SOURCE: UIS Education Survey Data extracted on 25 February 2025.,,,0.88887
2003,C,SOURCE: UIS Education Survey Data extracted on 25 February 2025.,"Adjusted gender parity index for the proportion of teachers with the minimum required qualifications, by education level (ratio) [4.5.1]",,,,,Primary education,,Estimated,SOURCE: UIS Education Survey Data extracted on 25 February 2025.,,,1.00429
2004,C,SOURCE: UIS Education Survey Data extracted on 25 February 2025.,"Adjusted gender parity index for the proportion of teachers with the minimum required qualifications, by education level (ratio) [4.5.1]",,,,,Primary education,,Estimated,SOURCE: UIS Education Survey Data extracted on 25 February 2025.,,,1.00741
2005,E,SOURCE: UIS Education Survey Data extracted on 25 February 2025.,"Adjusted gender parity index for the proportion of teachers with the minimum required qualifications, by education level (ratio) [4.5.1]",,,,,Primary education,,Estimated,SOURCE: UIS Education Survey Data extracted on 25 February 2025.,,,1.00579
2007,E,SOURCE: UIS Education Survey Data extracted on 25 February 2025.,"Adjusted gender parity index for the proportion of teachers with the minimum required qualifications, by education level (ratio) [4.5.1]",,,,,Primary education,,Estimated,SOURCE: UIS Education Survey Data extracted on 25 February 2025.,,,0.9975
2008,E,SOURCE: UIS Education Survey Data extracted on 25 February 2025.,"Adjusted gender parity index for the proportion of teachers with the minimum required qualifications, by education level (ratio) [4.5.1]",,,,,Primary education,,Estimated,SOURCE: UIS Education Survey Data extracted on 25 February 2025.,,,0.99766
2004,C,SOURCE: UIS Education Survey Data extracted on 25 February 2025.,"Adjusted gender parity index for the proportion of teachers with the minimum required qualifications, by education level (ratio) [4.5.1]",,,,,Lower secondary education,,Estimated,SOURCE: UIS Education Survey Data extracted on 25 February 2025.,,,0.98943
2005,E,SOURCE: UIS Education Survey Data extracted on 25 February 2025.,"Adjusted gender parity index for the proportion of teachers with the minimum required qualifications, by education level (ratio) [4.5.1]",,,,,Lower secondary education,,Estimated,SOURCE: UIS Education Survey Data extracted on 25 February 2025.,,,1.00727
2008,E,SOURCE: UIS Education Survey Data extracted on 25 February 2025.,"Adjusted gender parity index for the proportion of teachers with the minimum required qualifications, by education level (ratio) [4.5.1]",,,,,Lower secondary education,,Estimated,SOURCE: UIS Education Survey Data extracted on 25 February 2025.,,,1.01541
2006,C,SOURCE: UIS Education Survey Data extracted on 25 February 2025.,"Adjusted gender parity index for the proportion of teachers with the minimum required qualifications, by education level (ratio) [4.5.1]",,,,,Upper secondary education,,Country Data,SOURCE: UIS Education Survey Data extracted on 25 February 2025.,,,0.97058
2007,C,SOURCE: UIS Education Survey Data extracted on 25 February 2025.,"Adjusted gender parity index for the proportion of teachers with the minimum required qualifications, by education level (ratio) [4.5.1]",,,,,Upper secondary education,,Country Data,SOURCE: UIS Education Survey Data extracted on 25 February 2025.,,,1.01542
2008,C,SOURCE: UIS Education Survey Data extracted on 25 February 2025.,"Adjusted gender parity index for the proportion of teachers with the minimum required qualifications, by education level (ratio) [4.5.1]",,,,,Upper secondary education,,Country Data,SOURCE: UIS Education Survey Data extracted on 25 February 2025.,,,0.94846
2009,E,SOURCE: UIS Education Survey Data extracted on 25 February 2025.,"Adjusted gender parity index for the proportion of teachers with the minimum required qualifications, by education level (ratio) [4.5.1]",,,,,Upper secondary education,,Country Data,SOURCE: UIS Education Survey Data extracted on 25 February 2025.,,,0.89652
2012,C,SOURCE: UIS Education Survey Data extracted on 25 February 2025.,"Adjusted gender parity index for the proportion of teachers with the minimum required qualifications, by education level (ratio) [4.5.1]",,,,,Upper secondary education,,Country Data,SOURCE: UIS Education Survey Data extracted on 25 February 2025.,,,1.00202
2019,C,Assessments for Minimum Proficiency Levels (AMPL). Grade 7 Data extracted on 25 February 2025.,Adjusted gender parity index for achieving a minimum proficiency level in reading and mathematics (ratio) [4.5.1],,,,,Primary education,Skill: Mathematics,Country Data,Assessments for Minimum Proficiency Levels (AMPL). Grade 6 Data extracted on 25 February 2025.,,,0.94686
2021,C,Assessments for Minimum Proficiency Levels (AMPL). Grade 7 Data extracted on 25 February 2025.,Adjusted gender parity index for achieving a minimum proficiency level in reading and mathematics (ratio) [4.5.1],,,,,Primary education,Skill: Mathematics,Country Data,Assessments for Minimum Proficiency Levels (AMPL). Grade 6 Data extracted on 25 February 2025.,,,1.01475
2023,C,Assessments for Minimum Proficiency Levels (AMPL). Grade 6 Data extracted on 25 February 2025.,Adjusted gender parity index for achieving a minimum proficiency level in reading and mathematics (ratio) [4.5.1],,,,,Primary education,Skill: Mathematics,Country Data,Assessments for Minimum Proficiency Levels (AMPL). Grade 6 Data extracted on 25 February 2025.,,,1.05
2021,C,Assessments for Minimum Proficiency Levels (AMPL). Grade 7 Data extracted on 25 February 2025.,Adjusted gender parity index for achieving a minimum proficiency level in reading and mathematics (ratio) [4.5.1],,,,,Primary education,Skill: Reading,Country Data,Assessments for Minimum Proficiency Levels (AMPL). Grade 6 Data extracted on 25 February 2025.,,,1.07231
2023,C,Assessments for Minimum Proficiency Levels (AMPL). Grade 6 Data extracted on 25 February 2025.,Adjusted gender parity index for achieving a minimum proficiency level in reading and mathematics (ratio) [4.5.1],,,,,Primary education,Skill: Reading,Country Data,Assessments for Minimum Proficiency Levels (AMPL). Grade 6 Data extracted on 25 February 2025.,,,1.14
