Year,SOURCE_DETAIL,SDG Series,Unit of measure,Source details,Value
2000,"International Monetary Fund, Balance of Payments Statistics Yearbook and data files, and World Bank and OECD GDP estimates.",Current account balance as a proportion of GDP (%) [17.13.1],Percent,"International Monetary Fund, Balance of Payments Statistics Yearbook and data files, and World Bank and OECD GDP estimates.",-1.5693516563302
2001,"International Monetary Fund, Balance of Payments Statistics Yearbook and data files, and World Bank and OECD GDP estimates.",Current account balance as a proportion of GDP (%) [17.13.1],Percent,"International Monetary Fund, Balance of Payments Statistics Yearbook and data files, and World Bank and OECD GDP estimates.",-2.46632258412886
2002,"International Monetary Fund, Balance of Payments Statistics Yearbook and data files, and World Bank and OECD GDP estimates.",Current account balance as a proportion of GDP (%) [17.13.1],Percent,"International Monetary Fund, Balance of Payments Statistics Yearbook and data files, and World Bank and OECD GDP estimates.",-0.894975876340371
2003,"International Monetary Fund, Balance of Payments Statistics Yearbook and data files, and World Bank and OECD GDP estimates.",Current account balance as a proportion of GDP (%) [17.13.1],Percent,"International Monetary Fund, Balance of Payments Statistics Yearbook and data files, and World Bank and OECD GDP estimates.",0.888450320310784
2004,"International Monetary Fund, Balance of Payments Statistics Yearbook and data files, and World Bank and OECD GDP estimates.",Current account balance as a proportion of GDP (%) [17.13.1],Percent,"International Monetary Fund, Balance of Payments Statistics Yearbook and data files, and World Bank and OECD GDP estimates.",-0.818703017571567
2005,"International Monetary Fund, Balance of Payments Statistics Yearbook and data files, and World Bank and OECD GDP estimates.",Current account balance as a proportion of GDP (%) [17.13.1],Percent,"International Monetary Fund, Balance of Payments Statistics Yearbook and data files, and World Bank and OECD GDP estimates.",-1.34655849731384
2006,"International Monetary Fund, Balance of Payments Statistics Yearbook and data files, and World Bank and OECD GDP estimates.",Current account balance as a proportion of GDP (%) [17.13.1],Percent,"International Monetary Fund, Balance of Payments Statistics Yearbook and data files, and World Bank and OECD GDP estimates.",-1.97646990538246
2007,"International Monetary Fund, Balance of Payments Statistics Yearbook and data files, and World Bank and OECD GDP estimates.",Current account balance as a proportion of GDP (%) [17.13.1],Percent,"International Monetary Fund, Balance of Payments Statistics Yearbook and data files, and World Bank and OECD GDP estimates.",-3.2293696026957
2008,"International Monetary Fund, Balance of Payments Statistics Yearbook and data files, and World Bank and OECD GDP estimates.",Current account balance as a proportion of GDP (%) [17.13.1],Percent,"International Monetary Fund, Balance of Payments Statistics Yearbook and data files, and World Bank and OECD GDP estimates.",-5.52329630288282
2009,"International Monetary Fund, Balance of Payments Statistics Yearbook and data files, and World Bank and OECD GDP estimates.",Current account balance as a proportion of GDP (%) [17.13.1],Percent,"International Monetary Fund, Balance of Payments Statistics Yearbook and data files, and World Bank and OECD GDP estimates.",-3.98728888063669
2010,"International Monetary Fund, Balance of Payments Statistics Yearbook and data files, and World Bank and OECD GDP estimates.",Current account balance as a proportion of GDP (%) [17.13.1],Percent,"International Monetary Fund, Balance of Payments Statistics Yearbook and data files, and World Bank and OECD GDP estimates.",-5.21669389712653
2011,"International Monetary Fund, Balance of Payments Statistics Yearbook and data files, and World Bank and OECD GDP estimates.",Current account balance as a proportion of GDP (%) [17.13.1],Percent,"International Monetary Fund, Balance of Payments Statistics Yearbook and data files, and World Bank and OECD GDP estimates.",-8.14880935200664
2012,"International Monetary Fund, Balance of Payments Statistics Yearbook and data files, and World Bank and OECD GDP estimates.",Current account balance as a proportion of GDP (%) [17.13.1],Percent,"International Monetary Fund, Balance of Payments Statistics Yearbook and data files, and World Bank and OECD GDP estimates.",-7.4758716615935
2013,"International Monetary Fund, Balance of Payments Statistics Yearbook and data files, and World Bank and OECD GDP estimates.",Current account balance as a proportion of GDP (%) [17.13.1],Percent,"International Monetary Fund, Balance of Payments Statistics Yearbook and data files, and World Bank and OECD GDP estimates.",-7.85152228564967
2014,"International Monetary Fund, Balance of Payments Statistics Yearbook and data files, and World Bank and OECD GDP estimates.",Current account balance as a proportion of GDP (%) [17.13.1],Percent,"International Monetary Fund, Balance of Payments Statistics Yearbook and data files, and World Bank and OECD GDP estimates.",-9.34004850596924
2015,"International Monetary Fund, Balance of Payments Statistics Yearbook and data files, and World Bank and OECD GDP estimates.",Current account balance as a proportion of GDP (%) [17.13.1],Percent,"International Monetary Fund, Balance of Payments Statistics Yearbook and data files, and World Bank and OECD GDP estimates.",-6.30459656347733
2016,"International Monetary Fund, Balance of Payments Statistics Yearbook and data files, and World Bank and OECD GDP estimates.",Current account balance as a proportion of GDP (%) [17.13.1],Percent,"International Monetary Fund, Balance of Payments Statistics Yearbook and data files, and World Bank and OECD GDP estimates.",-5.3970086381703
2017,"International Monetary Fund, Balance of Payments Statistics Yearbook and data files, and World Bank and OECD GDP estimates.",Current account balance as a proportion of GDP (%) [17.13.1],Percent,"International Monetary Fund, Balance of Payments Statistics Yearbook and data files, and World Bank and OECD GDP estimates.",-6.99683322084959
2018,"International Monetary Fund, Balance of Payments Statistics Yearbook and data files, and World Bank and OECD GDP estimates.",Current account balance as a proportion of GDP (%) [17.13.1],Percent,"International Monetary Fund, Balance of Payments Statistics Yearbook and data files, and World Bank and OECD GDP estimates.",-5.41106679141752
2019,"International Monetary Fund, Balance of Payments Statistics Yearbook and data files, and World Bank and OECD GDP estimates.",Current account balance as a proportion of GDP (%) [17.13.1],Percent,"International Monetary Fund, Balance of Payments Statistics Yearbook and data files, and World Bank and OECD GDP estimates.",-5.23852935907811
2020,"International Monetary Fund, Balance of Payments Statistics Yearbook and data files, and World Bank and OECD GDP estimates.",Current account balance as a proportion of GDP (%) [17.13.1],Percent,"International Monetary Fund, Balance of Payments Statistics Yearbook and data files, and World Bank and OECD GDP estimates.",-3.70614438428959
2021,"International Monetary Fund, Balance of Payments Statistics Yearbook and data files, and World Bank and OECD GDP estimates.",Current account balance as a proportion of GDP (%) [17.13.1],Percent,"International Monetary Fund, Balance of Payments Statistics Yearbook and data files, and World Bank and OECD GDP estimates.",-5.10159025996023
2022,"International Monetary Fund, Balance of Payments Statistics Yearbook and data files, and World Bank and OECD GDP estimates.",Current account balance as a proportion of GDP (%) [17.13.1],Percent,"International Monetary Fund, Balance of Payments Statistics Yearbook and data files, and World Bank and OECD GDP estimates.",-5.14588548301183
2023,"International Monetary Fund, Balance of Payments Statistics Yearbook and data files, and World Bank and OECD GDP estimates.",Current account balance as a proportion of GDP (%) [17.13.1],Percent,"International Monetary Fund, Balance of Payments Statistics Yearbook and data files, and World Bank and OECD GDP estimates.",-3.99586269636629
2000,"International Monetary Fund, Balance of Payments Statistics Yearbook and data files.","Portfolio investment, net (Balance of Payments, current United States dollars) [17.13.1]",USD,"International Monetary Fund, Balance of Payments Statistics Yearbook and data files.",14392651.1845173
2001,"International Monetary Fund, Balance of Payments Statistics Yearbook and data files.","Portfolio investment, net (Balance of Payments, current United States dollars) [17.13.1]",USD,"International Monetary Fund, Balance of Payments Statistics Yearbook and data files.",1418755.94545257
2002,"International Monetary Fund, Balance of Payments Statistics Yearbook and data files.","Portfolio investment, net (Balance of Payments, current United States dollars) [17.13.1]",USD,"International Monetary Fund, Balance of Payments Statistics Yearbook and data files.",4765613.84743135
2003,"International Monetary Fund, Balance of Payments Statistics Yearbook and data files.","Portfolio investment, net (Balance of Payments, current United States dollars) [17.13.1]",USD,"International Monetary Fund, Balance of Payments Statistics Yearbook and data files.",37684711.1430908
2004,"International Monetary Fund, Balance of Payments Statistics Yearbook and data files.","Portfolio investment, net (Balance of Payments, current United States dollars) [17.13.1]",USD,"International Monetary Fund, Balance of Payments Statistics Yearbook and data files.",66310129.8178454
2005,"International Monetary Fund, Balance of Payments Statistics Yearbook and data files.","Portfolio investment, net (Balance of Payments, current United States dollars) [17.13.1]",USD,"International Monetary Fund, Balance of Payments Statistics Yearbook and data files.",30463597.7673668
2006,"International Monetary Fund, Balance of Payments Statistics Yearbook and data files.","Portfolio investment, net (Balance of Payments, current United States dollars) [17.13.1]",USD,"International Monetary Fund, Balance of Payments Statistics Yearbook and data files.",20626252.1041756
2007,"International Monetary Fund, Balance of Payments Statistics Yearbook and data files.","Portfolio investment, net (Balance of Payments, current United States dollars) [17.13.1]",USD,"International Monetary Fund, Balance of Payments Statistics Yearbook and data files.",24727991.7475219
2008,"International Monetary Fund, Balance of Payments Statistics Yearbook and data files.","Portfolio investment, net (Balance of Payments, current United States dollars) [17.13.1]",USD,"International Monetary Fund, Balance of Payments Statistics Yearbook and data files.",26095144.9851711
2009,"International Monetary Fund, Balance of Payments Statistics Yearbook and data files.","Portfolio investment, net (Balance of Payments, current United States dollars) [17.13.1]",USD,"International Monetary Fund, Balance of Payments Statistics Yearbook and data files.",20885558.7852698
2010,"International Monetary Fund, Balance of Payments Statistics Yearbook and data files.","Portfolio investment, net (Balance of Payments, current United States dollars) [17.13.1]",USD,"International Monetary Fund, Balance of Payments Statistics Yearbook and data files.",28958711.7341487
2011,"International Monetary Fund, Balance of Payments Statistics Yearbook and data files.","Portfolio investment, net (Balance of Payments, current United States dollars) [17.13.1]",USD,"International Monetary Fund, Balance of Payments Statistics Yearbook and data files.",1712404.92622214
2012,"International Monetary Fund, Balance of Payments Statistics Yearbook and data files.","Portfolio investment, net (Balance of Payments, current United States dollars) [17.13.1]",USD,"International Monetary Fund, Balance of Payments Statistics Yearbook and data files.",-217694034.012166
2013,"International Monetary Fund, Balance of Payments Statistics Yearbook and data files.","Portfolio investment, net (Balance of Payments, current United States dollars) [17.13.1]",USD,"International Monetary Fund, Balance of Payments Statistics Yearbook and data files.",-270499782.38093
2014,"International Monetary Fund, Balance of Payments Statistics Yearbook and data files.","Portfolio investment, net (Balance of Payments, current United States dollars) [17.13.1]",USD,"International Monetary Fund, Balance of Payments Statistics Yearbook and data files.",-3716854383.95284
2015,"International Monetary Fund, Balance of Payments Statistics Yearbook and data files.","Portfolio investment, net (Balance of Payments, current United States dollars) [17.13.1]",USD,"International Monetary Fund, Balance of Payments Statistics Yearbook and data files.",155053165.783443
2016,"International Monetary Fund, Balance of Payments Statistics Yearbook and data files.","Portfolio investment, net (Balance of Payments, current United States dollars) [17.13.1]",USD,"International Monetary Fund, Balance of Payments Statistics Yearbook and data files.",377524076.233994
2017,"International Monetary Fund, Balance of Payments Statistics Yearbook and data files.","Portfolio investment, net (Balance of Payments, current United States dollars) [17.13.1]",USD,"International Monetary Fund, Balance of Payments Statistics Yearbook and data files.",731122697.464971
2018,"International Monetary Fund, Balance of Payments Statistics Yearbook and data files.","Portfolio investment, net (Balance of Payments, current United States dollars) [17.13.1]",USD,"International Monetary Fund, Balance of Payments Statistics Yearbook and data files.",-649019598.36283
2019,"International Monetary Fund, Balance of Payments Statistics Yearbook and data files.","Portfolio investment, net (Balance of Payments, current United States dollars) [17.13.1]",USD,"International Monetary Fund, Balance of Payments Statistics Yearbook and data files.",-458225331.280302
2020,"International Monetary Fund, Balance of Payments Statistics Yearbook and data files.","Portfolio investment, net (Balance of Payments, current United States dollars) [17.13.1]",USD,"International Monetary Fund, Balance of Payments Statistics Yearbook and data files.",1313261222.20821
2021,"International Monetary Fund, Balance of Payments Statistics Yearbook and data files.","Portfolio investment, net (Balance of Payments, current United States dollars) [17.13.1]",USD,"International Monetary Fund, Balance of Payments Statistics Yearbook and data files.",199502746.913574
2022,"International Monetary Fund, Balance of Payments Statistics Yearbook and data files.","Portfolio investment, net (Balance of Payments, current United States dollars) [17.13.1]",USD,"International Monetary Fund, Balance of Payments Statistics Yearbook and data files.",706680011.209663
2023,"International Monetary Fund, Balance of Payments Statistics Yearbook and data files.","Portfolio investment, net (Balance of Payments, current United States dollars) [17.13.1]",USD,"International Monetary Fund, Balance of Payments Statistics Yearbook and data files.",645515746.585989
2000,"International Monetary Fund, International Financial Statistics and Balance of Payments databases, World Bank, International Debt Statistics, and World Bank and OECD GDP estimates.","Foreign direct investment, net inflows, as a proportion of GDP (%) [17.13.1]",Percent,"International Monetary Fund, International Financial Statistics and Balance of Payments databases, World Bank, International Debt Statistics, and World Bank and OECD GDP estimates.",0.872896453431281
2001,"International Monetary Fund, International Financial Statistics and Balance of Payments databases, World Bank, International Debt Statistics, and World Bank and OECD GDP estimates.","Foreign direct investment, net inflows, as a proportion of GDP (%) [17.13.1]",Percent,"International Monetary Fund, International Financial Statistics and Balance of Payments databases, World Bank, International Debt Statistics, and World Bank and OECD GDP estimates.",0.0408333582871575
2002,"International Monetary Fund, International Financial Statistics and Balance of Payments databases, World Bank, International Debt Statistics, and World Bank and OECD GDP estimates.","Foreign direct investment, net inflows, as a proportion of GDP (%) [17.13.1]",Percent,"International Monetary Fund, International Financial Statistics and Balance of Payments databases, World Bank, International Debt Statistics, and World Bank and OECD GDP estimates.",0.210062364887451
2003,"International Monetary Fund, International Financial Statistics and Balance of Payments databases, World Bank, International Debt Statistics, and World Bank and OECD GDP estimates.","Foreign direct investment, net inflows, as a proportion of GDP (%) [17.13.1]",Percent,"International Monetary Fund, International Financial Statistics and Balance of Payments databases, World Bank, International Debt Statistics, and World Bank and OECD GDP estimates.",0.548412532071826
2004,"International Monetary Fund, International Financial Statistics and Balance of Payments databases, World Bank, International Debt Statistics, and World Bank and OECD GDP estimates.","Foreign direct investment, net inflows, as a proportion of GDP (%) [17.13.1]",Percent,"International Monetary Fund, International Financial Statistics and Balance of Payments databases, World Bank, International Debt Statistics, and World Bank and OECD GDP estimates.",0.286194263505208
2005,"International Monetary Fund, International Financial Statistics and Balance of Payments databases, World Bank, International Debt Statistics, and World Bank and OECD GDP estimates.","Foreign direct investment, net inflows, as a proportion of GDP (%) [17.13.1]",Percent,"International Monetary Fund, International Financial Statistics and Balance of Payments databases, World Bank, International Debt Statistics, and World Bank and OECD GDP estimates.",0.113202068934601
2006,"International Monetary Fund, International Financial Statistics and Balance of Payments databases, World Bank, International Debt Statistics, and World Bank and OECD GDP estimates.","Foreign direct investment, net inflows, as a proportion of GDP (%) [17.13.1]",Percent,"International Monetary Fund, International Financial Statistics and Balance of Payments databases, World Bank, International Debt Statistics, and World Bank and OECD GDP estimates.",0.196219632064753
2007,"International Monetary Fund, International Financial Statistics and Balance of Payments databases, World Bank, International Debt Statistics, and World Bank and OECD GDP estimates.","Foreign direct investment, net inflows, as a proportion of GDP (%) [17.13.1]",Percent,"International Monetary Fund, International Financial Statistics and Balance of Payments databases, World Bank, International Debt Statistics, and World Bank and OECD GDP estimates.",2.28124317373484
2008,"International Monetary Fund, International Financial Statistics and Balance of Payments databases, World Bank, International Debt Statistics, and World Bank and OECD GDP estimates.","Foreign direct investment, net inflows, as a proportion of GDP (%) [17.13.1]",Percent,"International Monetary Fund, International Financial Statistics and Balance of Payments databases, World Bank, International Debt Statistics, and World Bank and OECD GDP estimates.",0.266291327300955
2009,"International Monetary Fund, International Financial Statistics and Balance of Payments databases, World Bank, International Debt Statistics, and World Bank and OECD GDP estimates.","Foreign direct investment, net inflows, as a proportion of GDP (%) [17.13.1]",Percent,"International Monetary Fund, International Financial Statistics and Balance of Payments databases, World Bank, International Debt Statistics, and World Bank and OECD GDP estimates.",0.274534230856511
2010,"International Monetary Fund, International Financial Statistics and Balance of Payments databases, World Bank, International Debt Statistics, and World Bank and OECD GDP estimates.","Foreign direct investment, net inflows, as a proportion of GDP (%) [17.13.1]",Percent,"International Monetary Fund, International Financial Statistics and Balance of Payments databases, World Bank, International Debt Statistics, and World Bank and OECD GDP estimates.",0.392164287395035
2011,"International Monetary Fund, International Financial Statistics and Balance of Payments databases, World Bank, International Debt Statistics, and World Bank and OECD GDP estimates.","Foreign direct investment, net inflows, as a proportion of GDP (%) [17.13.1]",Percent,"International Monetary Fund, International Financial Statistics and Balance of Payments databases, World Bank, International Debt Statistics, and World Bank and OECD GDP estimates.",3.09471103381268
2012,"International Monetary Fund, International Financial Statistics and Balance of Payments databases, World Bank, International Debt Statistics, and World Bank and OECD GDP estimates.","Foreign direct investment, net inflows, as a proportion of GDP (%) [17.13.1]",Percent,"International Monetary Fund, International Financial Statistics and Balance of Payments databases, World Bank, International Debt Statistics, and World Bank and OECD GDP estimates.",2.44725940988928
2013,"International Monetary Fund, International Financial Statistics and Balance of Payments databases, World Bank, International Debt Statistics, and World Bank and OECD GDP estimates.","Foreign direct investment, net inflows, as a proportion of GDP (%) [17.13.1]",Percent,"International Monetary Fund, International Financial Statistics and Balance of Payments databases, World Bank, International Debt Statistics, and World Bank and OECD GDP estimates.",1.81417037253293
2014,"International Monetary Fund, International Financial Statistics and Balance of Payments databases, World Bank, International Debt Statistics, and World Bank and OECD GDP estimates.","Foreign direct investment, net inflows, as a proportion of GDP (%) [17.13.1]",Percent,"International Monetary Fund, International Financial Statistics and Balance of Payments databases, World Bank, International Debt Statistics, and World Bank and OECD GDP estimates.",1.20220842439577
2015,"International Monetary Fund, International Financial Statistics and Balance of Payments databases, World Bank, International Debt Statistics, and World Bank and OECD GDP estimates.","Foreign direct investment, net inflows, as a proportion of GDP (%) [17.13.1]",Percent,"International Monetary Fund, International Financial Statistics and Balance of Payments databases, World Bank, International Debt Statistics, and World Bank and OECD GDP estimates.",0.883799936312692
2016,"International Monetary Fund, International Financial Statistics and Balance of Payments databases, World Bank, International Debt Statistics, and World Bank and OECD GDP estimates.","Foreign direct investment, net inflows, as a proportion of GDP (%) [17.13.1]",Percent,"International Monetary Fund, International Financial Statistics and Balance of Payments databases, World Bank, International Debt Statistics, and World Bank and OECD GDP estimates.",0.627591266355583
2017,"International Monetary Fund, International Financial Statistics and Balance of Payments databases, World Bank, International Debt Statistics, and World Bank and OECD GDP estimates.","Foreign direct investment, net inflows, as a proportion of GDP (%) [17.13.1]",Percent,"International Monetary Fund, International Financial Statistics and Balance of Payments databases, World Bank, International Debt Statistics, and World Bank and OECD GDP estimates.",1.64083690398643
2018,"International Monetary Fund, International Financial Statistics and Balance of Payments databases, World Bank, International Debt Statistics, and World Bank and OECD GDP estimates.","Foreign direct investment, net inflows, as a proportion of GDP (%) [17.13.1]",Percent,"International Monetary Fund, International Financial Statistics and Balance of Payments databases, World Bank, International Debt Statistics, and World Bank and OECD GDP estimates.",0.832686217791619
2019,"International Monetary Fund, International Financial Statistics and Balance of Payments databases, World Bank, International Debt Statistics, and World Bank and OECD GDP estimates.","Foreign direct investment, net inflows, as a proportion of GDP (%) [17.13.1]",Percent,"International Monetary Fund, International Financial Statistics and Balance of Payments databases, World Bank, International Debt Statistics, and World Bank and OECD GDP estimates.",0.468168547481475
2020,"International Monetary Fund, International Financial Statistics and Balance of Payments databases, World Bank, International Debt Statistics, and World Bank and OECD GDP estimates.","Foreign direct investment, net inflows, as a proportion of GDP (%) [17.13.1]",Percent,"International Monetary Fund, International Financial Statistics and Balance of Payments databases, World Bank, International Debt Statistics, and World Bank and OECD GDP estimates.",-0.0053684543935162
2021,"International Monetary Fund, International Financial Statistics and Balance of Payments databases, World Bank, International Debt Statistics, and World Bank and OECD GDP estimates.","Foreign direct investment, net inflows, as a proportion of GDP (%) [17.13.1]",Percent,"International Monetary Fund, International Financial Statistics and Balance of Payments databases, World Bank, International Debt Statistics, and World Bank and OECD GDP estimates.",0.382593996518954
2022,"International Monetary Fund, International Financial Statistics and Balance of Payments databases, World Bank, International Debt Statistics, and World Bank and OECD GDP estimates.","Foreign direct investment, net inflows, as a proportion of GDP (%) [17.13.1]",Percent,"International Monetary Fund, International Financial Statistics and Balance of Payments databases, World Bank, International Debt Statistics, and World Bank and OECD GDP estimates.",0.691645983068062
2023,"International Monetary Fund, International Financial Statistics and Balance of Payments databases, World Bank, International Debt Statistics, and World Bank and OECD GDP estimates.","Foreign direct investment, net inflows, as a proportion of GDP (%) [17.13.1]",Percent,"International Monetary Fund, International Financial Statistics and Balance of Payments databases, World Bank, International Debt Statistics, and World Bank and OECD GDP estimates.",0.674542879122223
2000,"World Bank, International Debt Statistics.",External debt stocks as a proportion of GNI (%) [17.13.1],Percent,"World Bank, International Debt Statistics.",48.8816816711472
2001,"World Bank, International Debt Statistics.",External debt stocks as a proportion of GNI (%) [17.13.1],Percent,"World Bank, International Debt Statistics.",42.8030792314832
2002,"World Bank, International Debt Statistics.",External debt stocks as a proportion of GNI (%) [17.13.1],Percent,"World Bank, International Debt Statistics.",46.7971661071858
2003,"World Bank, International Debt Statistics.",External debt stocks as a proportion of GNI (%) [17.13.1],Percent,"World Bank, International Debt Statistics.",45.5616989858586
2004,"World Bank, International Debt Statistics.",External debt stocks as a proportion of GNI (%) [17.13.1],Percent,"World Bank, International Debt Statistics.",43.3540299808694
2005,"World Bank, International Debt Statistics.",External debt stocks as a proportion of GNI (%) [17.13.1],Percent,"World Bank, International Debt Statistics.",34.7059410831863
2006,"World Bank, International Debt Statistics.",External debt stocks as a proportion of GNI (%) [17.13.1],Percent,"World Bank, International Debt Statistics.",26.0902560577936
2007,"World Bank, International Debt Statistics.",External debt stocks as a proportion of GNI (%) [17.13.1],Percent,"World Bank, International Debt Statistics.",23.8155904871498
2008,"World Bank, International Debt Statistics.",External debt stocks as a proportion of GNI (%) [17.13.1],Percent,"World Bank, International Debt Statistics.",21.4473704486947
2009,"World Bank, International Debt Statistics.",External debt stocks as a proportion of GNI (%) [17.13.1],Percent,"World Bank, International Debt Statistics.",23.2191740274624
2010,"World Bank, International Debt Statistics.",External debt stocks as a proportion of GNI (%) [17.13.1],Percent,"World Bank, International Debt Statistics.",22.2953111640431
2011,"World Bank, International Debt Statistics.",External debt stocks as a proportion of GNI (%) [17.13.1],Percent,"World Bank, International Debt Statistics.",23.9314455090232
2012,"World Bank, International Debt Statistics.",External debt stocks as a proportion of GNI (%) [17.13.1],Percent,"World Bank, International Debt Statistics.",23.5760157767792
2013,"World Bank, International Debt Statistics.",External debt stocks as a proportion of GNI (%) [17.13.1],Percent,"World Bank, International Debt Statistics.",25.277644789086
2014,"World Bank, International Debt Statistics.",External debt stocks as a proportion of GNI (%) [17.13.1],Percent,"World Bank, International Debt Statistics.",27.916456980179
2015,"World Bank, International Debt Statistics.",External debt stocks as a proportion of GNI (%) [17.13.1],Percent,"World Bank, International Debt Statistics.",31.3058278228131
2016,"World Bank, International Debt Statistics.",External debt stocks as a proportion of GNI (%) [17.13.1],Percent,"World Bank, International Debt Statistics.",28.5315668521598
2017,"World Bank, International Debt Statistics.",External debt stocks as a proportion of GNI (%) [17.13.1],Percent,"World Bank, International Debt Statistics.",33.4901470475528
2018,"World Bank, International Debt Statistics.",External debt stocks as a proportion of GNI (%) [17.13.1],Percent,"World Bank, International Debt Statistics.",34.6140434138868
2019,"World Bank, International Debt Statistics.",External debt stocks as a proportion of GNI (%) [17.13.1],Percent,"World Bank, International Debt Statistics.",35.4042862038635
2020,"World Bank, International Debt Statistics.",External debt stocks as a proportion of GNI (%) [17.13.1],Percent,"World Bank, International Debt Statistics.",38.0454096339675
2021,"World Bank, International Debt Statistics.",External debt stocks as a proportion of GNI (%) [17.13.1],Percent,"World Bank, International Debt Statistics.",38.1042168095825
2022,"World Bank, International Debt Statistics.",External debt stocks as a proportion of GNI (%) [17.13.1],Percent,"World Bank, International Debt Statistics.",36.8769031537885
2023,"World Bank, International Debt Statistics.",External debt stocks as a proportion of GNI (%) [17.13.1],Percent,"World Bank, International Debt Statistics.",40.4232521954815
2006,"International Monetary Fund, Financial Soundness Indicators.",Bank capital to assets ratio (%) [17.13.1],Percent,"International Monetary Fund, Financial Soundness Indicators.",10.6939644008148
2007,"International Monetary Fund, Financial Soundness Indicators.",Bank capital to assets ratio (%) [17.13.1],Percent,"International Monetary Fund, Financial Soundness Indicators.",11.7940347730735
2008,"International Monetary Fund, Financial Soundness Indicators.",Bank capital to assets ratio (%) [17.13.1],Percent,"International Monetary Fund, Financial Soundness Indicators.",10.2057561465961
2009,"International Monetary Fund, Financial Soundness Indicators.",Bank capital to assets ratio (%) [17.13.1],Percent,"International Monetary Fund, Financial Soundness Indicators.",10.3597864602894
2010,"International Monetary Fund, Financial Soundness Indicators.",Bank capital to assets ratio (%) [17.13.1],Percent,"International Monetary Fund, Financial Soundness Indicators.",11.6650560497003
2011,"International Monetary Fund, Financial Soundness Indicators.",Bank capital to assets ratio (%) [17.13.1],Percent,"International Monetary Fund, Financial Soundness Indicators.",11.6037986210215
2012,"International Monetary Fund, Financial Soundness Indicators.",Bank capital to assets ratio (%) [17.13.1],Percent,"International Monetary Fund, Financial Soundness Indicators.",11.3501147433653
2013,"International Monetary Fund, Financial Soundness Indicators.",Bank capital to assets ratio (%) [17.13.1],Percent,"International Monetary Fund, Financial Soundness Indicators.",12.2408146491479
2014,"International Monetary Fund, Financial Soundness Indicators.",Bank capital to assets ratio (%) [17.13.1],Percent,"International Monetary Fund, Financial Soundness Indicators.",12.6830392353155
2015,"International Monetary Fund, Financial Soundness Indicators.",Bank capital to assets ratio (%) [17.13.1],Percent,"International Monetary Fund, Financial Soundness Indicators.",12.3616197576276
2016,"International Monetary Fund, Financial Soundness Indicators.",Bank capital to assets ratio (%) [17.13.1],Percent,"International Monetary Fund, Financial Soundness Indicators.",12.9115541186028
2017,"International Monetary Fund, Financial Soundness Indicators.",Bank capital to assets ratio (%) [17.13.1],Percent,"International Monetary Fund, Financial Soundness Indicators.",11.6584626144263
2018,"International Monetary Fund, Financial Soundness Indicators.",Bank capital to assets ratio (%) [17.13.1],Percent,"International Monetary Fund, Financial Soundness Indicators.",13.1846993906256
2019,"International Monetary Fund, Financial Soundness Indicators.",Bank capital to assets ratio (%) [17.13.1],Percent,"International Monetary Fund, Financial Soundness Indicators.",12.7606669939546
2020,"International Monetary Fund, Financial Soundness Indicators.",Bank capital to assets ratio (%) [17.13.1],Percent,"International Monetary Fund, Financial Soundness Indicators.",12.2632002864526
2021,"International Monetary Fund, Financial Soundness Indicators.",Bank capital to assets ratio (%) [17.13.1],Percent,"International Monetary Fund, Financial Soundness Indicators.",12.0701204406319
2022,"International Monetary Fund, Financial Soundness Indicators.",Bank capital to assets ratio (%) [17.13.1],Percent,"International Monetary Fund, Financial Soundness Indicators.",11.431752726069
2000,"International Monetary Fund, International Financial Statistics and data files.",Total reserves in months of imports (ratio) [17.13.1],Ratio,"International Monetary Fund, International Financial Statistics and data files.",2.73411154985089
2001,"International Monetary Fund, International Financial Statistics and data files.",Total reserves in months of imports (ratio) [17.13.1],Ratio,"International Monetary Fund, International Financial Statistics and data files.",3.03115422003869
2002,"International Monetary Fund, International Financial Statistics and data files.",Total reserves in months of imports (ratio) [17.13.1],Ratio,"International Monetary Fund, International Financial Statistics and data files.",3.16809045543055
2003,"International Monetary Fund, International Financial Statistics and data files.",Total reserves in months of imports (ratio) [17.13.1],Ratio,"International Monetary Fund, International Financial Statistics and data files.",4.03534915529282
2004,"International Monetary Fund, International Financial Statistics and data files.",Total reserves in months of imports (ratio) [17.13.1],Ratio,"International Monetary Fund, International Financial Statistics and data files.",3.33882804802791
2005,"International Monetary Fund, International Financial Statistics and data files.",Total reserves in months of imports (ratio) [17.13.1],Ratio,"International Monetary Fund, International Financial Statistics and data files.",3.11957154190372
2006,"International Monetary Fund, International Financial Statistics and data files.",Total reserves in months of imports (ratio) [17.13.1],Ratio,"International Monetary Fund, International Financial Statistics and data files.",3.47614201270207
2007,"International Monetary Fund, International Financial Statistics and data files.",Total reserves in months of imports (ratio) [17.13.1],Ratio,"International Monetary Fund, International Financial Statistics and data files.",3.88514278671835
2008,"International Monetary Fund, International Financial Statistics and data files.",Total reserves in months of imports (ratio) [17.13.1],Ratio,"International Monetary Fund, International Financial Statistics and data files.",2.7031114252704
2009,"International Monetary Fund, International Financial Statistics and data files.",Total reserves in months of imports (ratio) [17.13.1],Ratio,"International Monetary Fund, International Financial Statistics and data files.",4.01198426826367
2010,"International Monetary Fund, International Financial Statistics and data files.",Total reserves in months of imports (ratio) [17.13.1],Ratio,"International Monetary Fund, International Financial Statistics and data files.",3.75096597496823
2011,"International Monetary Fund, International Financial Statistics and data files.",Total reserves in months of imports (ratio) [17.13.1],Ratio,"International Monetary Fund, International Financial Statistics and data files.",3.05887618096076
2012,"International Monetary Fund, International Financial Statistics and data files.",Total reserves in months of imports (ratio) [17.13.1],Ratio,"International Monetary Fund, International Financial Statistics and data files.",3.68947261189703
2013,"International Monetary Fund, International Financial Statistics and data files.",Total reserves in months of imports (ratio) [17.13.1],Ratio,"International Monetary Fund, International Financial Statistics and data files.",4.11793739565397
2014,"International Monetary Fund, International Financial Statistics and data files.",Total reserves in months of imports (ratio) [17.13.1],Ratio,"International Monetary Fund, International Financial Statistics and data files.",4.36592170439432
2015,"International Monetary Fund, International Financial Statistics and data files.",Total reserves in months of imports (ratio) [17.13.1],Ratio,"International Monetary Fund, International Financial Statistics and data files.",4.85820155529876
2016,"International Monetary Fund, International Financial Statistics and data files.",Total reserves in months of imports (ratio) [17.13.1],Ratio,"International Monetary Fund, International Financial Statistics and data files.",5.24445206958816
2017,"International Monetary Fund, International Financial Statistics and data files.",Total reserves in months of imports (ratio) [17.13.1],Ratio,"International Monetary Fund, International Financial Statistics and data files.",4.22919808384001
2018,"International Monetary Fund, International Financial Statistics and data files.",Total reserves in months of imports (ratio) [17.13.1],Ratio,"International Monetary Fund, International Financial Statistics and data files.",4.50003970094331
2019,"International Monetary Fund, International Financial Statistics and data files.",Total reserves in months of imports (ratio) [17.13.1],Ratio,"International Monetary Fund, International Financial Statistics and data files.",4.92067487098349
2020,"International Monetary Fund, International Financial Statistics and data files.",Total reserves in months of imports (ratio) [17.13.1],Ratio,"International Monetary Fund, International Financial Statistics and data files.",5.37166140183109
2021,"International Monetary Fund, International Financial Statistics and data files.",Total reserves in months of imports (ratio) [17.13.1],Ratio,"International Monetary Fund, International Financial Statistics and data files.",4.80083555877845
2022,"International Monetary Fund, International Financial Statistics and data files.",Total reserves in months of imports (ratio) [17.13.1],Ratio,"International Monetary Fund, International Financial Statistics and data files.",3.60784604404895
2023,"International Monetary Fund, International Financial Statistics and data files.",Total reserves in months of imports (ratio) [17.13.1],Ratio,"International Monetary Fund, International Financial Statistics and data files.",3.64969681800593
2000,"International Monetary Fund, International Financial Statistics and data files.",Broad money to total reserves ratio [17.13.1],Ratio,"International Monetary Fund, International Financial Statistics and data files.",4.97602349127871
2001,"International Monetary Fund, International Financial Statistics and data files.",Broad money to total reserves ratio [17.13.1],Ratio,"International Monetary Fund, International Financial Statistics and data files.",4.29710667034731
2002,"International Monetary Fund, International Financial Statistics and data files.",Broad money to total reserves ratio [17.13.1],Ratio,"International Monetary Fund, International Financial Statistics and data files.",4.69697850003206
2003,"International Monetary Fund, International Financial Statistics and data files.",Broad money to total reserves ratio [17.13.1],Ratio,"International Monetary Fund, International Financial Statistics and data files.",3.92426088931971
2004,"International Monetary Fund, International Financial Statistics and data files.",Broad money to total reserves ratio [17.13.1],Ratio,"International Monetary Fund, International Financial Statistics and data files.",4.16561792622776
2005,"International Monetary Fund, International Financial Statistics and data files.",Broad money to total reserves ratio [17.13.1],Ratio,"International Monetary Fund, International Financial Statistics and data files.",4.05221973114658
2006,"International Monetary Fund, International Financial Statistics and data files.",Broad money to total reserves ratio [17.13.1],Ratio,"International Monetary Fund, International Financial Statistics and data files.",3.69857678133907
2007,"International Monetary Fund, International Financial Statistics and data files.",Broad money to total reserves ratio [17.13.1],Ratio,"International Monetary Fund, International Financial Statistics and data files.",3.43494073685563
2008,"International Monetary Fund, International Financial Statistics and data files.",Broad money to total reserves ratio [17.13.1],Ratio,"International Monetary Fund, International Financial Statistics and data files.",4.50168227117344
2009,"International Monetary Fund, International Financial Statistics and data files.",Broad money to total reserves ratio [17.13.1],Ratio,"International Monetary Fund, International Financial Statistics and data files.",3.50631603214575
2010,"International Monetary Fund, International Financial Statistics and data files.",Broad money to total reserves ratio [17.13.1],Ratio,"International Monetary Fund, International Financial Statistics and data files.",3.73160318444397
2011,"International Monetary Fund, International Financial Statistics and data files.",Broad money to total reserves ratio [17.13.1],Ratio,"International Monetary Fund, International Financial Statistics and data files.",4.01859702347275
2012,"International Monetary Fund, International Financial Statistics and data files.",Broad money to total reserves ratio [17.13.1],Ratio,"International Monetary Fund, International Financial Statistics and data files.",3.60650589680656
2013,"International Monetary Fund, International Financial Statistics and data files.",Broad money to total reserves ratio [17.13.1],Ratio,"International Monetary Fund, International Financial Statistics and data files.",3.53207250017491
2014,"International Monetary Fund, International Financial Statistics and data files.",Broad money to total reserves ratio [17.13.1],Ratio,"International Monetary Fund, International Financial Statistics and data files.",3.66830453992007
2015,"International Monetary Fund, International Financial Statistics and data files.",Broad money to total reserves ratio [17.13.1],Ratio,"International Monetary Fund, International Financial Statistics and data files.",3.99543372214354
2016,"International Monetary Fund, International Financial Statistics and data files.",Broad money to total reserves ratio [17.13.1],Ratio,"International Monetary Fund, International Financial Statistics and data files.",3.99412502619705
2017,"International Monetary Fund, International Financial Statistics and data files.",Broad money to total reserves ratio [17.13.1],Ratio,"International Monetary Fund, International Financial Statistics and data files.",4.40698263014837
2018,"International Monetary Fund, International Financial Statistics and data files.",Broad money to total reserves ratio [17.13.1],Ratio,"International Monetary Fund, International Financial Statistics and data files.",4.44503253789779
2019,"International Monetary Fund, International Financial Statistics and data files.",Broad money to total reserves ratio [17.13.1],Ratio,"International Monetary Fund, International Financial Statistics and data files.",4.19212039308075
2020,"International Monetary Fund, International Financial Statistics and data files.",Broad money to total reserves ratio [17.13.1],Ratio,"International Monetary Fund, International Financial Statistics and data files.",4.99845400243119
2021,"International Monetary Fund, International Financial Statistics and data files.",Broad money to total reserves ratio [17.13.1],Ratio,"International Monetary Fund, International Financial Statistics and data files.",4.50664703340371
2022,"International Monetary Fund, International Financial Statistics and data files.",Broad money to total reserves ratio [17.13.1],Ratio,"International Monetary Fund, International Financial Statistics and data files.",5.3680924456542
2023,"International Monetary Fund, International Financial Statistics and data files.",Broad money to total reserves ratio [17.13.1],Ratio,"International Monetary Fund, International Financial Statistics and data files.",5.88722123730243
2000,"International Monetary Fund, International Financial Statistics and data files.",Annual broad money growth (%) [17.13.1],Percent,"International Monetary Fund, International Financial Statistics and data files.",4.90789773108046
2001,"International Monetary Fund, International Financial Statistics and data files.",Annual broad money growth (%) [17.13.1],Percent,"International Monetary Fund, International Financial Statistics and data files.",5.64036301414033
2002,"International Monetary Fund, International Financial Statistics and data files.",Annual broad money growth (%) [17.13.1],Percent,"International Monetary Fund, International Financial Statistics and data files.",9.88881025957127
2003,"International Monetary Fund, International Financial Statistics and data files.",Annual broad money growth (%) [17.13.1],Percent,"International Monetary Fund, International Financial Statistics and data files.",11.7872992352311
2004,"International Monetary Fund, International Financial Statistics and data files.",Annual broad money growth (%) [17.13.1],Percent,"International Monetary Fund, International Financial Statistics and data files.",13.4716639858768
2005,"International Monetary Fund, International Financial Statistics and data files.",Annual broad money growth (%) [17.13.1],Percent,"International Monetary Fund, International Financial Statistics and data files.",9.90837157352699
2006,"International Monetary Fund, International Financial Statistics and data files.",Annual broad money growth (%) [17.13.1],Percent,"International Monetary Fund, International Financial Statistics and data files.",16.9719063758045
2007,"International Monetary Fund, International Financial Statistics and data files.",Annual broad money growth (%) [17.13.1],Percent,"International Monetary Fund, International Financial Statistics and data files.",20.4230451768644
2008,"International Monetary Fund, International Financial Statistics and data files.",Annual broad money growth (%) [17.13.1],Percent,"International Monetary Fund, International Financial Statistics and data files.",15.5488382042457
2009,"International Monetary Fund, International Financial Statistics and data files.",Annual broad money growth (%) [17.13.1],Percent,"International Monetary Fund, International Financial Statistics and data files.",16.457322945514
2010,"International Monetary Fund, International Financial Statistics and data files.",Annual broad money growth (%) [17.13.1],Percent,"International Monetary Fund, International Financial Statistics and data files.",22.3616746976769
2011,"International Monetary Fund, International Financial Statistics and data files.",Annual broad money growth (%) [17.13.1],Percent,"International Monetary Fund, International Financial Statistics and data files.",19.1520541858486
2012,"International Monetary Fund, International Financial Statistics and data files.",Annual broad money growth (%) [17.13.1],Percent,"International Monetary Fund, International Financial Statistics and data files.",14.3923227362879
2013,"International Monetary Fund, International Financial Statistics and data files.",Annual broad money growth (%) [17.13.1],Percent,"International Monetary Fund, International Financial Statistics and data files.",15.2783251317678
2014,"International Monetary Fund, International Financial Statistics and data files.",Annual broad money growth (%) [17.13.1],Percent,"International Monetary Fund, International Financial Statistics and data files.",26.5212626467094
2015,"International Monetary Fund, International Financial Statistics and data files.",Annual broad money growth (%) [17.13.1],Percent,"International Monetary Fund, International Financial Statistics and data files.",16.0698098990173
2016,"International Monetary Fund, International Financial Statistics and data files.",Annual broad money growth (%) [17.13.1],Percent,"International Monetary Fund, International Financial Statistics and data files.",3.89041034386151
2017,"International Monetary Fund, International Financial Statistics and data files.",Annual broad money growth (%) [17.13.1],Percent,"International Monetary Fund, International Financial Statistics and data files.",9.00832756302001
2018,"International Monetary Fund, International Financial Statistics and data files.",Annual broad money growth (%) [17.13.1],Percent,"International Monetary Fund, International Financial Statistics and data files.",10.1229810507049
2019,"International Monetary Fund, International Financial Statistics and data files.",Annual broad money growth (%) [17.13.1],Percent,"International Monetary Fund, International Financial Statistics and data files.",6.01749758930089
2020,"International Monetary Fund, International Financial Statistics and data files.",Annual broad money growth (%) [17.13.1],Percent,"International Monetary Fund, International Financial Statistics and data files.",13.2732844936515
2021,"International Monetary Fund, International Financial Statistics and data files.",Annual broad money growth (%) [17.13.1],Percent,"International Monetary Fund, International Financial Statistics and data files.",6.21881571634947
2022,"International Monetary Fund, International Financial Statistics and data files.",Annual broad money growth (%) [17.13.1],Percent,"International Monetary Fund, International Financial Statistics and data files.",7.52712261006402
2023,"International Monetary Fund, International Financial Statistics and data files.",Annual broad money growth (%) [17.13.1],Percent,"International Monetary Fund, International Financial Statistics and data files.",19.8736767831777
2000,"International Monetary Fund, International Financial Statistics and data files.","Annual inflation, consumer prices (%) [17.13.1]",Percent,"International Monetary Fund, International Financial Statistics and data files.",9.98002515350979
2001,"International Monetary Fund, International Financial Statistics and data files.","Annual inflation, consumer prices (%) [17.13.1]",Percent,"International Monetary Fund, International Financial Statistics and data files.",5.73859814341467
2002,"International Monetary Fund, International Financial Statistics and data files.","Annual inflation, consumer prices (%) [17.13.1]",Percent,"International Monetary Fund, International Financial Statistics and data files.",1.96130821739162
2003,"International Monetary Fund, International Financial Statistics and data files.","Annual inflation, consumer prices (%) [17.13.1]",Percent,"International Monetary Fund, International Financial Statistics and data files.",9.81569062979654
2004,"International Monetary Fund, International Financial Statistics and data files.","Annual inflation, consumer prices (%) [17.13.1]",Percent,"International Monetary Fund, International Financial Statistics and data files.",11.6240355442426
2005,"International Monetary Fund, International Financial Statistics and data files.","Annual inflation, consumer prices (%) [17.13.1]",Percent,"International Monetary Fund, International Financial Statistics and data files.",10.3127783574683
2006,"International Monetary Fund, International Financial Statistics and data files.","Annual inflation, consumer prices (%) [17.13.1]",Percent,"International Monetary Fund, International Financial Statistics and data files.",14.4537342081708
2007,"International Monetary Fund, International Financial Statistics and data files.","Annual inflation, consumer prices (%) [17.13.1]",Percent,"International Monetary Fund, International Financial Statistics and data files.",9.75888023027529
2008,"International Monetary Fund, International Financial Statistics and data files.","Annual inflation, consumer prices (%) [17.13.1]",Percent,"International Monetary Fund, International Financial Statistics and data files.",26.2398166445063
2009,"International Monetary Fund, International Financial Statistics and data files.","Annual inflation, consumer prices (%) [17.13.1]",Percent,"International Monetary Fund, International Financial Statistics and data files.",9.23412592394652
2010,"International Monetary Fund, International Financial Statistics and data files.","Annual inflation, consumer prices (%) [17.13.1]",Percent,"International Monetary Fund, International Financial Statistics and data files.",3.96138889115385
2011,"International Monetary Fund, International Financial Statistics and data files.","Annual inflation, consumer prices (%) [17.13.1]",Percent,"International Monetary Fund, International Financial Statistics and data files.",14.0224913014704
2012,"International Monetary Fund, International Financial Statistics and data files.","Annual inflation, consumer prices (%) [17.13.1]",Percent,"International Monetary Fund, International Financial Statistics and data files.",9.37777003547598
2013,"International Monetary Fund, International Financial Statistics and data files.","Annual inflation, consumer prices (%) [17.13.1]",Percent,"International Monetary Fund, International Financial Statistics and data files.",5.71749357037733
2014,"International Monetary Fund, International Financial Statistics and data files.","Annual inflation, consumer prices (%) [17.13.1]",Percent,"International Monetary Fund, International Financial Statistics and data files.",6.87815499275949
2015,"International Monetary Fund, International Financial Statistics and data files.","Annual inflation, consumer prices (%) [17.13.1]",Percent,"International Monetary Fund, International Financial Statistics and data files.",6.58215429284779
2016,"International Monetary Fund, International Financial Statistics and data files.","Annual inflation, consumer prices (%) [17.13.1]",Percent,"International Monetary Fund, International Financial Statistics and data files.",6.29724953814625
2017,"International Monetary Fund, International Financial Statistics and data files.","Annual inflation, consumer prices (%) [17.13.1]",Percent,"International Monetary Fund, International Financial Statistics and data files.",8.00564967709945
2018,"International Monetary Fund, International Financial Statistics and data files.","Annual inflation, consumer prices (%) [17.13.1]",Percent,"International Monetary Fund, International Financial Statistics and data files.",4.6898064677633
2019,"International Monetary Fund, International Financial Statistics and data files.","Annual inflation, consumer prices (%) [17.13.1]",Percent,"International Monetary Fund, International Financial Statistics and data files.",5.23963795764792
2020,"International Monetary Fund, International Financial Statistics and data files.","Annual inflation, consumer prices (%) [17.13.1]",Percent,"International Monetary Fund, International Financial Statistics and data files.",5.40516207933392
2021,"International Monetary Fund, International Financial Statistics and data files.","Annual inflation, consumer prices (%) [17.13.1]",Percent,"International Monetary Fund, International Financial Statistics and data files.",6.10793603659176
2022,"International Monetary Fund, International Financial Statistics and data files.","Annual inflation, consumer prices (%) [17.13.1]",Percent,"International Monetary Fund, International Financial Statistics and data files.",7.65986268272224
2023,"International Monetary Fund, International Financial Statistics and data files.","Annual inflation, consumer prices (%) [17.13.1]",Percent,"International Monetary Fund, International Financial Statistics and data files.",7.67139634029402
2014,"International Monetary Fund, Government Finance Statistics Yearbook and data files, and World Bank and OECD GDP estimates.",Cash surplus/deficit as a proportion of GDP [17.13.1],Percent,"International Monetary Fund, Government Finance Statistics Yearbook and data files, and World Bank and OECD GDP estimates.",-4.99153779583202
2015,"International Monetary Fund, Government Finance Statistics Yearbook and data files, and World Bank and OECD GDP estimates.",Cash surplus/deficit as a proportion of GDP [17.13.1],Percent,"International Monetary Fund, Government Finance Statistics Yearbook and data files, and World Bank and OECD GDP estimates.",-7.94895858064648
2016,"International Monetary Fund, Government Finance Statistics Yearbook and data files, and World Bank and OECD GDP estimates.",Cash surplus/deficit as a proportion of GDP [17.13.1],Percent,"International Monetary Fund, Government Finance Statistics Yearbook and data files, and World Bank and OECD GDP estimates.",-6.78831645567564
2017,"International Monetary Fund, Government Finance Statistics Yearbook and data files, and World Bank and OECD GDP estimates.",Cash surplus/deficit as a proportion of GDP [17.13.1],Percent,"International Monetary Fund, Government Finance Statistics Yearbook and data files, and World Bank and OECD GDP estimates.",-10.5125651385404
2018,"International Monetary Fund, Government Finance Statistics Yearbook and data files, and World Bank and OECD GDP estimates.",Cash surplus/deficit as a proportion of GDP [17.13.1],Percent,"International Monetary Fund, Government Finance Statistics Yearbook and data files, and World Bank and OECD GDP estimates.",-8.16549442111485
2019,"International Monetary Fund, Government Finance Statistics Yearbook and data files, and World Bank and OECD GDP estimates.",Cash surplus/deficit as a proportion of GDP [17.13.1],Percent,"International Monetary Fund, Government Finance Statistics Yearbook and data files, and World Bank and OECD GDP estimates.",-4.05621075929892
2020,"International Monetary Fund, Government Finance Statistics Yearbook and data files, and World Bank and OECD GDP estimates.",Cash surplus/deficit as a proportion of GDP [17.13.1],Percent,"International Monetary Fund, Government Finance Statistics Yearbook and data files, and World Bank and OECD GDP estimates.",-5.54141802360964
2021,"International Monetary Fund, Government Finance Statistics Yearbook and data files, and World Bank and OECD GDP estimates.",Cash surplus/deficit as a proportion of GDP [17.13.1],Percent,"International Monetary Fund, Government Finance Statistics Yearbook and data files, and World Bank and OECD GDP estimates.",-8.78708670910498
2022,"International Monetary Fund, Government Finance Statistics Yearbook and data files, and World Bank and OECD GDP estimates.",Cash surplus/deficit as a proportion of GDP [17.13.1],Percent,"International Monetary Fund, Government Finance Statistics Yearbook and data files, and World Bank and OECD GDP estimates.",-7.84008945530208
2023,"International Monetary Fund, Government Finance Statistics Yearbook and data files, and World Bank and OECD GDP estimates.",Cash surplus/deficit as a proportion of GDP [17.13.1],Percent,"International Monetary Fund, Government Finance Statistics Yearbook and data files, and World Bank and OECD GDP estimates.",-15.8395348358394
2014,"International Monetary Fund, Government Finance Statistics Yearbook and data files, and World Bank and OECD GDP estimates.",Tax revenue as a proportion of GDP (%) [17.13.1],Percent,"International Monetary Fund, Government Finance Statistics Yearbook and data files, and World Bank and OECD GDP estimates.",15.1870212650473
2015,"International Monetary Fund, Government Finance Statistics Yearbook and data files, and World Bank and OECD GDP estimates.",Tax revenue as a proportion of GDP (%) [17.13.1],Percent,"International Monetary Fund, Government Finance Statistics Yearbook and data files, and World Bank and OECD GDP estimates.",14.8394826504099
2016,"International Monetary Fund, Government Finance Statistics Yearbook and data files, and World Bank and OECD GDP estimates.",Tax revenue as a proportion of GDP (%) [17.13.1],Percent,"International Monetary Fund, Government Finance Statistics Yearbook and data files, and World Bank and OECD GDP estimates.",14.9664727307544
2017,"International Monetary Fund, Government Finance Statistics Yearbook and data files, and World Bank and OECD GDP estimates.",Tax revenue as a proportion of GDP (%) [17.13.1],Percent,"International Monetary Fund, Government Finance Statistics Yearbook and data files, and World Bank and OECD GDP estimates.",15.0524641340645
2018,"International Monetary Fund, Government Finance Statistics Yearbook and data files, and World Bank and OECD GDP estimates.",Tax revenue as a proportion of GDP (%) [17.13.1],Percent,"International Monetary Fund, Government Finance Statistics Yearbook and data files, and World Bank and OECD GDP estimates.",14.3612789172776
2019,"International Monetary Fund, Government Finance Statistics Yearbook and data files, and World Bank and OECD GDP estimates.",Tax revenue as a proportion of GDP (%) [17.13.1],Percent,"International Monetary Fund, Government Finance Statistics Yearbook and data files, and World Bank and OECD GDP estimates.",15.1001093470909
2020,"International Monetary Fund, Government Finance Statistics Yearbook and data files, and World Bank and OECD GDP estimates.",Tax revenue as a proportion of GDP (%) [17.13.1],Percent,"International Monetary Fund, Government Finance Statistics Yearbook and data files, and World Bank and OECD GDP estimates.",14.2998226320714
2021,"International Monetary Fund, Government Finance Statistics Yearbook and data files, and World Bank and OECD GDP estimates.",Tax revenue as a proportion of GDP (%) [17.13.1],Percent,"International Monetary Fund, Government Finance Statistics Yearbook and data files, and World Bank and OECD GDP estimates.",13.554644324086
2022,"International Monetary Fund, Government Finance Statistics Yearbook and data files, and World Bank and OECD GDP estimates.",Tax revenue as a proportion of GDP (%) [17.13.1],Percent,"International Monetary Fund, Government Finance Statistics Yearbook and data files, and World Bank and OECD GDP estimates.",14.5993496343343
2023,"International Monetary Fund, Government Finance Statistics Yearbook and data files, and World Bank and OECD GDP estimates.",Tax revenue as a proportion of GDP (%) [17.13.1],Percent,"International Monetary Fund, Government Finance Statistics Yearbook and data files, and World Bank and OECD GDP estimates.",13.9931197653574
2000,"World Bank national accounts data, and OECD National Accounts data files.",Annual growth of the general government final consumption expenditure (%) [17.13.1],Percent,"World Bank national accounts data, and OECD National Accounts data files.",-2.23558065368931
2001,"World Bank national accounts data, and OECD National Accounts data files.",Annual growth of the general government final consumption expenditure (%) [17.13.1],Percent,"World Bank national accounts data, and OECD National Accounts data files.",2.76851089961664
2002,"World Bank national accounts data, and OECD National Accounts data files.",Annual growth of the general government final consumption expenditure (%) [17.13.1],Percent,"World Bank national accounts data, and OECD National Accounts data files.",1.641517166829
2003,"World Bank national accounts data, and OECD National Accounts data files.",Annual growth of the general government final consumption expenditure (%) [17.13.1],Percent,"World Bank national accounts data, and OECD National Accounts data files.",6.00963572271478
2004,"World Bank national accounts data, and OECD National Accounts data files.",Annual growth of the general government final consumption expenditure (%) [17.13.1],Percent,"World Bank national accounts data, and OECD National Accounts data files.",0.582044316825332
2005,"World Bank national accounts data, and OECD National Accounts data files.",Annual growth of the general government final consumption expenditure (%) [17.13.1],Percent,"World Bank national accounts data, and OECD National Accounts data files.",-0.783081364936209
2006,"World Bank national accounts data, and OECD National Accounts data files.",Annual growth of the general government final consumption expenditure (%) [17.13.1],Percent,"World Bank national accounts data, and OECD National Accounts data files.",-2.01720450242408
2007,"World Bank national accounts data, and OECD National Accounts data files.",Annual growth of the general government final consumption expenditure (%) [17.13.1],Percent,"World Bank national accounts data, and OECD National Accounts data files.",8.14636758976523
2008,"World Bank national accounts data, and OECD National Accounts data files.",Annual growth of the general government final consumption expenditure (%) [17.13.1],Percent,"World Bank national accounts data, and OECD National Accounts data files.",8.55011843916749
2009,"World Bank national accounts data, and OECD National Accounts data files.",Annual growth of the general government final consumption expenditure (%) [17.13.1],Percent,"World Bank national accounts data, and OECD National Accounts data files.",8.66377192979316
2010,"World Bank national accounts data, and OECD National Accounts data files.",Annual growth of the general government final consumption expenditure (%) [17.13.1],Percent,"World Bank national accounts data, and OECD National Accounts data files.",5.60747663551402
2011,"World Bank national accounts data, and OECD National Accounts data files.",Annual growth of the general government final consumption expenditure (%) [17.13.1],Percent,"World Bank national accounts data, and OECD National Accounts data files.",2.65486725663717
2012,"World Bank national accounts data, and OECD National Accounts data files.",Annual growth of the general government final consumption expenditure (%) [17.13.1],Percent,"World Bank national accounts data, and OECD National Accounts data files.",13.5057471264368
2013,"World Bank national accounts data, and OECD National Accounts data files.",Annual growth of the general government final consumption expenditure (%) [17.13.1],Percent,"World Bank national accounts data, and OECD National Accounts data files.",-2.40506329113924
2014,"World Bank national accounts data, and OECD National Accounts data files.",Annual growth of the general government final consumption expenditure (%) [17.13.1],Percent,"World Bank national accounts data, and OECD National Accounts data files.",3.76134889753568
2015,"World Bank national accounts data, and OECD National Accounts data files.",Annual growth of the general government final consumption expenditure (%) [17.13.1],Percent,"World Bank national accounts data, and OECD National Accounts data files.",13.684
2016,"World Bank national accounts data, and OECD National Accounts data files.",Annual growth of the general government final consumption expenditure (%) [17.13.1],Percent,"World Bank national accounts data, and OECD National Accounts data files.",5.29119093276098
2017,"World Bank national accounts data, and OECD National Accounts data files.",Annual growth of the general government final consumption expenditure (%) [17.13.1],Percent,"World Bank national accounts data, and OECD National Accounts data files.",6.23439643882445
2018,"World Bank national accounts data, and OECD National Accounts data files.",Annual growth of the general government final consumption expenditure (%) [17.13.1],Percent,"World Bank national accounts data, and OECD National Accounts data files.",6.98312316959276
2019,"World Bank national accounts data, and OECD National Accounts data files.",Annual growth of the general government final consumption expenditure (%) [17.13.1],Percent,"World Bank national accounts data, and OECD National Accounts data files.",5.62980264312485
2020,"World Bank national accounts data, and OECD National Accounts data files.",Annual growth of the general government final consumption expenditure (%) [17.13.1],Percent,"World Bank national accounts data, and OECD National Accounts data files.",3.06435955337665
2021,"World Bank national accounts data, and OECD National Accounts data files.",Annual growth of the general government final consumption expenditure (%) [17.13.1],Percent,"World Bank national accounts data, and OECD National Accounts data files.",5.96464308864041
2022,"World Bank national accounts data, and OECD National Accounts data files.",Annual growth of the general government final consumption expenditure (%) [17.13.1],Percent,"World Bank national accounts data, and OECD National Accounts data files.",8.12248158706113
2023,"World Bank national accounts data, and OECD National Accounts data files.",Annual growth of the general government final consumption expenditure (%) [17.13.1],Percent,"World Bank national accounts data, and OECD National Accounts data files.",3.47562875649825
2000,"World Bank national accounts data, and OECD National Accounts data files.",Annual growth of households and NPISHs final consumption expenditure [17.13.1],Percent,"World Bank national accounts data, and OECD National Accounts data files.",-0.383022773245003
2001,"World Bank national accounts data, and OECD National Accounts data files.",Annual growth of households and NPISHs final consumption expenditure [17.13.1],Percent,"World Bank national accounts data, and OECD National Accounts data files.",4.14772734653029
2002,"World Bank national accounts data, and OECD National Accounts data files.",Annual growth of households and NPISHs final consumption expenditure [17.13.1],Percent,"World Bank national accounts data, and OECD National Accounts data files.",0.843318429239346
2003,"World Bank national accounts data, and OECD National Accounts data files.",Annual growth of households and NPISHs final consumption expenditure [17.13.1],Percent,"World Bank national accounts data, and OECD National Accounts data files.",2.20268030860215
2004,"World Bank national accounts data, and OECD National Accounts data files.",Annual growth of households and NPISHs final consumption expenditure [17.13.1],Percent,"World Bank national accounts data, and OECD National Accounts data files.",2.41994762408066
2005,"World Bank national accounts data, and OECD National Accounts data files.",Annual growth of households and NPISHs final consumption expenditure [17.13.1],Percent,"World Bank national accounts data, and OECD National Accounts data files.",6.46642969189901
2006,"World Bank national accounts data, and OECD National Accounts data files.",Annual growth of households and NPISHs final consumption expenditure [17.13.1],Percent,"World Bank national accounts data, and OECD National Accounts data files.",9.92487153475959
2007,"World Bank national accounts data, and OECD National Accounts data files.",Annual growth of households and NPISHs final consumption expenditure [17.13.1],Percent,"World Bank national accounts data, and OECD National Accounts data files.",5.29580285340012
2008,"World Bank national accounts data, and OECD National Accounts data files.",Annual growth of households and NPISHs final consumption expenditure [17.13.1],Percent,"World Bank national accounts data, and OECD National Accounts data files.",-1.51901516510466
2009,"World Bank national accounts data, and OECD National Accounts data files.",Annual growth of households and NPISHs final consumption expenditure [17.13.1],Percent,"World Bank national accounts data, and OECD National Accounts data files.",4.58906527400642
2010,"World Bank national accounts data, and OECD National Accounts data files.",Annual growth of households and NPISHs final consumption expenditure [17.13.1],Percent,"World Bank national accounts data, and OECD National Accounts data files.",4.96969696969698
2011,"World Bank national accounts data, and OECD National Accounts data files.",Annual growth of households and NPISHs final consumption expenditure [17.13.1],Percent,"World Bank national accounts data, and OECD National Accounts data files.",4.94226327944574
2012,"World Bank national accounts data, and OECD National Accounts data files.",Annual growth of households and NPISHs final consumption expenditure [17.13.1],Percent,"World Bank national accounts data, and OECD National Accounts data files.",4.35739436619717
2013,"World Bank national accounts data, and OECD National Accounts data files.",Annual growth of households and NPISHs final consumption expenditure [17.13.1],Percent,"World Bank national accounts data, and OECD National Accounts data files.",6.19991564740616
2014,"World Bank national accounts data, and OECD National Accounts data files.",Annual growth of households and NPISHs final consumption expenditure [17.13.1],Percent,"World Bank national accounts data, and OECD National Accounts data files.",4.20969023034155
2015,"World Bank national accounts data, and OECD National Accounts data files.",Annual growth of households and NPISHs final consumption expenditure [17.13.1],Percent,"World Bank national accounts data, and OECD National Accounts data files.",5.79935213414635
2016,"World Bank national accounts data, and OECD National Accounts data files.",Annual growth of households and NPISHs final consumption expenditure [17.13.1],Percent,"World Bank national accounts data, and OECD National Accounts data files.",4.50386593064198
2017,"World Bank national accounts data, and OECD National Accounts data files.",Annual growth of households and NPISHs final consumption expenditure [17.13.1],Percent,"World Bank national accounts data, and OECD National Accounts data files.",4.91045598833205
2018,"World Bank national accounts data, and OECD National Accounts data files.",Annual growth of households and NPISHs final consumption expenditure [17.13.1],Percent,"World Bank national accounts data, and OECD National Accounts data files.",4.7297576676153
2019,"World Bank national accounts data, and OECD National Accounts data files.",Annual growth of households and NPISHs final consumption expenditure [17.13.1],Percent,"World Bank national accounts data, and OECD National Accounts data files.",5.00090160994786
2020,"World Bank national accounts data, and OECD National Accounts data files.",Annual growth of households and NPISHs final consumption expenditure [17.13.1],Percent,"World Bank national accounts data, and OECD National Accounts data files.",-1.51635406970604
2021,"World Bank national accounts data, and OECD National Accounts data files.",Annual growth of households and NPISHs final consumption expenditure [17.13.1],Percent,"World Bank national accounts data, and OECD National Accounts data files.",6.18861182812122
2022,"World Bank national accounts data, and OECD National Accounts data files.",Annual growth of households and NPISHs final consumption expenditure [17.13.1],Percent,"World Bank national accounts data, and OECD National Accounts data files.",3.07950814262732
2023,"World Bank national accounts data, and OECD National Accounts data files.",Annual growth of households and NPISHs final consumption expenditure [17.13.1],Percent,"World Bank national accounts data, and OECD National Accounts data files.",6.134476990428
2000,"World Bank national accounts data, and OECD National Accounts data files.",Annual growth of exports of goods and services (%) [17.13.1],Percent,"World Bank national accounts data, and OECD National Accounts data files.",1.13498348667088
2001,"World Bank national accounts data, and OECD National Accounts data files.",Annual growth of exports of goods and services (%) [17.13.1],Percent,"World Bank national accounts data, and OECD National Accounts data files.",3.60738408275982
2002,"World Bank national accounts data, and OECD National Accounts data files.",Annual growth of exports of goods and services (%) [17.13.1],Percent,"World Bank national accounts data, and OECD National Accounts data files.",7.11500541855345
2003,"World Bank national accounts data, and OECD National Accounts data files.",Annual growth of exports of goods and services (%) [17.13.1],Percent,"World Bank national accounts data, and OECD National Accounts data files.",7.21206667659347
2004,"World Bank national accounts data, and OECD National Accounts data files.",Annual growth of exports of goods and services (%) [17.13.1],Percent,"World Bank national accounts data, and OECD National Accounts data files.",12.5949386678138
2005,"World Bank national accounts data, and OECD National Accounts data files.",Annual growth of exports of goods and services (%) [17.13.1],Percent,"World Bank national accounts data, and OECD National Accounts data files.",9.37981914739161
2006,"World Bank national accounts data, and OECD National Accounts data files.",Annual growth of exports of goods and services (%) [17.13.1],Percent,"World Bank national accounts data, and OECD National Accounts data files.",3.54040821328429
2007,"World Bank national accounts data, and OECD National Accounts data files.",Annual growth of exports of goods and services (%) [17.13.1],Percent,"World Bank national accounts data, and OECD National Accounts data files.",6.15753109273199
2008,"World Bank national accounts data, and OECD National Accounts data files.",Annual growth of exports of goods and services (%) [17.13.1],Percent,"World Bank national accounts data, and OECD National Accounts data files.",2.37180289962436
2009,"World Bank national accounts data, and OECD National Accounts data files.",Annual growth of exports of goods and services (%) [17.13.1],Percent,"World Bank national accounts data, and OECD National Accounts data files.",-5.21907078096406
2010,"World Bank national accounts data, and OECD National Accounts data files.",Annual growth of exports of goods and services (%) [17.13.1],Percent,"World Bank national accounts data, and OECD National Accounts data files.",14.3523920653442
2011,"World Bank national accounts data, and OECD National Accounts data files.",Annual growth of exports of goods and services (%) [17.13.1],Percent,"World Bank national accounts data, and OECD National Accounts data files.",8.3673469387755
2012,"World Bank national accounts data, and OECD National Accounts data files.",Annual growth of exports of goods and services (%) [17.13.1],Percent,"World Bank national accounts data, and OECD National Accounts data files.",2.25988700564972
2013,"World Bank national accounts data, and OECD National Accounts data files.",Annual growth of exports of goods and services (%) [17.13.1],Percent,"World Bank national accounts data, and OECD National Accounts data files.",-0.46040515653776
2014,"World Bank national accounts data, and OECD National Accounts data files.",Annual growth of exports of goods and services (%) [17.13.1],Percent,"World Bank national accounts data, and OECD National Accounts data files.",1.85013876040702
2015,"World Bank national accounts data, and OECD National Accounts data files.",Annual growth of exports of goods and services (%) [17.13.1],Percent,"World Bank national accounts data, and OECD National Accounts data files.",-2.18528610354224
2016,"World Bank national accounts data, and OECD National Accounts data files.",Annual growth of exports of goods and services (%) [17.13.1],Percent,"World Bank national accounts data, and OECD National Accounts data files.",-6.56918676992218
2017,"World Bank national accounts data, and OECD National Accounts data files.",Annual growth of exports of goods and services (%) [17.13.1],Percent,"World Bank national accounts data, and OECD National Accounts data files.",-1.01769659085555
2018,"World Bank national accounts data, and OECD National Accounts data files.",Annual growth of exports of goods and services (%) [17.13.1],Percent,"World Bank national accounts data, and OECD National Accounts data files.",6.77210127618369
2019,"World Bank national accounts data, and OECD National Accounts data files.",Annual growth of exports of goods and services (%) [17.13.1],Percent,"World Bank national accounts data, and OECD National Accounts data files.",-3.1576805283577
2020,"World Bank national accounts data, and OECD National Accounts data files.",Annual growth of exports of goods and services (%) [17.13.1],Percent,"World Bank national accounts data, and OECD National Accounts data files.",-14.9120916041801
2021,"World Bank national accounts data, and OECD National Accounts data files.",Annual growth of exports of goods and services (%) [17.13.1],Percent,"World Bank national accounts data, and OECD National Accounts data files.",15.2506008531773
2022,"World Bank national accounts data, and OECD National Accounts data files.",Annual growth of exports of goods and services (%) [17.13.1],Percent,"World Bank national accounts data, and OECD National Accounts data files.",11.9110237966982
2023,"World Bank national accounts data, and OECD National Accounts data files.",Annual growth of exports of goods and services (%) [17.13.1],Percent,"World Bank national accounts data, and OECD National Accounts data files.",-4.52274689959793
2000,"World Bank national accounts data, and OECD National Accounts data files.",Annual growth of the gross capital formation (%) [17.13.1],Percent,"World Bank national accounts data, and OECD National Accounts data files.",11.1141438330437
2001,"World Bank national accounts data, and OECD National Accounts data files.",Annual growth of the gross capital formation (%) [17.13.1],Percent,"World Bank national accounts data, and OECD National Accounts data files.",12.1214425235586
2002,"World Bank national accounts data, and OECD National Accounts data files.",Annual growth of the gross capital formation (%) [17.13.1],Percent,"World Bank national accounts data, and OECD National Accounts data files.",-20.3742247085692
2003,"World Bank national accounts data, and OECD National Accounts data files.",Annual growth of the gross capital formation (%) [17.13.1],Percent,"World Bank national accounts data, and OECD National Accounts data files.",10.0055684620634
2004,"World Bank national accounts data, and OECD National Accounts data files.",Annual growth of the gross capital formation (%) [17.13.1],Percent,"World Bank national accounts data, and OECD National Accounts data files.",7.62753248776116
2005,"World Bank national accounts data, and OECD National Accounts data files.",Annual growth of the gross capital formation (%) [17.13.1],Percent,"World Bank national accounts data, and OECD National Accounts data files.",13.2404855978522
2006,"World Bank national accounts data, and OECD National Accounts data files.",Annual growth of the gross capital formation (%) [17.13.1],Percent,"World Bank national accounts data, and OECD National Accounts data files.",31.4739488877016
2007,"World Bank national accounts data, and OECD National Accounts data files.",Annual growth of the gross capital formation (%) [17.13.1],Percent,"World Bank national accounts data, and OECD National Accounts data files.",8.15852836867319
2008,"World Bank national accounts data, and OECD National Accounts data files.",Annual growth of the gross capital formation (%) [17.13.1],Percent,"World Bank national accounts data, and OECD National Accounts data files.",14.1362227791227
2009,"World Bank national accounts data, and OECD National Accounts data files.",Annual growth of the gross capital formation (%) [17.13.1],Percent,"World Bank national accounts data, and OECD National Accounts data files.",11.0929175593803
2010,"World Bank national accounts data, and OECD National Accounts data files.",Annual growth of the gross capital formation (%) [17.13.1],Percent,"World Bank national accounts data, and OECD National Accounts data files.",15.1419558359621
2011,"World Bank national accounts data, and OECD National Accounts data files.",Annual growth of the gross capital formation (%) [17.13.1],Percent,"World Bank national accounts data, and OECD National Accounts data files.",3.19634703196347
2012,"World Bank national accounts data, and OECD National Accounts data files.",Annual growth of the gross capital formation (%) [17.13.1],Percent,"World Bank national accounts data, and OECD National Accounts data files.",13.0973451327434
2013,"World Bank national accounts data, and OECD National Accounts data files.",Annual growth of the gross capital formation (%) [17.13.1],Percent,"World Bank national accounts data, and OECD National Accounts data files.",6.49452269170578
2014,"World Bank national accounts data, and OECD National Accounts data files.",Annual growth of the gross capital formation (%) [17.13.1],Percent,"World Bank national accounts data, and OECD National Accounts data files.",17.1197648787656
2015,"World Bank national accounts data, and OECD National Accounts data files.",Annual growth of the gross capital formation (%) [17.13.1],Percent,"World Bank national accounts data, and OECD National Accounts data files.",-4.08011292346299
2016,"World Bank national accounts data, and OECD National Accounts data files.",Annual growth of the gross capital formation (%) [17.13.1],Percent,"World Bank national accounts data, and OECD National Accounts data files.",-3.90005513540878
2017,"World Bank national accounts data, and OECD National Accounts data files.",Annual growth of the gross capital formation (%) [17.13.1],Percent,"World Bank national accounts data, and OECD National Accounts data files.",11.9872587050747
2018,"World Bank national accounts data, and OECD National Accounts data files.",Annual growth of the gross capital formation (%) [17.13.1],Percent,"World Bank national accounts data, and OECD National Accounts data files.",-2.33955708455231
2019,"World Bank national accounts data, and OECD National Accounts data files.",Annual growth of the gross capital formation (%) [17.13.1],Percent,"World Bank national accounts data, and OECD National Accounts data files.",5.25127216230162
2020,"World Bank national accounts data, and OECD National Accounts data files.",Annual growth of the gross capital formation (%) [17.13.1],Percent,"World Bank national accounts data, and OECD National Accounts data files.",2.22543463672618
2021,"World Bank national accounts data, and OECD National Accounts data files.",Annual growth of the gross capital formation (%) [17.13.1],Percent,"World Bank national accounts data, and OECD National Accounts data files.",13.3921729096961
2022,"World Bank national accounts data, and OECD National Accounts data files.",Annual growth of the gross capital formation (%) [17.13.1],Percent,"World Bank national accounts data, and OECD National Accounts data files.",-2.63385946254741
2023,"World Bank national accounts data, and OECD National Accounts data files.",Annual growth of the gross capital formation (%) [17.13.1],Percent,"World Bank national accounts data, and OECD National Accounts data files.",-5.46658375709241
2000,"World Bank national accounts data, and OECD National Accounts data files.",Annual growth of imports of goods and services (%) [17.13.1],Percent,"World Bank national accounts data, and OECD National Accounts data files.",1.91848041129067
2001,"World Bank national accounts data, and OECD National Accounts data files.",Annual growth of imports of goods and services (%) [17.13.1],Percent,"World Bank national accounts data, and OECD National Accounts data files.",19.4695522870173
2002,"World Bank national accounts data, and OECD National Accounts data files.",Annual growth of imports of goods and services (%) [17.13.1],Percent,"World Bank national accounts data, and OECD National Accounts data files.",-11.2859534137087
2003,"World Bank national accounts data, and OECD National Accounts data files.",Annual growth of imports of goods and services (%) [17.13.1],Percent,"World Bank national accounts data, and OECD National Accounts data files.",-0.0615914138396505
2004,"World Bank national accounts data, and OECD National Accounts data files.",Annual growth of imports of goods and services (%) [17.13.1],Percent,"World Bank national accounts data, and OECD National Accounts data files.",12.2958731365557
2005,"World Bank national accounts data, and OECD National Accounts data files.",Annual growth of imports of goods and services (%) [17.13.1],Percent,"World Bank national accounts data, and OECD National Accounts data files.",14.9433764981222
2006,"World Bank national accounts data, and OECD National Accounts data files.",Annual growth of imports of goods and services (%) [17.13.1],Percent,"World Bank national accounts data, and OECD National Accounts data files.",25.3170459415738
2007,"World Bank national accounts data, and OECD National Accounts data files.",Annual growth of imports of goods and services (%) [17.13.1],Percent,"World Bank national accounts data, and OECD National Accounts data files.",4.40563824566451
2008,"World Bank national accounts data, and OECD National Accounts data files.",Annual growth of imports of goods and services (%) [17.13.1],Percent,"World Bank national accounts data, and OECD National Accounts data files.",12.7438704647358
2009,"World Bank national accounts data, and OECD National Accounts data files.",Annual growth of imports of goods and services (%) [17.13.1],Percent,"World Bank national accounts data, and OECD National Accounts data files.",8.34773217793332
2010,"World Bank national accounts data, and OECD National Accounts data files.",Annual growth of imports of goods and services (%) [17.13.1],Percent,"World Bank national accounts data, and OECD National Accounts data files.",10.3235747303544
2011,"World Bank national accounts data, and OECD National Accounts data files.",Annual growth of imports of goods and services (%) [17.13.1],Percent,"World Bank national accounts data, and OECD National Accounts data files.",13.7569832402234
2012,"World Bank national accounts data, and OECD National Accounts data files.",Annual growth of imports of goods and services (%) [17.13.1],Percent,"World Bank national accounts data, and OECD National Accounts data files.",0.429711479435241
2013,"World Bank national accounts data, and OECD National Accounts data files.",Annual growth of imports of goods and services (%) [17.13.1],Percent,"World Bank national accounts data, and OECD National Accounts data files.",2.01711491442542
2014,"World Bank national accounts data, and OECD National Accounts data files.",Annual growth of imports of goods and services (%) [17.13.1],Percent,"World Bank national accounts data, and OECD National Accounts data files.",11.3840623127621
2015,"World Bank national accounts data, and OECD National Accounts data files.",Annual growth of imports of goods and services (%) [17.13.1],Percent,"World Bank national accounts data, and OECD National Accounts data files.",-4.63464228079613
2016,"World Bank national accounts data, and OECD National Accounts data files.",Annual growth of imports of goods and services (%) [17.13.1],Percent,"World Bank national accounts data, and OECD National Accounts data files.",-7.40980865751149
2017,"World Bank national accounts data, and OECD National Accounts data files.",Annual growth of imports of goods and services (%) [17.13.1],Percent,"World Bank national accounts data, and OECD National Accounts data files.",12.4215325970293
2018,"World Bank national accounts data, and OECD National Accounts data files.",Annual growth of imports of goods and services (%) [17.13.1],Percent,"World Bank national accounts data, and OECD National Accounts data files.",1.43388780976437
2019,"World Bank national accounts data, and OECD National Accounts data files.",Annual growth of imports of goods and services (%) [17.13.1],Percent,"World Bank national accounts data, and OECD National Accounts data files.",1.84449474208492
2020,"World Bank national accounts data, and OECD National Accounts data files.",Annual growth of imports of goods and services (%) [17.13.1],Percent,"World Bank national accounts data, and OECD National Accounts data files.",-9.4220349660951
2021,"World Bank national accounts data, and OECD National Accounts data files.",Annual growth of imports of goods and services (%) [17.13.1],Percent,"World Bank national accounts data, and OECD National Accounts data files.",22.1544259915922
2022,"World Bank national accounts data, and OECD National Accounts data files.",Annual growth of imports of goods and services (%) [17.13.1],Percent,"World Bank national accounts data, and OECD National Accounts data files.",4.57470820791612
2023,"World Bank national accounts data, and OECD National Accounts data files.",Annual growth of imports of goods and services (%) [17.13.1],Percent,"World Bank national accounts data, and OECD National Accounts data files.",-3.09490444906965
2000,"World Bank national accounts data, and OECD National Accounts data files.",Annual GDP growth (%) [17.13.1],Percent,"World Bank national accounts data, and OECD National Accounts data files.",0.599695390807426
2001,"World Bank national accounts data, and OECD National Accounts data files.",Annual GDP growth (%) [17.13.1],Percent,"World Bank national accounts data, and OECD National Accounts data files.",3.77990649795343
2002,"World Bank national accounts data, and OECD National Accounts data files.",Annual GDP growth (%) [17.13.1],Percent,"World Bank national accounts data, and OECD National Accounts data files.",0.546859530175595
2003,"World Bank national accounts data, and OECD National Accounts data files.",Annual GDP growth (%) [17.13.1],Percent,"World Bank national accounts data, and OECD National Accounts data files.",2.93247554570904
2004,"World Bank national accounts data, and OECD National Accounts data files.",Annual GDP growth (%) [17.13.1],Percent,"World Bank national accounts data, and OECD National Accounts data files.",5.10429977629738
2005,"World Bank national accounts data, and OECD National Accounts data files.",Annual GDP growth (%) [17.13.1],Percent,"World Bank national accounts data, and OECD National Accounts data files.",5.90666607980057
2006,"World Bank national accounts data, and OECD National Accounts data files.",Annual GDP growth (%) [17.13.1],Percent,"World Bank national accounts data, and OECD National Accounts data files.",6.47249430015484
2007,"World Bank national accounts data, and OECD National Accounts data files.",Annual GDP growth (%) [17.13.1],Percent,"World Bank national accounts data, and OECD National Accounts data files.",6.85072976998784
2008,"World Bank national accounts data, and OECD National Accounts data files.",Annual GDP growth (%) [17.13.1],Percent,"World Bank national accounts data, and OECD National Accounts data files.",0.232282744812977
2009,"World Bank national accounts data, and OECD National Accounts data files.",Annual GDP growth (%) [17.13.1],Percent,"World Bank national accounts data, and OECD National Accounts data files.",3.30693981631089
2010,"World Bank national accounts data, and OECD National Accounts data files.",Annual GDP growth (%) [17.13.1],Percent,"World Bank national accounts data, and OECD National Accounts data files.",8.05847360290906
2011,"World Bank national accounts data, and OECD National Accounts data files.",Annual GDP growth (%) [17.13.1],Percent,"World Bank national accounts data, and OECD National Accounts data files.",5.1211061197056
2012,"World Bank national accounts data, and OECD National Accounts data files.",Annual GDP growth (%) [17.13.1],Percent,"World Bank national accounts data, and OECD National Accounts data files.",4.56867961444982
2013,"World Bank national accounts data, and OECD National Accounts data files.",Annual GDP growth (%) [17.13.1],Percent,"World Bank national accounts data, and OECD National Accounts data files.",3.7978483925754
2014,"World Bank national accounts data, and OECD National Accounts data files.",Annual GDP growth (%) [17.13.1],Percent,"World Bank national accounts data, and OECD National Accounts data files.",5.02011100232484
2015,"World Bank national accounts data, and OECD National Accounts data files.",Annual GDP growth (%) [17.13.1],Percent,"World Bank national accounts data, and OECD National Accounts data files.",4.96772112759767
2016,"World Bank national accounts data, and OECD National Accounts data files.",Annual GDP growth (%) [17.13.1],Percent,"World Bank national accounts data, and OECD National Accounts data files.",4.21351706814744
2017,"World Bank national accounts data, and OECD National Accounts data files.",Annual GDP growth (%) [17.13.1],Percent,"World Bank national accounts data, and OECD National Accounts data files.",3.83795817364721
2018,"World Bank national accounts data, and OECD National Accounts data files.",Annual GDP growth (%) [17.13.1],Percent,"World Bank national accounts data, and OECD National Accounts data files.",5.64794640709219
2019,"World Bank national accounts data, and OECD National Accounts data files.",Annual GDP growth (%) [17.13.1],Percent,"World Bank national accounts data, and OECD National Accounts data files.",5.11415885767801
2020,"World Bank national accounts data, and OECD National Accounts data files.",Annual GDP growth (%) [17.13.1],Percent,"World Bank national accounts data, and OECD National Accounts data files.",-0.272766327438816
2021,"World Bank national accounts data, and OECD National Accounts data files.",Annual GDP growth (%) [17.13.1],Percent,"World Bank national accounts data, and OECD National Accounts data files.",7.59048947333467
2022,"World Bank national accounts data, and OECD National Accounts data files.",Annual GDP growth (%) [17.13.1],Percent,"World Bank national accounts data, and OECD National Accounts data files.",4.85998104287999
2023,"World Bank national accounts data, and OECD National Accounts data files.",Annual GDP growth (%) [17.13.1],Percent,"World Bank national accounts data, and OECD National Accounts data files.",5.55587301319866
2000,"International Monetary Fund, International Financial Statistics, supplemented by World Bank staff estimates.",DEC alternative conversion factor (in local currency unit per United States dollar) [17.13.1],Ratio,"International Monetary Fund, International Financial Statistics, supplemented by World Bank staff estimates.",76.175542
2001,"International Monetary Fund, International Financial Statistics, supplemented by World Bank staff estimates.",DEC alternative conversion factor (in local currency unit per United States dollar) [17.13.1],Ratio,"International Monetary Fund, International Financial Statistics, supplemented by World Bank staff estimates.",78.5631
2002,"International Monetary Fund, International Financial Statistics, supplemented by World Bank staff estimates.",DEC alternative conversion factor (in local currency unit per United States dollar) [17.13.1],Ratio,"International Monetary Fund, International Financial Statistics, supplemented by World Bank staff estimates.",78.749142
2003,"International Monetary Fund, International Financial Statistics, supplemented by World Bank staff estimates.",DEC alternative conversion factor (in local currency unit per United States dollar) [17.13.1],Ratio,"International Monetary Fund, International Financial Statistics, supplemented by World Bank staff estimates.",75.9355
2004,"International Monetary Fund, International Financial Statistics, supplemented by World Bank staff estimates.",DEC alternative conversion factor (in local currency unit per United States dollar) [17.13.1],Ratio,"International Monetary Fund, International Financial Statistics, supplemented by World Bank staff estimates.",79.1738
2005,"International Monetary Fund, International Financial Statistics, supplemented by World Bank staff estimates.",DEC alternative conversion factor (in local currency unit per United States dollar) [17.13.1],Ratio,"International Monetary Fund, International Financial Statistics, supplemented by World Bank staff estimates.",75.554109
2006,"International Monetary Fund, International Financial Statistics, supplemented by World Bank staff estimates.",DEC alternative conversion factor (in local currency unit per United States dollar) [17.13.1],Ratio,"International Monetary Fund, International Financial Statistics, supplemented by World Bank staff estimates.",72.100835
2007,"International Monetary Fund, International Financial Statistics, supplemented by World Bank staff estimates.",DEC alternative conversion factor (in local currency unit per United States dollar) [17.13.1],Ratio,"International Monetary Fund, International Financial Statistics, supplemented by World Bank staff estimates.",67.3176
2008,"International Monetary Fund, International Financial Statistics, supplemented by World Bank staff estimates.",DEC alternative conversion factor (in local currency unit per United States dollar) [17.13.1],Ratio,"International Monetary Fund, International Financial Statistics, supplemented by World Bank staff estimates.",69.1753
2009,"International Monetary Fund, International Financial Statistics, supplemented by World Bank staff estimates.",DEC alternative conversion factor (in local currency unit per United States dollar) [17.13.1],Ratio,"International Monetary Fund, International Financial Statistics, supplemented by World Bank staff estimates.",77.352
2010,"International Monetary Fund, International Financial Statistics, supplemented by World Bank staff estimates.",DEC alternative conversion factor (in local currency unit per United States dollar) [17.13.1],Ratio,"International Monetary Fund, International Financial Statistics, supplemented by World Bank staff estimates.",79.233152
2011,"International Monetary Fund, International Financial Statistics, supplemented by World Bank staff estimates.",DEC alternative conversion factor (in local currency unit per United States dollar) [17.13.1],Ratio,"International Monetary Fund, International Financial Statistics, supplemented by World Bank staff estimates.",88.81077
2012,"International Monetary Fund, International Financial Statistics, supplemented by World Bank staff estimates.",DEC alternative conversion factor (in local currency unit per United States dollar) [17.13.1],Ratio,"International Monetary Fund, International Financial Statistics, supplemented by World Bank staff estimates.",84.529602
2013,"International Monetary Fund, International Financial Statistics, supplemented by World Bank staff estimates.",DEC alternative conversion factor (in local currency unit per United States dollar) [17.13.1],Ratio,"International Monetary Fund, International Financial Statistics, supplemented by World Bank staff estimates.",86.122879
2014,"International Monetary Fund, International Financial Statistics, supplemented by World Bank staff estimates.",DEC alternative conversion factor (in local currency unit per United States dollar) [17.13.1],Ratio,"International Monetary Fund, International Financial Statistics, supplemented by World Bank staff estimates.",87.922164
2015,"International Monetary Fund, International Financial Statistics, supplemented by World Bank staff estimates.",DEC alternative conversion factor (in local currency unit per United States dollar) [17.13.1],Ratio,"International Monetary Fund, International Financial Statistics, supplemented by World Bank staff estimates.",98.178453
2016,"International Monetary Fund, International Financial Statistics, supplemented by World Bank staff estimates.",DEC alternative conversion factor (in local currency unit per United States dollar) [17.13.1],Ratio,"International Monetary Fund, International Financial Statistics, supplemented by World Bank staff estimates.",101.504369
2017,"International Monetary Fund, International Financial Statistics, supplemented by World Bank staff estimates.",DEC alternative conversion factor (in local currency unit per United States dollar) [17.13.1],Ratio,"International Monetary Fund, International Financial Statistics, supplemented by World Bank staff estimates.",103.410005
2018,"International Monetary Fund, International Financial Statistics, supplemented by World Bank staff estimates.",DEC alternative conversion factor (in local currency unit per United States dollar) [17.13.1],Ratio,"International Monetary Fund, International Financial Statistics, supplemented by World Bank staff estimates.",101.301574
2019,"International Monetary Fund, International Financial Statistics, supplemented by World Bank staff estimates.",DEC alternative conversion factor (in local currency unit per United States dollar) [17.13.1],Ratio,"International Monetary Fund, International Financial Statistics, supplemented by World Bank staff estimates.",101.991298
2020,"International Monetary Fund, International Financial Statistics, supplemented by World Bank staff estimates.",DEC alternative conversion factor (in local currency unit per United States dollar) [17.13.1],Ratio,"International Monetary Fund, International Financial Statistics, supplemented by World Bank staff estimates.",106.45078
2021,"International Monetary Fund, International Financial Statistics, supplemented by World Bank staff estimates.",DEC alternative conversion factor (in local currency unit per United States dollar) [17.13.1],Ratio,"International Monetary Fund, International Financial Statistics, supplemented by World Bank staff estimates.",109.637747
2022,"International Monetary Fund, International Financial Statistics, supplemented by World Bank staff estimates.",DEC alternative conversion factor (in local currency unit per United States dollar) [17.13.1],Ratio,"International Monetary Fund, International Financial Statistics, supplemented by World Bank staff estimates.",117.865989
2023,"International Monetary Fund, International Financial Statistics, supplemented by World Bank staff estimates.",DEC alternative conversion factor (in local currency unit per United States dollar) [17.13.1],Ratio,"International Monetary Fund, International Financial Statistics, supplemented by World Bank staff estimates.",139.846384
2000,"World Trade Organization, and World Bank GDP estimates.",Merchandise trade as a proportion of GDP (%) [17.13.1],Percent,"World Trade Organization, and World Bank GDP estimates.",38.0863176752307
2001,"World Trade Organization, and World Bank GDP estimates.",Merchandise trade as a proportion of GDP (%) [17.13.1],Percent,"World Trade Organization, and World Bank GDP estimates.",39.5502623059122
2002,"World Trade Organization, and World Bank GDP estimates.",Merchandise trade as a proportion of GDP (%) [17.13.1],Percent,"World Trade Organization, and World Bank GDP estimates.",40.7750781855428
2003,"World Trade Organization, and World Bank GDP estimates.",Merchandise trade as a proportion of GDP (%) [17.13.1],Percent,"World Trade Organization, and World Bank GDP estimates.",41.1687257793462
2004,"World Trade Organization, and World Bank GDP estimates.",Merchandise trade as a proportion of GDP (%) [17.13.1],Percent,"World Trade Organization, and World Bank GDP estimates.",44.9633329069652
2005,"World Trade Organization, and World Bank GDP estimates.",Merchandise trade as a proportion of GDP (%) [17.13.1],Percent,"World Trade Organization, and World Bank GDP estimates.",49.4505906156916
2006,"World Trade Organization, and World Bank GDP estimates.",Merchandise trade as a proportion of GDP (%) [17.13.1],Percent,"World Trade Organization, and World Bank GDP estimates.",41.5674232589401
2007,"World Trade Organization, and World Bank GDP estimates.",Merchandise trade as a proportion of GDP (%) [17.13.1],Percent,"World Trade Organization, and World Bank GDP estimates.",40.897178096162
2008,"World Trade Organization, and World Bank GDP estimates.",Merchandise trade as a proportion of GDP (%) [17.13.1],Percent,"World Trade Organization, and World Bank GDP estimates.",44.9336428589264
2009,"World Trade Organization, and World Bank GDP estimates.",Merchandise trade as a proportion of GDP (%) [17.13.1],Percent,"World Trade Organization, and World Bank GDP estimates.",34.6303741373447
2010,"World Trade Organization, and World Bank GDP estimates.",Merchandise trade as a proportion of GDP (%) [17.13.1],Percent,"World Trade Organization, and World Bank GDP estimates.",38.0173244559335
2011,"World Trade Organization, and World Bank GDP estimates.",Merchandise trade as a proportion of GDP (%) [17.13.1],Percent,"World Trade Organization, and World Bank GDP estimates.",43.8195665950913
2012,"World Trade Organization, and World Bank GDP estimates.",Merchandise trade as a proportion of GDP (%) [17.13.1],Percent,"World Trade Organization, and World Bank GDP estimates.",39.7487763346172
2013,"World Trade Organization, and World Bank GDP estimates.",Merchandise trade as a proportion of GDP (%) [17.13.1],Percent,"World Trade Organization, and World Bank GDP estimates.",36.0199143284101
2014,"World Trade Organization, and World Bank GDP estimates.",Merchandise trade as a proportion of GDP (%) [17.13.1],Percent,"World Trade Organization, and World Bank GDP estimates.",35.8947266506158
2015,"World Trade Organization, and World Bank GDP estimates.",Merchandise trade as a proportion of GDP (%) [17.13.1],Percent,"World Trade Organization, and World Bank GDP estimates.",31.373160003338
2016,"World Trade Organization, and World Bank GDP estimates.",Merchandise trade as a proportion of GDP (%) [17.13.1],Percent,"World Trade Organization, and World Bank GDP estimates.",26.4679032852238
2017,"World Trade Organization, and World Bank GDP estimates.",Merchandise trade as a proportion of GDP (%) [17.13.1],Percent,"World Trade Organization, and World Bank GDP estimates.",27.3463604925433
2018,"World Trade Organization, and World Bank GDP estimates.",Merchandise trade as a proportion of GDP (%) [17.13.1],Percent,"World Trade Organization, and World Bank GDP estimates.",25.4113261889572
2019,"World Trade Organization, and World Bank GDP estimates.",Merchandise trade as a proportion of GDP (%) [17.13.1],Percent,"World Trade Organization, and World Bank GDP estimates.",23.405425395813
2020,"World Trade Organization, and World Bank GDP estimates.",Merchandise trade as a proportion of GDP (%) [17.13.1],Percent,"World Trade Organization, and World Bank GDP estimates.",21.3287621622631
2021,"World Trade Organization, and World Bank GDP estimates.",Merchandise trade as a proportion of GDP (%) [17.13.1],Percent,"World Trade Organization, and World Bank GDP estimates.",23.9718531382575
2022,"World Trade Organization, and World Bank GDP estimates.",Merchandise trade as a proportion of GDP (%) [17.13.1],Percent,"World Trade Organization, and World Bank GDP estimates.",24.9692050215491
2023,"World Trade Organization, and World Bank GDP estimates.",Merchandise trade as a proportion of GDP (%) [17.13.1],Percent,"World Trade Organization, and World Bank GDP estimates.",23.8581420264712
