Year,SOURCE_DETAIL,Sex,Degree of urbanisation,Income or wealth quantile,Education level,Observation-level footnotes,COMMENT_OBS,Value
2000,Kenya MICS 2000 (GEMR). Data extracted on 25 February 2025.,,,,Primary education,,,63.11
2003,Kenya DHS 2003. The survey collected data on school attendance for age 4-24 and educational attainment for age 4 and above. Data extracted on 25 February 2025.,,,,Primary education,,,55.18279
2008,Kenya DHS 2008-09. The survey collected data on school attendance for age 4-24 and educational attainment for age 4 and above. Data extracted on 25 February 2025.,,,,Primary education,,,78.43454
2009,"Kenya Population and Housing Census 2009. IPUMS-International, National Bureau of Statistics. Data extracted on 25 February 2025.",,,,Primary education,,,59.18861
2014,Kenya DHS 2014. The survey collected data on school attendance for age 3-24 and educational attainment for age 3 and above. Data extracted on 25 February 2025.,,,,Primary education,,,84.14092
2019,Kenya Continuous Household Survey Programme (KCHSP) 2019. The survey collected data on school attendance and attainment for age 3 and above. Data extracted on 25 February 2025.,,,,Primary education,,,80.4322
2020,Kenya Continuous Household Survey Programme (KCHSP) 2020. The survey collected data on school attendance and attainment for age 3 and above. Data extracted on 25 February 2025.,,,,Primary education,,,77.74045
2022,Kenya  DHS 2022.  The survey collected data on school attendance for age 3-24 and educational attainment for age 3 and above. Data extracted on 25 February 2025.,,,,Primary education,,,90.47677
2000,Kenya MICS 2000 (GEMR). Data extracted on 25 February 2025.,,,,Lower secondary education,,,44.41
2003,Kenya DHS 2003. The survey collected data on school attendance for age 4-24 and educational attainment for age 4 and above. Data extracted on 25 February 2025.,,,,Lower secondary education,,,37.53115
2008,Kenya DHS 2008-09. The survey collected data on school attendance for age 4-24 and educational attainment for age 4 and above. Data extracted on 25 February 2025.,,,,Lower secondary education,,,61.24576
2009,"Kenya Population and Housing Census 2009. IPUMS-International, National Bureau of Statistics. Data extracted on 25 February 2025.",,,,Lower secondary education,,,47.47549
2014,Kenya DHS 2014. The survey collected data on school attendance for age 3-24 and educational attainment for age 3 and above. Data extracted on 25 February 2025.,,,,Lower secondary education,,,70.51127
2019,Kenya Continuous Household Survey Programme (KCHSP) 2019. The survey collected data on school attendance and attainment for age 3 and above. Data extracted on 25 February 2025.,,,,Lower secondary education,,,72.00046
2020,Kenya Continuous Household Survey Programme (KCHSP) 2020. The survey collected data on school attendance and attainment for age 3 and above. Data extracted on 25 February 2025.,,,,Lower secondary education,,,71.41106
2022,Kenya  DHS 2022.  The survey collected data on school attendance for age 3-24 and educational attainment for age 3 and above. Data extracted on 25 February 2025.,,,,Lower secondary education,,,83.66567
2000,Kenya MICS 2000 (GEMR). Data extracted on 25 February 2025.,,,,Upper secondary education,,,24.66
2003,Kenya DHS 2003. The survey collected data on school attendance for age 4-24 and educational attainment for age 4 and above. Data extracted on 25 February 2025.,,,,Upper secondary education,,,24.70011
2008,Kenya DHS 2008-09. The survey collected data on school attendance for age 4-24 and educational attainment for age 4 and above. Data extracted on 25 February 2025.,,,,Upper secondary education,,,31.06575
2009,"Kenya Population and Housing Census 2009. IPUMS-International, National Bureau of Statistics. Data extracted on 25 February 2025.",,,,Upper secondary education,,,26.53453
2014,Kenya DHS 2014. The survey collected data on school attendance for age 3-24 and educational attainment for age 3 and above. Data extracted on 25 February 2025.,,,,Upper secondary education,,,42.32334
2019,Kenya Continuous Household Survey Programme (KCHSP) 2019. The survey collected data on school attendance and attainment for age 3 and above. Data extracted on 25 February 2025.,,,,Upper secondary education,,,55.60823
2020,Kenya Continuous Household Survey Programme (KCHSP) 2020. The survey collected data on school attendance and attainment for age 3 and above. Data extracted on 25 February 2025.,,,,Upper secondary education,,,50.17074
2022,Kenya  DHS 2022.  The survey collected data on school attendance for age 3-24 and educational attainment for age 3 and above. Data extracted on 25 February 2025.,,,,Upper secondary education,,,58.86249
2000,Kenya MICS 2000 (GEMR). Data extracted on 25 February 2025.,,,Quintile 1 (poorest),Primary education,,,40.61
2003,Kenya DHS 2003. The survey collected data on school attendance for age 4-24 and educational attainment for age 4 and above. Data extracted on 25 February 2025.,,,Quintile 1 (poorest),Primary education,,,28.9483
2008,Kenya DHS 2008-09. The survey collected data on school attendance for age 4-24 and educational attainment for age 4 and above. Data extracted on 25 February 2025.,,,Quintile 1 (poorest),Primary education,,,57.62935
2014,Kenya DHS 2014. The survey collected data on school attendance for age 3-24 and educational attainment for age 3 and above. Data extracted on 25 February 2025.,,,Quintile 1 (poorest),Primary education,,,63.13889
2022,Kenya  DHS 2022.  The survey collected data on school attendance for age 3-24 and educational attainment for age 3 and above. Data extracted on 25 February 2025.,,,Quintile 1 (poorest),Primary education,,,77.98563
2000,Kenya MICS 2000 (GEMR). Data extracted on 25 February 2025.,,,Quintile 1 (poorest),Lower secondary education,,,22.46
2003,Kenya DHS 2003. The survey collected data on school attendance for age 4-24 and educational attainment for age 4 and above. Data extracted on 25 February 2025.,,,Quintile 1 (poorest),Lower secondary education,,,12.51046
2008,Kenya DHS 2008-09. The survey collected data on school attendance for age 4-24 and educational attainment for age 4 and above. Data extracted on 25 February 2025.,,,Quintile 1 (poorest),Lower secondary education,,,33.15288
2014,Kenya DHS 2014. The survey collected data on school attendance for age 3-24 and educational attainment for age 3 and above. Data extracted on 25 February 2025.,,,Quintile 1 (poorest),Lower secondary education,,,41.72228
2022,Kenya  DHS 2022.  The survey collected data on school attendance for age 3-24 and educational attainment for age 3 and above. Data extracted on 25 February 2025.,,,Quintile 1 (poorest),Lower secondary education,,,64.22663
2000,Kenya MICS 2000 (GEMR). Data extracted on 25 February 2025.,,,Quintile 1 (poorest),Upper secondary education,,,6.62
2003,Kenya DHS 2003. The survey collected data on school attendance for age 4-24 and educational attainment for age 4 and above. Data extracted on 25 February 2025.,,,Quintile 1 (poorest),Upper secondary education,,,6.5169
2008,Kenya DHS 2008-09. The survey collected data on school attendance for age 4-24 and educational attainment for age 4 and above. Data extracted on 25 February 2025.,,,Quintile 1 (poorest),Upper secondary education,,,6.23844
2014,Kenya DHS 2014. The survey collected data on school attendance for age 3-24 and educational attainment for age 3 and above. Data extracted on 25 February 2025.,,,Quintile 1 (poorest),Upper secondary education,,,11.17365
2022,Kenya  DHS 2022.  The survey collected data on school attendance for age 3-24 and educational attainment for age 3 and above. Data extracted on 25 February 2025.,,,Quintile 1 (poorest),Upper secondary education,,,21.9987
2000,Kenya MICS 2000 (GEMR). Data extracted on 25 February 2025.,,,Quintile 2,Primary education,,,57.35
2003,Kenya DHS 2003. The survey collected data on school attendance for age 4-24 and educational attainment for age 4 and above. Data extracted on 25 February 2025.,,,Quintile 2,Primary education,,,49.7252
2008,Kenya DHS 2008-09. The survey collected data on school attendance for age 4-24 and educational attainment for age 4 and above. Data extracted on 25 February 2025.,,,Quintile 2,Primary education,,,75.0947
2014,Kenya DHS 2014. The survey collected data on school attendance for age 3-24 and educational attainment for age 3 and above. Data extracted on 25 February 2025.,,,Quintile 2,Primary education,,,80.37177
2022,Kenya  DHS 2022.  The survey collected data on school attendance for age 3-24 and educational attainment for age 3 and above. Data extracted on 25 February 2025.,,,Quintile 2,Primary education,,,93.30038
2000,Kenya MICS 2000 (GEMR). Data extracted on 25 February 2025.,,,Quintile 2,Lower secondary education,,,35.16
2003,Kenya DHS 2003. The survey collected data on school attendance for age 4-24 and educational attainment for age 4 and above. Data extracted on 25 February 2025.,,,Quintile 2,Lower secondary education,,,29.32552
2008,Kenya DHS 2008-09. The survey collected data on school attendance for age 4-24 and educational attainment for age 4 and above. Data extracted on 25 February 2025.,,,Quintile 2,Lower secondary education,,,54.99377
2014,Kenya DHS 2014. The survey collected data on school attendance for age 3-24 and educational attainment for age 3 and above. Data extracted on 25 February 2025.,,,Quintile 2,Lower secondary education,,,59.40953
2022,Kenya  DHS 2022.  The survey collected data on school attendance for age 3-24 and educational attainment for age 3 and above. Data extracted on 25 February 2025.,,,Quintile 2,Lower secondary education,,,83.24885
2000,Kenya MICS 2000 (GEMR). Data extracted on 25 February 2025.,,,Quintile 2,Upper secondary education,,,14.56
2003,Kenya DHS 2003. The survey collected data on school attendance for age 4-24 and educational attainment for age 4 and above. Data extracted on 25 February 2025.,,,Quintile 2,Upper secondary education,,,11.00715
2008,Kenya DHS 2008-09. The survey collected data on school attendance for age 4-24 and educational attainment for age 4 and above. Data extracted on 25 February 2025.,,,Quintile 2,Upper secondary education,,,12.70786
2014,Kenya DHS 2014. The survey collected data on school attendance for age 3-24 and educational attainment for age 3 and above. Data extracted on 25 February 2025.,,,Quintile 2,Upper secondary education,,,21.57345
2022,Kenya  DHS 2022.  The survey collected data on school attendance for age 3-24 and educational attainment for age 3 and above. Data extracted on 25 February 2025.,,,Quintile 2,Upper secondary education,,,39.95431
2000,Kenya MICS 2000 (GEMR). Data extracted on 25 February 2025.,,,Quintile 3,Primary education,,,66.5
2003,Kenya DHS 2003. The survey collected data on school attendance for age 4-24 and educational attainment for age 4 and above. Data extracted on 25 February 2025.,,,Quintile 3,Primary education,,,58.19842
2008,Kenya DHS 2008-09. The survey collected data on school attendance for age 4-24 and educational attainment for age 4 and above. Data extracted on 25 February 2025.,,,Quintile 3,Primary education,,,83.63112
2014,Kenya DHS 2014. The survey collected data on school attendance for age 3-24 and educational attainment for age 3 and above. Data extracted on 25 February 2025.,,,Quintile 3,Primary education,,,88.47791
2022,Kenya  DHS 2022.  The survey collected data on school attendance for age 3-24 and educational attainment for age 3 and above. Data extracted on 25 February 2025.,,,Quintile 3,Primary education,,,93.55786
2000,Kenya MICS 2000 (GEMR). Data extracted on 25 February 2025.,,,Quintile 3,Lower secondary education,,,38.64
2003,Kenya DHS 2003. The survey collected data on school attendance for age 4-24 and educational attainment for age 4 and above. Data extracted on 25 February 2025.,,,Quintile 3,Lower secondary education,,,32.80984
2008,Kenya DHS 2008-09. The survey collected data on school attendance for age 4-24 and educational attainment for age 4 and above. Data extracted on 25 February 2025.,,,Quintile 3,Lower secondary education,,,59.51367
2014,Kenya DHS 2014. The survey collected data on school attendance for age 3-24 and educational attainment for age 3 and above. Data extracted on 25 February 2025.,,,Quintile 3,Lower secondary education,,,73.3331
2022,Kenya  DHS 2022.  The survey collected data on school attendance for age 3-24 and educational attainment for age 3 and above. Data extracted on 25 February 2025.,,,Quintile 3,Lower secondary education,,,87.41363
2000,Kenya MICS 2000 (GEMR). Data extracted on 25 February 2025.,,,Quintile 3,Upper secondary education,,,17.62
2003,Kenya DHS 2003. The survey collected data on school attendance for age 4-24 and educational attainment for age 4 and above. Data extracted on 25 February 2025.,,,Quintile 3,Upper secondary education,,,14.69553
2008,Kenya DHS 2008-09. The survey collected data on school attendance for age 4-24 and educational attainment for age 4 and above. Data extracted on 25 February 2025.,,,Quintile 3,Upper secondary education,,,24.11664
2014,Kenya DHS 2014. The survey collected data on school attendance for age 3-24 and educational attainment for age 3 and above. Data extracted on 25 February 2025.,,,Quintile 3,Upper secondary education,,,33.19654
2022,Kenya  DHS 2022.  The survey collected data on school attendance for age 3-24 and educational attainment for age 3 and above. Data extracted on 25 February 2025.,,,Quintile 3,Upper secondary education,,,53.3476
2000,Kenya MICS 2000 (GEMR). Data extracted on 25 February 2025.,,,Quintile 4,Primary education,,,77.36
2003,Kenya DHS 2003. The survey collected data on school attendance for age 4-24 and educational attainment for age 4 and above. Data extracted on 25 February 2025.,,,Quintile 4,Primary education,,,68.07381
2008,Kenya DHS 2008-09. The survey collected data on school attendance for age 4-24 and educational attainment for age 4 and above. Data extracted on 25 February 2025.,,,Quintile 4,Primary education,,,88.52525
2014,Kenya DHS 2014. The survey collected data on school attendance for age 3-24 and educational attainment for age 3 and above. Data extracted on 25 February 2025.,,,Quintile 4,Primary education,,,93.16161
2022,Kenya  DHS 2022.  The survey collected data on school attendance for age 3-24 and educational attainment for age 3 and above. Data extracted on 25 February 2025.,,,Quintile 4,Primary education,,,96.21752
2000,Kenya MICS 2000 (GEMR). Data extracted on 25 February 2025.,,,Quintile 4,Lower secondary education,,,56.13
2003,Kenya DHS 2003. The survey collected data on school attendance for age 4-24 and educational attainment for age 4 and above. Data extracted on 25 February 2025.,,,Quintile 4,Lower secondary education,,,46.98766
2008,Kenya DHS 2008-09. The survey collected data on school attendance for age 4-24 and educational attainment for age 4 and above. Data extracted on 25 February 2025.,,,Quintile 4,Lower secondary education,,,70.47282
2014,Kenya DHS 2014. The survey collected data on school attendance for age 3-24 and educational attainment for age 3 and above. Data extracted on 25 February 2025.,,,Quintile 4,Lower secondary education,,,82.96194
2022,Kenya  DHS 2022.  The survey collected data on school attendance for age 3-24 and educational attainment for age 3 and above. Data extracted on 25 February 2025.,,,Quintile 4,Lower secondary education,,,93.15224
2000,Kenya MICS 2000 (GEMR). Data extracted on 25 February 2025.,,,Quintile 4,Upper secondary education,,,31.06
2003,Kenya DHS 2003. The survey collected data on school attendance for age 4-24 and educational attainment for age 4 and above. Data extracted on 25 February 2025.,,,Quintile 4,Upper secondary education,,,27.54479
2008,Kenya DHS 2008-09. The survey collected data on school attendance for age 4-24 and educational attainment for age 4 and above. Data extracted on 25 February 2025.,,,Quintile 4,Upper secondary education,,,37.05539
2014,Kenya DHS 2014. The survey collected data on school attendance for age 3-24 and educational attainment for age 3 and above. Data extracted on 25 February 2025.,,,Quintile 4,Upper secondary education,,,49.60619
2022,Kenya  DHS 2022.  The survey collected data on school attendance for age 3-24 and educational attainment for age 3 and above. Data extracted on 25 February 2025.,,,Quintile 4,Upper secondary education,,,72.32098
2000,Kenya MICS 2000 (GEMR). Data extracted on 25 February 2025.,,,Quintile 5 (richest),Primary education,,,80.93
2003,Kenya DHS 2003. The survey collected data on school attendance for age 4-24 and educational attainment for age 4 and above. Data extracted on 25 February 2025.,,,Quintile 5 (richest),Primary education,,,78.37828
2008,Kenya DHS 2008-09. The survey collected data on school attendance for age 4-24 and educational attainment for age 4 and above. Data extracted on 25 February 2025.,,,Quintile 5 (richest),Primary education,,,89.82367
2014,Kenya DHS 2014. The survey collected data on school attendance for age 3-24 and educational attainment for age 3 and above. Data extracted on 25 February 2025.,,,Quintile 5 (richest),Primary education,,,96.54153
2022,Kenya  DHS 2022.  The survey collected data on school attendance for age 3-24 and educational attainment for age 3 and above. Data extracted on 25 February 2025.,,,Quintile 5 (richest),Primary education,,,94.49035
2000,Kenya MICS 2000 (GEMR). Data extracted on 25 February 2025.,,,Quintile 5 (richest),Lower secondary education,,,72.42
2003,Kenya DHS 2003. The survey collected data on school attendance for age 4-24 and educational attainment for age 4 and above. Data extracted on 25 February 2025.,,,Quintile 5 (richest),Lower secondary education,,,67.56985
2008,Kenya DHS 2008-09. The survey collected data on school attendance for age 4-24 and educational attainment for age 4 and above. Data extracted on 25 February 2025.,,,Quintile 5 (richest),Lower secondary education,,,84.80656
2014,Kenya DHS 2014. The survey collected data on school attendance for age 3-24 and educational attainment for age 3 and above. Data extracted on 25 February 2025.,,,Quintile 5 (richest),Lower secondary education,,,92.15058
2022,Kenya  DHS 2022.  The survey collected data on school attendance for age 3-24 and educational attainment for age 3 and above. Data extracted on 25 February 2025.,,,Quintile 5 (richest),Lower secondary education,,,92.8459
2000,Kenya MICS 2000 (GEMR). Data extracted on 25 February 2025.,,,Quintile 5 (richest),Upper secondary education,,,49.62
2003,Kenya DHS 2003. The survey collected data on school attendance for age 4-24 and educational attainment for age 4 and above. Data extracted on 25 February 2025.,,,Quintile 5 (richest),Upper secondary education,,,43.66517
2008,Kenya DHS 2008-09. The survey collected data on school attendance for age 4-24 and educational attainment for age 4 and above. Data extracted on 25 February 2025.,,,Quintile 5 (richest),Upper secondary education,,,53.09655
2014,Kenya DHS 2014. The survey collected data on school attendance for age 3-24 and educational attainment for age 3 and above. Data extracted on 25 February 2025.,,,Quintile 5 (richest),Upper secondary education,,,70.69933
2022,Kenya  DHS 2022.  The survey collected data on school attendance for age 3-24 and educational attainment for age 3 and above. Data extracted on 25 February 2025.,,,Quintile 5 (richest),Upper secondary education,,,81.94074
2000,Kenya MICS 2000 (GEMR). Data extracted on 25 February 2025.,,Rural,,Primary education,,,59.14
2003,Kenya DHS 2003. The survey collected data on school attendance for age 4-24 and educational attainment for age 4 and above. Data extracted on 25 February 2025.,,Rural,,Primary education,,,52.38509
2008,Kenya DHS 2008-09. The survey collected data on school attendance for age 4-24 and educational attainment for age 4 and above. Data extracted on 25 February 2025.,,Rural,,Primary education,,,76.89919
2009,"Kenya Population and Housing Census 2009. IPUMS-International, National Bureau of Statistics. Data extracted on 25 February 2025.",,Rural,,Primary education,,,53.15351
2014,Kenya DHS 2014. The survey collected data on school attendance for age 3-24 and educational attainment for age 3 and above. Data extracted on 25 February 2025.,,Rural,,Primary education,,,81.12985
2019,Kenya Continuous Household Survey Programme (KCHSP) 2019. The survey collected data on school attendance and attainment for age 3 and above. Data extracted on 25 February 2025.,,Rural,,Primary education,,,78.30501
2020,Kenya Continuous Household Survey Programme (KCHSP) 2020. The survey collected data on school attendance and attainment for age 3 and above. Data extracted on 25 February 2025.,,Rural,,Primary education,,,74.87058
2022,Kenya  DHS 2022.  The survey collected data on school attendance for age 3-24 and educational attainment for age 3 and above. Data extracted on 25 February 2025.,,Rural,,Primary education,,,90.08562
2000,Kenya MICS 2000 (GEMR). Data extracted on 25 February 2025.,,Rural,,Lower secondary education,,,36.97
2003,Kenya DHS 2003. The survey collected data on school attendance for age 4-24 and educational attainment for age 4 and above. Data extracted on 25 February 2025.,,Rural,,Lower secondary education,,,32.05386
2008,Kenya DHS 2008-09. The survey collected data on school attendance for age 4-24 and educational attainment for age 4 and above. Data extracted on 25 February 2025.,,Rural,,Lower secondary education,,,57.68194
2009,"Kenya Population and Housing Census 2009. IPUMS-International, National Bureau of Statistics. Data extracted on 25 February 2025.",,Rural,,Lower secondary education,,,39.66648
2014,Kenya DHS 2014. The survey collected data on school attendance for age 3-24 and educational attainment for age 3 and above. Data extracted on 25 February 2025.,,Rural,,Lower secondary education,,,64.69672
2019,Kenya Continuous Household Survey Programme (KCHSP) 2019. The survey collected data on school attendance and attainment for age 3 and above. Data extracted on 25 February 2025.,,Rural,,Lower secondary education,,,68.67591
2020,Kenya Continuous Household Survey Programme (KCHSP) 2020. The survey collected data on school attendance and attainment for age 3 and above. Data extracted on 25 February 2025.,,Rural,,Lower secondary education,,,67.99293
2022,Kenya  DHS 2022.  The survey collected data on school attendance for age 3-24 and educational attainment for age 3 and above. Data extracted on 25 February 2025.,,Rural,,Lower secondary education,,,80.9038
2000,Kenya MICS 2000 (GEMR). Data extracted on 25 February 2025.,,Rural,,Upper secondary education,,,18.88
2003,Kenya DHS 2003. The survey collected data on school attendance for age 4-24 and educational attainment for age 4 and above. Data extracted on 25 February 2025.,,Rural,,Upper secondary education,,,18.22246
2008,Kenya DHS 2008-09. The survey collected data on school attendance for age 4-24 and educational attainment for age 4 and above. Data extracted on 25 February 2025.,,Rural,,Upper secondary education,,,22.80053
2009,"Kenya Population and Housing Census 2009. IPUMS-International, National Bureau of Statistics. Data extracted on 25 February 2025.",,Rural,,Upper secondary education,,,16.99103
2014,Kenya DHS 2014. The survey collected data on school attendance for age 3-24 and educational attainment for age 3 and above. Data extracted on 25 February 2025.,,Rural,,Upper secondary education,,,29.43458
2019,Kenya Continuous Household Survey Programme (KCHSP) 2019. The survey collected data on school attendance and attainment for age 3 and above. Data extracted on 25 February 2025.,,Rural,,Upper secondary education,,,45.02722
2020,Kenya Continuous Household Survey Programme (KCHSP) 2020. The survey collected data on school attendance and attainment for age 3 and above. Data extracted on 25 February 2025.,,Rural,,Upper secondary education,,,41.41599
2022,Kenya  DHS 2022.  The survey collected data on school attendance for age 3-24 and educational attainment for age 3 and above. Data extracted on 25 February 2025.,,Rural,,Upper secondary education,,,46.59244
2003,Kenya DHS 2003. The survey collected data on school attendance for age 4-24 and educational attainment for age 4 and above. Data extracted on 25 February 2025.,,Rural,Quintile 1 (poorest),Primary education,,,28.98721
2008,Kenya DHS 2008-09. The survey collected data on school attendance for age 4-24 and educational attainment for age 4 and above. Data extracted on 25 February 2025.,,Rural,Quintile 1 (poorest),Primary education,,,57.67744
2014,Kenya DHS 2014. The survey collected data on school attendance for age 3-24 and educational attainment for age 3 and above. Data extracted on 25 February 2025.,,Rural,Quintile 1 (poorest),Primary education,,,61.42213
2022,Kenya  DHS 2022.  The survey collected data on school attendance for age 3-24 and educational attainment for age 3 and above. Data extracted on 25 February 2025.,,Rural,Quintile 1 (poorest),Primary education,,,78.31629
2003,Kenya DHS 2003. The survey collected data on school attendance for age 4-24 and educational attainment for age 4 and above. Data extracted on 25 February 2025.,,Rural,Quintile 1 (poorest),Lower secondary education,,,12.32789
2008,Kenya DHS 2008-09. The survey collected data on school attendance for age 4-24 and educational attainment for age 4 and above. Data extracted on 25 February 2025.,,Rural,Quintile 1 (poorest),Lower secondary education,,,33.17446
2014,Kenya DHS 2014. The survey collected data on school attendance for age 3-24 and educational attainment for age 3 and above. Data extracted on 25 February 2025.,,Rural,Quintile 1 (poorest),Lower secondary education,,,40.54279
2022,Kenya  DHS 2022.  The survey collected data on school attendance for age 3-24 and educational attainment for age 3 and above. Data extracted on 25 February 2025.,,Rural,Quintile 1 (poorest),Lower secondary education,,,64.48528
2003,Kenya DHS 2003. The survey collected data on school attendance for age 4-24 and educational attainment for age 4 and above. Data extracted on 25 February 2025.,,Rural,Quintile 1 (poorest),Upper secondary education,,,6.62293
2008,Kenya DHS 2008-09. The survey collected data on school attendance for age 4-24 and educational attainment for age 4 and above. Data extracted on 25 February 2025.,,Rural,Quintile 1 (poorest),Upper secondary education,,,6.26209
2014,Kenya DHS 2014. The survey collected data on school attendance for age 3-24 and educational attainment for age 3 and above. Data extracted on 25 February 2025.,,Rural,Quintile 1 (poorest),Upper secondary education,,,11.29629
2022,Kenya  DHS 2022.  The survey collected data on school attendance for age 3-24 and educational attainment for age 3 and above. Data extracted on 25 February 2025.,,Rural,Quintile 1 (poorest),Upper secondary education,,,21.70782
2003,Kenya DHS 2003. The survey collected data on school attendance for age 4-24 and educational attainment for age 4 and above. Data extracted on 25 February 2025.,,Rural,Quintile 2,Primary education,,,49.34396
2008,Kenya DHS 2008-09. The survey collected data on school attendance for age 4-24 and educational attainment for age 4 and above. Data extracted on 25 February 2025.,,Rural,Quintile 2,Primary education,,,75.29398
2014,Kenya DHS 2014. The survey collected data on school attendance for age 3-24 and educational attainment for age 3 and above. Data extracted on 25 February 2025.,,Rural,Quintile 2,Primary education,,,79.568
2022,Kenya  DHS 2022.  The survey collected data on school attendance for age 3-24 and educational attainment for age 3 and above. Data extracted on 25 February 2025.,,Rural,Quintile 2,Primary education,,,93.63095
2003,Kenya DHS 2003. The survey collected data on school attendance for age 4-24 and educational attainment for age 4 and above. Data extracted on 25 February 2025.,,Rural,Quintile 2,Lower secondary education,,,28.61462
2008,Kenya DHS 2008-09. The survey collected data on school attendance for age 4-24 and educational attainment for age 4 and above. Data extracted on 25 February 2025.,,Rural,Quintile 2,Lower secondary education,,,54.88626
2014,Kenya DHS 2014. The survey collected data on school attendance for age 3-24 and educational attainment for age 3 and above. Data extracted on 25 February 2025.,,Rural,Quintile 2,Lower secondary education,,,58.37463
2022,Kenya  DHS 2022.  The survey collected data on school attendance for age 3-24 and educational attainment for age 3 and above. Data extracted on 25 February 2025.,,Rural,Quintile 2,Lower secondary education,,,83.67243
2003,Kenya DHS 2003. The survey collected data on school attendance for age 4-24 and educational attainment for age 4 and above. Data extracted on 25 February 2025.,,Rural,Quintile 2,Upper secondary education,,,11.0421
2008,Kenya DHS 2008-09. The survey collected data on school attendance for age 4-24 and educational attainment for age 4 and above. Data extracted on 25 February 2025.,,Rural,Quintile 2,Upper secondary education,,,12.68448
2014,Kenya DHS 2014. The survey collected data on school attendance for age 3-24 and educational attainment for age 3 and above. Data extracted on 25 February 2025.,,Rural,Quintile 2,Upper secondary education,,,20.93574
2022,Kenya  DHS 2022.  The survey collected data on school attendance for age 3-24 and educational attainment for age 3 and above. Data extracted on 25 February 2025.,,Rural,Quintile 2,Upper secondary education,,,40.02515
2003,Kenya DHS 2003. The survey collected data on school attendance for age 4-24 and educational attainment for age 4 and above. Data extracted on 25 February 2025.,,Rural,Quintile 3,Primary education,,,58.57016
2008,Kenya DHS 2008-09. The survey collected data on school attendance for age 4-24 and educational attainment for age 4 and above. Data extracted on 25 February 2025.,,Rural,Quintile 3,Primary education,,,83.60568
2014,Kenya DHS 2014. The survey collected data on school attendance for age 3-24 and educational attainment for age 3 and above. Data extracted on 25 February 2025.,,Rural,Quintile 3,Primary education,,,88.08559
2022,Kenya  DHS 2022.  The survey collected data on school attendance for age 3-24 and educational attainment for age 3 and above. Data extracted on 25 February 2025.,,Rural,Quintile 3,Primary education,,,94.94596
2003,Kenya DHS 2003. The survey collected data on school attendance for age 4-24 and educational attainment for age 4 and above. Data extracted on 25 February 2025.,,Rural,Quintile 3,Lower secondary education,,,32.75355
2008,Kenya DHS 2008-09. The survey collected data on school attendance for age 4-24 and educational attainment for age 4 and above. Data extracted on 25 February 2025.,,Rural,Quintile 3,Lower secondary education,,,59.88042
2014,Kenya DHS 2014. The survey collected data on school attendance for age 3-24 and educational attainment for age 3 and above. Data extracted on 25 February 2025.,,Rural,Quintile 3,Lower secondary education,,,73.58475
2022,Kenya  DHS 2022.  The survey collected data on school attendance for age 3-24 and educational attainment for age 3 and above. Data extracted on 25 February 2025.,,Rural,Quintile 3,Lower secondary education,,,88.37699
2003,Kenya DHS 2003. The survey collected data on school attendance for age 4-24 and educational attainment for age 4 and above. Data extracted on 25 February 2025.,,Rural,Quintile 3,Upper secondary education,,,14.23916
2008,Kenya DHS 2008-09. The survey collected data on school attendance for age 4-24 and educational attainment for age 4 and above. Data extracted on 25 February 2025.,,Rural,Quintile 3,Upper secondary education,,,24.37081
2014,Kenya DHS 2014. The survey collected data on school attendance for age 3-24 and educational attainment for age 3 and above. Data extracted on 25 February 2025.,,Rural,Quintile 3,Upper secondary education,,,33.73571
2022,Kenya  DHS 2022.  The survey collected data on school attendance for age 3-24 and educational attainment for age 3 and above. Data extracted on 25 February 2025.,,Rural,Quintile 3,Upper secondary education,,,55.54352
2003,Kenya DHS 2003. The survey collected data on school attendance for age 4-24 and educational attainment for age 4 and above. Data extracted on 25 February 2025.,,Rural,Quintile 4,Primary education,,,69.19624
2008,Kenya DHS 2008-09. The survey collected data on school attendance for age 4-24 and educational attainment for age 4 and above. Data extracted on 25 February 2025.,,Rural,Quintile 4,Primary education,,,89.53118
2014,Kenya DHS 2014. The survey collected data on school attendance for age 3-24 and educational attainment for age 3 and above. Data extracted on 25 February 2025.,,Rural,Quintile 4,Primary education,,,94.39088
2022,Kenya  DHS 2022.  The survey collected data on school attendance for age 3-24 and educational attainment for age 3 and above. Data extracted on 25 February 2025.,,Rural,Quintile 4,Primary education,,,97.74859
2003,Kenya DHS 2003. The survey collected data on school attendance for age 4-24 and educational attainment for age 4 and above. Data extracted on 25 February 2025.,,Rural,Quintile 4,Lower secondary education,,,46.93396
2008,Kenya DHS 2008-09. The survey collected data on school attendance for age 4-24 and educational attainment for age 4 and above. Data extracted on 25 February 2025.,,Rural,Quintile 4,Lower secondary education,,,72.1963
2014,Kenya DHS 2014. The survey collected data on school attendance for age 3-24 and educational attainment for age 3 and above. Data extracted on 25 February 2025.,,Rural,Quintile 4,Lower secondary education,,,83.34023
2022,Kenya  DHS 2022.  The survey collected data on school attendance for age 3-24 and educational attainment for age 3 and above. Data extracted on 25 February 2025.,,Rural,Quintile 4,Lower secondary education,,,92.86307
2003,Kenya DHS 2003. The survey collected data on school attendance for age 4-24 and educational attainment for age 4 and above. Data extracted on 25 February 2025.,,Rural,Quintile 4,Upper secondary education,,,29.30375
2008,Kenya DHS 2008-09. The survey collected data on school attendance for age 4-24 and educational attainment for age 4 and above. Data extracted on 25 February 2025.,,Rural,Quintile 4,Upper secondary education,,,40.17688
2014,Kenya DHS 2014. The survey collected data on school attendance for age 3-24 and educational attainment for age 3 and above. Data extracted on 25 February 2025.,,Rural,Quintile 4,Upper secondary education,,,48.5455
2022,Kenya  DHS 2022.  The survey collected data on school attendance for age 3-24 and educational attainment for age 3 and above. Data extracted on 25 February 2025.,,Rural,Quintile 4,Upper secondary education,,,73.47929
2003,Kenya DHS 2003. The survey collected data on school attendance for age 4-24 and educational attainment for age 4 and above. Data extracted on 25 February 2025.,,Rural,Quintile 5 (richest),Primary education,,,78.45617
2008,Kenya DHS 2008-09. The survey collected data on school attendance for age 4-24 and educational attainment for age 4 and above. Data extracted on 25 February 2025.,,Rural,Quintile 5 (richest),Primary education,,,89.96045
2014,Kenya DHS 2014. The survey collected data on school attendance for age 3-24 and educational attainment for age 3 and above. Data extracted on 25 February 2025.,,Rural,Quintile 5 (richest),Primary education,,,96.4865
2022,Kenya  DHS 2022.  The survey collected data on school attendance for age 3-24 and educational attainment for age 3 and above. Data extracted on 25 February 2025.,,Rural,Quintile 5 (richest),Primary education,,,96.38455
2003,Kenya DHS 2003. The survey collected data on school attendance for age 4-24 and educational attainment for age 4 and above. Data extracted on 25 February 2025.,,Rural,Quintile 5 (richest),Lower secondary education,,,65.43276
2008,Kenya DHS 2008-09. The survey collected data on school attendance for age 4-24 and educational attainment for age 4 and above. Data extracted on 25 February 2025.,,Rural,Quintile 5 (richest),Lower secondary education,,,92.16402
2014,Kenya DHS 2014. The survey collected data on school attendance for age 3-24 and educational attainment for age 3 and above. Data extracted on 25 February 2025.,,Rural,Quintile 5 (richest),Lower secondary education,,,92.77843
2022,Kenya  DHS 2022.  The survey collected data on school attendance for age 3-24 and educational attainment for age 3 and above. Data extracted on 25 February 2025.,,Rural,Quintile 5 (richest),Lower secondary education,,,89.711
2003,Kenya DHS 2003. The survey collected data on school attendance for age 4-24 and educational attainment for age 4 and above. Data extracted on 25 February 2025.,,Rural,Quintile 5 (richest),Upper secondary education,,,38.28409
2008,Kenya DHS 2008-09. The survey collected data on school attendance for age 4-24 and educational attainment for age 4 and above. Data extracted on 25 February 2025.,,Rural,Quintile 5 (richest),Upper secondary education,,,33.31684
2014,Kenya DHS 2014. The survey collected data on school attendance for age 3-24 and educational attainment for age 3 and above. Data extracted on 25 February 2025.,,Rural,Quintile 5 (richest),Upper secondary education,,,65.76234
2022,Kenya  DHS 2022.  The survey collected data on school attendance for age 3-24 and educational attainment for age 3 and above. Data extracted on 25 February 2025.,,Rural,Quintile 5 (richest),Upper secondary education,,,72.3338
2000,Kenya MICS 2000 (GEMR). Data extracted on 25 February 2025.,,Urban,,Primary education,,,82.25
2003,Kenya DHS 2003. The survey collected data on school attendance for age 4-24 and educational attainment for age 4 and above. Data extracted on 25 February 2025.,,Urban,,Primary education,,,71.18419
2008,Kenya DHS 2008-09. The survey collected data on school attendance for age 4-24 and educational attainment for age 4 and above. Data extracted on 25 February 2025.,,Urban,,Primary education,,,87.1231
2009,"Kenya Population and Housing Census 2009. IPUMS-International, National Bureau of Statistics. Data extracted on 25 February 2025.",,Urban,,Primary education,,,76.34898
2014,Kenya DHS 2014. The survey collected data on school attendance for age 3-24 and educational attainment for age 3 and above. Data extracted on 25 February 2025.,,Urban,,Primary education,,,91.9483
2019,Kenya Continuous Household Survey Programme (KCHSP) 2019. The survey collected data on school attendance and attainment for age 3 and above. Data extracted on 25 February 2025.,,Urban,,Primary education,,,88.59476
2020,Kenya Continuous Household Survey Programme (KCHSP) 2020. The survey collected data on school attendance and attainment for age 3 and above. Data extracted on 25 February 2025.,,Urban,,Primary education,,,88.53899
2022,Kenya  DHS 2022.  The survey collected data on school attendance for age 3-24 and educational attainment for age 3 and above. Data extracted on 25 February 2025.,,Urban,,Primary education,,,91.76796
2000,Kenya MICS 2000 (GEMR). Data extracted on 25 February 2025.,,Urban,,Lower secondary education,,,70.79
2003,Kenya DHS 2003. The survey collected data on school attendance for age 4-24 and educational attainment for age 4 and above. Data extracted on 25 February 2025.,,Urban,,Lower secondary education,,,62.12915
2008,Kenya DHS 2008-09. The survey collected data on school attendance for age 4-24 and educational attainment for age 4 and above. Data extracted on 25 February 2025.,,Urban,,Lower secondary education,,,76.58765
2009,"Kenya Population and Housing Census 2009. IPUMS-International, National Bureau of Statistics. Data extracted on 25 February 2025.",,Urban,,Lower secondary education,,,66.92847
2014,Kenya DHS 2014. The survey collected data on school attendance for age 3-24 and educational attainment for age 3 and above. Data extracted on 25 February 2025.,,Urban,,Lower secondary education,,,82.67728
2019,Kenya Continuous Household Survey Programme (KCHSP) 2019. The survey collected data on school attendance and attainment for age 3 and above. Data extracted on 25 February 2025.,,Urban,,Lower secondary education,,,83.43935
2020,Kenya Continuous Household Survey Programme (KCHSP) 2020. The survey collected data on school attendance and attainment for age 3 and above. Data extracted on 25 February 2025.,,Urban,,Lower secondary education,,,83.48971
2022,Kenya  DHS 2022.  The survey collected data on school attendance for age 3-24 and educational attainment for age 3 and above. Data extracted on 25 February 2025.,,Urban,,Lower secondary education,,,90.38894
2000,Kenya MICS 2000 (GEMR). Data extracted on 25 February 2025.,,Urban,,Upper secondary education,,,38.74
2003,Kenya DHS 2003. The survey collected data on school attendance for age 4-24 and educational attainment for age 4 and above. Data extracted on 25 February 2025.,,Urban,,Upper secondary education,,,40.20634
2008,Kenya DHS 2008-09. The survey collected data on school attendance for age 4-24 and educational attainment for age 4 and above. Data extracted on 25 February 2025.,,Urban,,Upper secondary education,,,52.76976
2009,"Kenya Population and Housing Census 2009. IPUMS-International, National Bureau of Statistics. Data extracted on 25 February 2025.",,Urban,,Upper secondary education,,,41.80125
2014,Kenya DHS 2014. The survey collected data on school attendance for age 3-24 and educational attainment for age 3 and above. Data extracted on 25 February 2025.,,Urban,,Upper secondary education,,,56.45652
2019,Kenya Continuous Household Survey Programme (KCHSP) 2019. The survey collected data on school attendance and attainment for age 3 and above. Data extracted on 25 February 2025.,,Urban,,Upper secondary education,,,72.77104
2020,Kenya Continuous Household Survey Programme (KCHSP) 2020. The survey collected data on school attendance and attainment for age 3 and above. Data extracted on 25 February 2025.,,Urban,,Upper secondary education,,,70.32464
2022,Kenya  DHS 2022.  The survey collected data on school attendance for age 3-24 and educational attainment for age 3 and above. Data extracted on 25 February 2025.,,Urban,,Upper secondary education,,,73.44364
2003,Kenya DHS 2003. The survey collected data on school attendance for age 4-24 and educational attainment for age 4 and above. Data extracted on 25 February 2025.,,Urban,Quintile 1 (poorest),Primary education,This data point is NOT APPLICABLE for the submitting nation.,,27.39834
2008,Kenya DHS 2008-09. The survey collected data on school attendance for age 4-24 and educational attainment for age 4 and above. Data extracted on 25 February 2025.,,Urban,Quintile 1 (poorest),Primary education,This data point is NOT APPLICABLE for the submitting nation.,This data point is NOT APPLICABLE for the submitting nation.,0.0
2014,Kenya DHS 2014. The survey collected data on school attendance for age 3-24 and educational attainment for age 3 and above. Data extracted on 25 February 2025.,,Urban,Quintile 1 (poorest),Primary education,This data point is NOT APPLICABLE for the submitting nation.,,77.14938
2022,Kenya  DHS 2022.  The survey collected data on school attendance for age 3-24 and educational attainment for age 3 and above. Data extracted on 25 February 2025.,,Urban,Quintile 1 (poorest),Primary education,This data point is NOT APPLICABLE for the submitting nation.,,68.78902
2003,Kenya DHS 2003. The survey collected data on school attendance for age 4-24 and educational attainment for age 4 and above. Data extracted on 25 February 2025.,,Urban,Quintile 1 (poorest),Lower secondary education,This data point is NOT APPLICABLE for the submitting nation.,,19.72224
2008,Kenya DHS 2008-09. The survey collected data on school attendance for age 4-24 and educational attainment for age 4 and above. Data extracted on 25 February 2025.,,Urban,Quintile 1 (poorest),Lower secondary education,This data point is NOT APPLICABLE for the submitting nation.,This data point is NOT APPLICABLE for the submitting nation.,0.0
2014,Kenya DHS 2014. The survey collected data on school attendance for age 3-24 and educational attainment for age 3 and above. Data extracted on 25 February 2025.,,Urban,Quintile 1 (poorest),Lower secondary education,This data point is NOT APPLICABLE for the submitting nation.,,50.91409
2022,Kenya  DHS 2022.  The survey collected data on school attendance for age 3-24 and educational attainment for age 3 and above. Data extracted on 25 February 2025.,,Urban,Quintile 1 (poorest),Lower secondary education,This data point is NOT APPLICABLE for the submitting nation.,,56.85668
2003,Kenya DHS 2003. The survey collected data on school attendance for age 4-24 and educational attainment for age 4 and above. Data extracted on 25 February 2025.,,Urban,Quintile 1 (poorest),Upper secondary education,This data point is NOT APPLICABLE for the submitting nation.,This data point is NOT APPLICABLE for the submitting nation.,0.0
2008,Kenya DHS 2008-09. The survey collected data on school attendance for age 4-24 and educational attainment for age 4 and above. Data extracted on 25 February 2025.,,Urban,Quintile 1 (poorest),Upper secondary education,This data point is NOT APPLICABLE for the submitting nation.,This data point is NOT APPLICABLE for the submitting nation.,0.0
2014,Kenya DHS 2014. The survey collected data on school attendance for age 3-24 and educational attainment for age 3 and above. Data extracted on 25 February 2025.,,Urban,Quintile 1 (poorest),Upper secondary education,This data point is NOT APPLICABLE for the submitting nation.,,10.25358
2022,Kenya  DHS 2022.  The survey collected data on school attendance for age 3-24 and educational attainment for age 3 and above. Data extracted on 25 February 2025.,,Urban,Quintile 1 (poorest),Upper secondary education,This data point is NOT APPLICABLE for the submitting nation.,,31.22367
2003,Kenya DHS 2003. The survey collected data on school attendance for age 4-24 and educational attainment for age 4 and above. Data extracted on 25 February 2025.,,Urban,Quintile 2,Primary education,,,66.62145
2008,Kenya DHS 2008-09. The survey collected data on school attendance for age 4-24 and educational attainment for age 4 and above. Data extracted on 25 February 2025.,,Urban,Quintile 2,Primary education,,,64.20328
2014,Kenya DHS 2014. The survey collected data on school attendance for age 3-24 and educational attainment for age 3 and above. Data extracted on 25 February 2025.,,Urban,Quintile 2,Primary education,,,86.14313
2022,Kenya  DHS 2022.  The survey collected data on school attendance for age 3-24 and educational attainment for age 3 and above. Data extracted on 25 February 2025.,,Urban,Quintile 2,Primary education,,,85.44331
2003,Kenya DHS 2003. The survey collected data on school attendance for age 4-24 and educational attainment for age 4 and above. Data extracted on 25 February 2025.,,Urban,Quintile 2,Lower secondary education,This data point is NOT APPLICABLE for the submitting nation.,,56.6192
2008,Kenya DHS 2008-09. The survey collected data on school attendance for age 4-24 and educational attainment for age 4 and above. Data extracted on 25 February 2025.,,Urban,Quintile 2,Lower secondary education,This data point is NOT APPLICABLE for the submitting nation.,This data point is NOT APPLICABLE for the submitting nation.,0.0
2014,Kenya DHS 2014. The survey collected data on school attendance for age 3-24 and educational attainment for age 3 and above. Data extracted on 25 February 2025.,,Urban,Quintile 2,Lower secondary education,This data point is NOT APPLICABLE for the submitting nation.,,66.24203
2022,Kenya  DHS 2022.  The survey collected data on school attendance for age 3-24 and educational attainment for age 3 and above. Data extracted on 25 February 2025.,,Urban,Quintile 2,Lower secondary education,This data point is NOT APPLICABLE for the submitting nation.,,74.78129
2003,Kenya DHS 2003. The survey collected data on school attendance for age 4-24 and educational attainment for age 4 and above. Data extracted on 25 February 2025.,,Urban,Quintile 2,Upper secondary education,This data point is NOT APPLICABLE for the submitting nation.,This data point is NOT APPLICABLE for the submitting nation.,0.0
2008,Kenya DHS 2008-09. The survey collected data on school attendance for age 4-24 and educational attainment for age 4 and above. Data extracted on 25 February 2025.,,Urban,Quintile 2,Upper secondary education,This data point is NOT APPLICABLE for the submitting nation.,This data point is NOT APPLICABLE for the submitting nation.,0.0
2014,Kenya DHS 2014. The survey collected data on school attendance for age 3-24 and educational attainment for age 3 and above. Data extracted on 25 February 2025.,,Urban,Quintile 2,Upper secondary education,This data point is NOT APPLICABLE for the submitting nation.,,25.10775
2022,Kenya  DHS 2022.  The survey collected data on school attendance for age 3-24 and educational attainment for age 3 and above. Data extracted on 25 February 2025.,,Urban,Quintile 2,Upper secondary education,This data point is NOT APPLICABLE for the submitting nation.,,39.13068
2003,Kenya DHS 2003. The survey collected data on school attendance for age 4-24 and educational attainment for age 4 and above. Data extracted on 25 February 2025.,,Urban,Quintile 3,Primary education,,,48.92943
2008,Kenya DHS 2008-09. The survey collected data on school attendance for age 4-24 and educational attainment for age 4 and above. Data extracted on 25 February 2025.,,Urban,Quintile 3,Primary education,,,84.30862
2014,Kenya DHS 2014. The survey collected data on school attendance for age 3-24 and educational attainment for age 3 and above. Data extracted on 25 February 2025.,,Urban,Quintile 3,Primary education,,,90.79438
2022,Kenya  DHS 2022.  The survey collected data on school attendance for age 3-24 and educational attainment for age 3 and above. Data extracted on 25 February 2025.,,Urban,Quintile 3,Primary education,,,84.91825
2003,Kenya DHS 2003. The survey collected data on school attendance for age 4-24 and educational attainment for age 4 and above. Data extracted on 25 February 2025.,,Urban,Quintile 3,Lower secondary education,,,34.21786
2008,Kenya DHS 2008-09. The survey collected data on school attendance for age 4-24 and educational attainment for age 4 and above. Data extracted on 25 February 2025.,,Urban,Quintile 3,Lower secondary education,,,47.95257
2014,Kenya DHS 2014. The survey collected data on school attendance for age 3-24 and educational attainment for age 3 and above. Data extracted on 25 February 2025.,,Urban,Quintile 3,Lower secondary education,,,72.0349
2022,Kenya  DHS 2022.  The survey collected data on school attendance for age 3-24 and educational attainment for age 3 and above. Data extracted on 25 February 2025.,,Urban,Quintile 3,Lower secondary education,,,82.16671
2003,Kenya DHS 2003. The survey collected data on school attendance for age 4-24 and educational attainment for age 4 and above. Data extracted on 25 February 2025.,,Urban,Quintile 3,Upper secondary education,This data point is NOT APPLICABLE for the submitting nation.,,23.27229
2008,Kenya DHS 2008-09. The survey collected data on school attendance for age 4-24 and educational attainment for age 4 and above. Data extracted on 25 February 2025.,,Urban,Quintile 3,Upper secondary education,This data point is NOT APPLICABLE for the submitting nation.,This data point is NOT APPLICABLE for the submitting nation.,0.0
2014,Kenya DHS 2014. The survey collected data on school attendance for age 3-24 and educational attainment for age 3 and above. Data extracted on 25 February 2025.,,Urban,Quintile 3,Upper secondary education,This data point is NOT APPLICABLE for the submitting nation.,,31.63556
2022,Kenya  DHS 2022.  The survey collected data on school attendance for age 3-24 and educational attainment for age 3 and above. Data extracted on 25 February 2025.,,Urban,Quintile 3,Upper secondary education,This data point is NOT APPLICABLE for the submitting nation.,,45.51554
2003,Kenya DHS 2003. The survey collected data on school attendance for age 4-24 and educational attainment for age 4 and above. Data extracted on 25 February 2025.,,Urban,Quintile 4,Primary education,,,59.98451
2008,Kenya DHS 2008-09. The survey collected data on school attendance for age 4-24 and educational attainment for age 4 and above. Data extracted on 25 February 2025.,,Urban,Quintile 4,Primary education,,,82.55537
2014,Kenya DHS 2014. The survey collected data on school attendance for age 3-24 and educational attainment for age 3 and above. Data extracted on 25 February 2025.,,Urban,Quintile 4,Primary education,,,90.96133
2022,Kenya  DHS 2022.  The survey collected data on school attendance for age 3-24 and educational attainment for age 3 and above. Data extracted on 25 February 2025.,,Urban,Quintile 4,Primary education,,,94.46096
2003,Kenya DHS 2003. The survey collected data on school attendance for age 4-24 and educational attainment for age 4 and above. Data extracted on 25 February 2025.,,Urban,Quintile 4,Lower secondary education,,,47.37385
2008,Kenya DHS 2008-09. The survey collected data on school attendance for age 4-24 and educational attainment for age 4 and above. Data extracted on 25 February 2025.,,Urban,Quintile 4,Lower secondary education,,,62.61728
2014,Kenya DHS 2014. The survey collected data on school attendance for age 3-24 and educational attainment for age 3 and above. Data extracted on 25 February 2025.,,Urban,Quintile 4,Lower secondary education,,,82.38499
2022,Kenya  DHS 2022.  The survey collected data on school attendance for age 3-24 and educational attainment for age 3 and above. Data extracted on 25 February 2025.,,Urban,Quintile 4,Lower secondary education,,,93.40492
2003,Kenya DHS 2003. The survey collected data on school attendance for age 4-24 and educational attainment for age 4 and above. Data extracted on 25 February 2025.,,Urban,Quintile 4,Upper secondary education,,,18.07941
2008,Kenya DHS 2008-09. The survey collected data on school attendance for age 4-24 and educational attainment for age 4 and above. Data extracted on 25 February 2025.,,Urban,Quintile 4,Upper secondary education,,,22.55647
2014,Kenya DHS 2014. The survey collected data on school attendance for age 3-24 and educational attainment for age 3 and above. Data extracted on 25 February 2025.,,Urban,Quintile 4,Upper secondary education,,,50.28326
2022,Kenya  DHS 2022.  The survey collected data on school attendance for age 3-24 and educational attainment for age 3 and above. Data extracted on 25 February 2025.,,Urban,Quintile 4,Upper secondary education,,,71.71577
2003,Kenya DHS 2003. The survey collected data on school attendance for age 4-24 and educational attainment for age 4 and above. Data extracted on 25 February 2025.,,Urban,Quintile 5 (richest),Primary education,,,78.35543
2008,Kenya DHS 2008-09. The survey collected data on school attendance for age 4-24 and educational attainment for age 4 and above. Data extracted on 25 February 2025.,,Urban,Quintile 5 (richest),Primary education,,,89.78146
2014,Kenya DHS 2014. The survey collected data on school attendance for age 3-24 and educational attainment for age 3 and above. Data extracted on 25 February 2025.,,Urban,Quintile 5 (richest),Primary education,,,96.55643
2022,Kenya  DHS 2022.  The survey collected data on school attendance for age 3-24 and educational attainment for age 3 and above. Data extracted on 25 February 2025.,,Urban,Quintile 5 (richest),Primary education,,,94.24163
2003,Kenya DHS 2003. The survey collected data on school attendance for age 4-24 and educational attainment for age 4 and above. Data extracted on 25 February 2025.,,Urban,Quintile 5 (richest),Lower secondary education,,,68.20119
2008,Kenya DHS 2008-09. The survey collected data on school attendance for age 4-24 and educational attainment for age 4 and above. Data extracted on 25 February 2025.,,Urban,Quintile 5 (richest),Lower secondary education,,,82.58096
2014,Kenya DHS 2014. The survey collected data on school attendance for age 3-24 and educational attainment for age 3 and above. Data extracted on 25 February 2025.,,Urban,Quintile 5 (richest),Lower secondary education,,,92.01495
2022,Kenya  DHS 2022.  The survey collected data on school attendance for age 3-24 and educational attainment for age 3 and above. Data extracted on 25 February 2025.,,Urban,Quintile 5 (richest),Lower secondary education,,,93.1796
2003,Kenya DHS 2003. The survey collected data on school attendance for age 4-24 and educational attainment for age 4 and above. Data extracted on 25 February 2025.,,Urban,Quintile 5 (richest),Upper secondary education,,,45.02957
2008,Kenya DHS 2008-09. The survey collected data on school attendance for age 4-24 and educational attainment for age 4 and above. Data extracted on 25 February 2025.,,Urban,Quintile 5 (richest),Upper secondary education,,,58.84174
2014,Kenya DHS 2014. The survey collected data on school attendance for age 3-24 and educational attainment for age 3 and above. Data extracted on 25 February 2025.,,Urban,Quintile 5 (richest),Upper secondary education,,,71.27964
2022,Kenya  DHS 2022.  The survey collected data on school attendance for age 3-24 and educational attainment for age 3 and above. Data extracted on 25 February 2025.,,Urban,Quintile 5 (richest),Upper secondary education,,,82.74406
2000,Kenya MICS 2000 (GEMR). Data extracted on 25 February 2025.,Female,,,Primary education,,,67.32
2003,Kenya DHS 2003. The survey collected data on school attendance for age 4-24 and educational attainment for age 4 and above. Data extracted on 25 February 2025.,Female,,,Primary education,,,58.60131
2008,Kenya DHS 2008-09. The survey collected data on school attendance for age 4-24 and educational attainment for age 4 and above. Data extracted on 25 February 2025.,Female,,,Primary education,,,81.89836
2009,"Kenya Population and Housing Census 2009. IPUMS-International, National Bureau of Statistics. Data extracted on 25 February 2025.",Female,,,Primary education,,,63.32244
2014,Kenya DHS 2014. The survey collected data on school attendance for age 3-24 and educational attainment for age 3 and above. Data extracted on 25 February 2025.,Female,,,Primary education,,,86.92873
2019,Kenya Continuous Household Survey Programme (KCHSP) 2019. The survey collected data on school attendance and attainment for age 3 and above. Data extracted on 25 February 2025.,Female,,,Primary education,,,83.93457
2020,Kenya Continuous Household Survey Programme (KCHSP) 2020. The survey collected data on school attendance and attainment for age 3 and above. Data extracted on 25 February 2025.,Female,,,Primary education,,,81.67189
2022,Kenya  DHS 2022.  The survey collected data on school attendance for age 3-24 and educational attainment for age 3 and above. Data extracted on 25 February 2025.,Female,,,Primary education,,,92.95242
2000,Kenya MICS 2000 (GEMR). Data extracted on 25 February 2025.,Female,,,Lower secondary education,,,47.8
2003,Kenya DHS 2003. The survey collected data on school attendance for age 4-24 and educational attainment for age 4 and above. Data extracted on 25 February 2025.,Female,,,Lower secondary education,,,40.6006
2008,Kenya DHS 2008-09. The survey collected data on school attendance for age 4-24 and educational attainment for age 4 and above. Data extracted on 25 February 2025.,Female,,,Lower secondary education,,,62.83171
2009,"Kenya Population and Housing Census 2009. IPUMS-International, National Bureau of Statistics. Data extracted on 25 February 2025.",Female,,,Lower secondary education,,,50.85428
2014,Kenya DHS 2014. The survey collected data on school attendance for age 3-24 and educational attainment for age 3 and above. Data extracted on 25 February 2025.,Female,,,Lower secondary education,,,74.89953
2019,Kenya Continuous Household Survey Programme (KCHSP) 2019. The survey collected data on school attendance and attainment for age 3 and above. Data extracted on 25 February 2025.,Female,,,Lower secondary education,,,76.00428
2020,Kenya Continuous Household Survey Programme (KCHSP) 2020. The survey collected data on school attendance and attainment for age 3 and above. Data extracted on 25 February 2025.,Female,,,Lower secondary education,,,75.35932
2022,Kenya  DHS 2022.  The survey collected data on school attendance for age 3-24 and educational attainment for age 3 and above. Data extracted on 25 February 2025.,Female,,,Lower secondary education,,,86.16653
2000,Kenya MICS 2000 (GEMR). Data extracted on 25 February 2025.,Female,,,Upper secondary education,,,23.16
2003,Kenya DHS 2003. The survey collected data on school attendance for age 4-24 and educational attainment for age 4 and above. Data extracted on 25 February 2025.,Female,,,Upper secondary education,,,22.97299
2008,Kenya DHS 2008-09. The survey collected data on school attendance for age 4-24 and educational attainment for age 4 and above. Data extracted on 25 February 2025.,Female,,,Upper secondary education,,,28.47834
2009,"Kenya Population and Housing Census 2009. IPUMS-International, National Bureau of Statistics. Data extracted on 25 February 2025.",Female,,,Upper secondary education,,,26.122
2014,Kenya DHS 2014. The survey collected data on school attendance for age 3-24 and educational attainment for age 3 and above. Data extracted on 25 February 2025.,Female,,,Upper secondary education,,,39.06395
2019,Kenya Continuous Household Survey Programme (KCHSP) 2019. The survey collected data on school attendance and attainment for age 3 and above. Data extracted on 25 February 2025.,Female,,,Upper secondary education,,,56.19603
2020,Kenya Continuous Household Survey Programme (KCHSP) 2020. The survey collected data on school attendance and attainment for age 3 and above. Data extracted on 25 February 2025.,Female,,,Upper secondary education,,,51.06171
2022,Kenya  DHS 2022.  The survey collected data on school attendance for age 3-24 and educational attainment for age 3 and above. Data extracted on 25 February 2025.,Female,,,Upper secondary education,,,58.3203
2003,Kenya DHS 2003. The survey collected data on school attendance for age 4-24 and educational attainment for age 4 and above. Data extracted on 25 February 2025.,Female,,Quintile 1 (poorest),Primary education,,,32.08315
2008,Kenya DHS 2008-09. The survey collected data on school attendance for age 4-24 and educational attainment for age 4 and above. Data extracted on 25 February 2025.,Female,,Quintile 1 (poorest),Primary education,,,55.29663
2014,Kenya DHS 2014. The survey collected data on school attendance for age 3-24 and educational attainment for age 3 and above. Data extracted on 25 February 2025.,Female,,Quintile 1 (poorest),Primary education,,,65.33229
2022,Kenya  DHS 2022.  The survey collected data on school attendance for age 3-24 and educational attainment for age 3 and above. Data extracted on 25 February 2025.,Female,,Quintile 1 (poorest),Primary education,,,83.69755
2003,Kenya DHS 2003. The survey collected data on school attendance for age 4-24 and educational attainment for age 4 and above. Data extracted on 25 February 2025.,Female,,Quintile 1 (poorest),Lower secondary education,,,12.45121
2008,Kenya DHS 2008-09. The survey collected data on school attendance for age 4-24 and educational attainment for age 4 and above. Data extracted on 25 February 2025.,Female,,Quintile 1 (poorest),Lower secondary education,,,32.4938
2014,Kenya DHS 2014. The survey collected data on school attendance for age 3-24 and educational attainment for age 3 and above. Data extracted on 25 February 2025.,Female,,Quintile 1 (poorest),Lower secondary education,,,42.65427
2022,Kenya  DHS 2022.  The survey collected data on school attendance for age 3-24 and educational attainment for age 3 and above. Data extracted on 25 February 2025.,Female,,Quintile 1 (poorest),Lower secondary education,,,64.46434
2003,Kenya DHS 2003. The survey collected data on school attendance for age 4-24 and educational attainment for age 4 and above. Data extracted on 25 February 2025.,Female,,Quintile 1 (poorest),Upper secondary education,,,1.87939
2008,Kenya DHS 2008-09. The survey collected data on school attendance for age 4-24 and educational attainment for age 4 and above. Data extracted on 25 February 2025.,Female,,Quintile 1 (poorest),Upper secondary education,,,2.64726
2014,Kenya DHS 2014. The survey collected data on school attendance for age 3-24 and educational attainment for age 3 and above. Data extracted on 25 February 2025.,Female,,Quintile 1 (poorest),Upper secondary education,,,6.51375
2022,Kenya  DHS 2022.  The survey collected data on school attendance for age 3-24 and educational attainment for age 3 and above. Data extracted on 25 February 2025.,Female,,Quintile 1 (poorest),Upper secondary education,,,19.49695
2003,Kenya DHS 2003. The survey collected data on school attendance for age 4-24 and educational attainment for age 4 and above. Data extracted on 25 February 2025.,Female,,Quintile 2,Primary education,,,52.27896
2008,Kenya DHS 2008-09. The survey collected data on school attendance for age 4-24 and educational attainment for age 4 and above. Data extracted on 25 February 2025.,Female,,Quintile 2,Primary education,,,80.7029
2014,Kenya DHS 2014. The survey collected data on school attendance for age 3-24 and educational attainment for age 3 and above. Data extracted on 25 February 2025.,Female,,Quintile 2,Primary education,,,83.57052
2022,Kenya  DHS 2022.  The survey collected data on school attendance for age 3-24 and educational attainment for age 3 and above. Data extracted on 25 February 2025.,Female,,Quintile 2,Primary education,,,94.99457
2003,Kenya DHS 2003. The survey collected data on school attendance for age 4-24 and educational attainment for age 4 and above. Data extracted on 25 February 2025.,Female,,Quintile 2,Lower secondary education,,,31.75689
2008,Kenya DHS 2008-09. The survey collected data on school attendance for age 4-24 and educational attainment for age 4 and above. Data extracted on 25 February 2025.,Female,,Quintile 2,Lower secondary education,,,53.04952
2014,Kenya DHS 2014. The survey collected data on school attendance for age 3-24 and educational attainment for age 3 and above. Data extracted on 25 February 2025.,Female,,Quintile 2,Lower secondary education,,,64.89601
2022,Kenya  DHS 2022.  The survey collected data on school attendance for age 3-24 and educational attainment for age 3 and above. Data extracted on 25 February 2025.,Female,,Quintile 2,Lower secondary education,,,87.14211
2003,Kenya DHS 2003. The survey collected data on school attendance for age 4-24 and educational attainment for age 4 and above. Data extracted on 25 February 2025.,Female,,Quintile 2,Upper secondary education,,,6.03035
2008,Kenya DHS 2008-09. The survey collected data on school attendance for age 4-24 and educational attainment for age 4 and above. Data extracted on 25 February 2025.,Female,,Quintile 2,Upper secondary education,,,9.83301
2014,Kenya DHS 2014. The survey collected data on school attendance for age 3-24 and educational attainment for age 3 and above. Data extracted on 25 February 2025.,Female,,Quintile 2,Upper secondary education,,,17.31205
2022,Kenya  DHS 2022.  The survey collected data on school attendance for age 3-24 and educational attainment for age 3 and above. Data extracted on 25 February 2025.,Female,,Quintile 2,Upper secondary education,,,37.1559
2003,Kenya DHS 2003. The survey collected data on school attendance for age 4-24 and educational attainment for age 4 and above. Data extracted on 25 February 2025.,Female,,Quintile 3,Primary education,,,61.87583
2008,Kenya DHS 2008-09. The survey collected data on school attendance for age 4-24 and educational attainment for age 4 and above. Data extracted on 25 February 2025.,Female,,Quintile 3,Primary education,,,89.609
2014,Kenya DHS 2014. The survey collected data on school attendance for age 3-24 and educational attainment for age 3 and above. Data extracted on 25 February 2025.,Female,,Quintile 3,Primary education,,,92.0153
2022,Kenya  DHS 2022.  The survey collected data on school attendance for age 3-24 and educational attainment for age 3 and above. Data extracted on 25 February 2025.,Female,,Quintile 3,Primary education,,,94.8272
2003,Kenya DHS 2003. The survey collected data on school attendance for age 4-24 and educational attainment for age 4 and above. Data extracted on 25 February 2025.,Female,,Quintile 3,Lower secondary education,,,37.26308
2008,Kenya DHS 2008-09. The survey collected data on school attendance for age 4-24 and educational attainment for age 4 and above. Data extracted on 25 February 2025.,Female,,Quintile 3,Lower secondary education,,,62.98494
2014,Kenya DHS 2014. The survey collected data on school attendance for age 3-24 and educational attainment for age 3 and above. Data extracted on 25 February 2025.,Female,,Quintile 3,Lower secondary education,,,78.72468
2022,Kenya  DHS 2022.  The survey collected data on school attendance for age 3-24 and educational attainment for age 3 and above. Data extracted on 25 February 2025.,Female,,Quintile 3,Lower secondary education,,,90.36229
2003,Kenya DHS 2003. The survey collected data on school attendance for age 4-24 and educational attainment for age 4 and above. Data extracted on 25 February 2025.,Female,,Quintile 3,Upper secondary education,,,12.0998
2008,Kenya DHS 2008-09. The survey collected data on school attendance for age 4-24 and educational attainment for age 4 and above. Data extracted on 25 February 2025.,Female,,Quintile 3,Upper secondary education,,,20.83632
2014,Kenya DHS 2014. The survey collected data on school attendance for age 3-24 and educational attainment for age 3 and above. Data extracted on 25 February 2025.,Female,,Quintile 3,Upper secondary education,,,30.00813
2022,Kenya  DHS 2022.  The survey collected data on school attendance for age 3-24 and educational attainment for age 3 and above. Data extracted on 25 February 2025.,Female,,Quintile 3,Upper secondary education,,,55.10072
2003,Kenya DHS 2003. The survey collected data on school attendance for age 4-24 and educational attainment for age 4 and above. Data extracted on 25 February 2025.,Female,,Quintile 4,Primary education,,,71.63715
2008,Kenya DHS 2008-09. The survey collected data on school attendance for age 4-24 and educational attainment for age 4 and above. Data extracted on 25 February 2025.,Female,,Quintile 4,Primary education,,,90.67276
2014,Kenya DHS 2014. The survey collected data on school attendance for age 3-24 and educational attainment for age 3 and above. Data extracted on 25 February 2025.,Female,,Quintile 4,Primary education,,,94.43129
2022,Kenya  DHS 2022.  The survey collected data on school attendance for age 3-24 and educational attainment for age 3 and above. Data extracted on 25 February 2025.,Female,,Quintile 4,Primary education,,,97.09714
2003,Kenya DHS 2003. The survey collected data on school attendance for age 4-24 and educational attainment for age 4 and above. Data extracted on 25 February 2025.,Female,,Quintile 4,Lower secondary education,,,47.54901
2008,Kenya DHS 2008-09. The survey collected data on school attendance for age 4-24 and educational attainment for age 4 and above. Data extracted on 25 February 2025.,Female,,Quintile 4,Lower secondary education,,,74.91334
2014,Kenya DHS 2014. The survey collected data on school attendance for age 3-24 and educational attainment for age 3 and above. Data extracted on 25 February 2025.,Female,,Quintile 4,Lower secondary education,,,86.73576
2022,Kenya  DHS 2022.  The survey collected data on school attendance for age 3-24 and educational attainment for age 3 and above. Data extracted on 25 February 2025.,Female,,Quintile 4,Lower secondary education,,,93.50502
2003,Kenya DHS 2003. The survey collected data on school attendance for age 4-24 and educational attainment for age 4 and above. Data extracted on 25 February 2025.,Female,,Quintile 4,Upper secondary education,,,27.29717
2008,Kenya DHS 2008-09. The survey collected data on school attendance for age 4-24 and educational attainment for age 4 and above. Data extracted on 25 February 2025.,Female,,Quintile 4,Upper secondary education,,,33.75875
2014,Kenya DHS 2014. The survey collected data on school attendance for age 3-24 and educational attainment for age 3 and above. Data extracted on 25 February 2025.,Female,,Quintile 4,Upper secondary education,,,47.76114
2022,Kenya  DHS 2022.  The survey collected data on school attendance for age 3-24 and educational attainment for age 3 and above. Data extracted on 25 February 2025.,Female,,Quintile 4,Upper secondary education,,,70.87253
2003,Kenya DHS 2003. The survey collected data on school attendance for age 4-24 and educational attainment for age 4 and above. Data extracted on 25 February 2025.,Female,,Quintile 5 (richest),Primary education,,,78.64272
2008,Kenya DHS 2008-09. The survey collected data on school attendance for age 4-24 and educational attainment for age 4 and above. Data extracted on 25 February 2025.,Female,,Quintile 5 (richest),Primary education,,,93.89525
2014,Kenya DHS 2014. The survey collected data on school attendance for age 3-24 and educational attainment for age 3 and above. Data extracted on 25 February 2025.,Female,,Quintile 5 (richest),Primary education,,,96.76065
2022,Kenya  DHS 2022.  The survey collected data on school attendance for age 3-24 and educational attainment for age 3 and above. Data extracted on 25 February 2025.,Female,,Quintile 5 (richest),Primary education,,,95.99506
2003,Kenya DHS 2003. The survey collected data on school attendance for age 4-24 and educational attainment for age 4 and above. Data extracted on 25 February 2025.,Female,,Quintile 5 (richest),Lower secondary education,,,69.70127
2008,Kenya DHS 2008-09. The survey collected data on school attendance for age 4-24 and educational attainment for age 4 and above. Data extracted on 25 February 2025.,Female,,Quintile 5 (richest),Lower secondary education,,,84.8485
2014,Kenya DHS 2014. The survey collected data on school attendance for age 3-24 and educational attainment for age 3 and above. Data extracted on 25 February 2025.,Female,,Quintile 5 (richest),Lower secondary education,,,91.68333
2022,Kenya  DHS 2022.  The survey collected data on school attendance for age 3-24 and educational attainment for age 3 and above. Data extracted on 25 February 2025.,Female,,Quintile 5 (richest),Lower secondary education,,,93.57852
2003,Kenya DHS 2003. The survey collected data on school attendance for age 4-24 and educational attainment for age 4 and above. Data extracted on 25 February 2025.,Female,,Quintile 5 (richest),Upper secondary education,,,42.44449
2008,Kenya DHS 2008-09. The survey collected data on school attendance for age 4-24 and educational attainment for age 4 and above. Data extracted on 25 February 2025.,Female,,Quintile 5 (richest),Upper secondary education,,,52.072
2014,Kenya DHS 2014. The survey collected data on school attendance for age 3-24 and educational attainment for age 3 and above. Data extracted on 25 February 2025.,Female,,Quintile 5 (richest),Upper secondary education,,,65.9257
2022,Kenya  DHS 2022.  The survey collected data on school attendance for age 3-24 and educational attainment for age 3 and above. Data extracted on 25 February 2025.,Female,,Quintile 5 (richest),Upper secondary education,,,79.10293
2003,Kenya DHS 2003. The survey collected data on school attendance for age 4-24 and educational attainment for age 4 and above. Data extracted on 25 February 2025.,Female,Rural,,Primary education,,,56.1542
2008,Kenya DHS 2008-09. The survey collected data on school attendance for age 4-24 and educational attainment for age 4 and above. Data extracted on 25 February 2025.,Female,Rural,,Primary education,,,80.37366
2009,"Kenya Population and Housing Census 2009. IPUMS-International, National Bureau of Statistics. Data extracted on 25 February 2025.",Female,Rural,,Primary education,,,57.38077
2014,Kenya DHS 2014. The survey collected data on school attendance for age 3-24 and educational attainment for age 3 and above. Data extracted on 25 February 2025.,Female,Rural,,Primary education,,,84.3605
2019,Kenya Continuous Household Survey Programme (KCHSP) 2019. The survey collected data on school attendance and attainment for age 3 and above. Data extracted on 25 February 2025.,Female,Rural,,Primary education,,,82.19805
2020,Kenya Continuous Household Survey Programme (KCHSP) 2020. The survey collected data on school attendance and attainment for age 3 and above. Data extracted on 25 February 2025.,Female,Rural,,Primary education,,,79.35527
2022,Kenya  DHS 2022.  The survey collected data on school attendance for age 3-24 and educational attainment for age 3 and above. Data extracted on 25 February 2025.,Female,Rural,,Primary education,,,93.06289
2003,Kenya DHS 2003. The survey collected data on school attendance for age 4-24 and educational attainment for age 4 and above. Data extracted on 25 February 2025.,Female,Rural,,Lower secondary education,,,34.37784
2008,Kenya DHS 2008-09. The survey collected data on school attendance for age 4-24 and educational attainment for age 4 and above. Data extracted on 25 February 2025.,Female,Rural,,Lower secondary education,,,58.93851
2009,"Kenya Population and Housing Census 2009. IPUMS-International, National Bureau of Statistics. Data extracted on 25 February 2025.",Female,Rural,,Lower secondary education,,,42.63336
2014,Kenya DHS 2014. The survey collected data on school attendance for age 3-24 and educational attainment for age 3 and above. Data extracted on 25 February 2025.,Female,Rural,,Lower secondary education,,,69.27919
2019,Kenya Continuous Household Survey Programme (KCHSP) 2019. The survey collected data on school attendance and attainment for age 3 and above. Data extracted on 25 February 2025.,Female,Rural,,Lower secondary education,,,73.08651
2020,Kenya Continuous Household Survey Programme (KCHSP) 2020. The survey collected data on school attendance and attainment for age 3 and above. Data extracted on 25 February 2025.,Female,Rural,,Lower secondary education,,,72.30387
2022,Kenya  DHS 2022.  The survey collected data on school attendance for age 3-24 and educational attainment for age 3 and above. Data extracted on 25 February 2025.,Female,Rural,,Lower secondary education,,,83.31569
2003,Kenya DHS 2003. The survey collected data on school attendance for age 4-24 and educational attainment for age 4 and above. Data extracted on 25 February 2025.,Female,Rural,,Upper secondary education,,,16.8324
2008,Kenya DHS 2008-09. The survey collected data on school attendance for age 4-24 and educational attainment for age 4 and above. Data extracted on 25 February 2025.,Female,Rural,,Upper secondary education,,,19.20605
2009,"Kenya Population and Housing Census 2009. IPUMS-International, National Bureau of Statistics. Data extracted on 25 February 2025.",Female,Rural,,Upper secondary education,,,16.43911
2014,Kenya DHS 2014. The survey collected data on school attendance for age 3-24 and educational attainment for age 3 and above. Data extracted on 25 February 2025.,Female,Rural,,Upper secondary education,,,25.15977
2019,Kenya Continuous Household Survey Programme (KCHSP) 2019. The survey collected data on school attendance and attainment for age 3 and above. Data extracted on 25 February 2025.,Female,Rural,,Upper secondary education,,,45.72992
2020,Kenya Continuous Household Survey Programme (KCHSP) 2020. The survey collected data on school attendance and attainment for age 3 and above. Data extracted on 25 February 2025.,Female,Rural,,Upper secondary education,,,41.49407
2022,Kenya  DHS 2022.  The survey collected data on school attendance for age 3-24 and educational attainment for age 3 and above. Data extracted on 25 February 2025.,Female,Rural,,Upper secondary education,,,45.17669
2003,Kenya DHS 2003. The survey collected data on school attendance for age 4-24 and educational attainment for age 4 and above. Data extracted on 25 February 2025.,Female,Rural,Quintile 1 (poorest),Primary education,,,32.39841
2008,Kenya DHS 2008-09. The survey collected data on school attendance for age 4-24 and educational attainment for age 4 and above. Data extracted on 25 February 2025.,Female,Rural,Quintile 1 (poorest),Primary education,,,55.2394
2014,Kenya DHS 2014. The survey collected data on school attendance for age 3-24 and educational attainment for age 3 and above. Data extracted on 25 February 2025.,Female,Rural,Quintile 1 (poorest),Primary education,,,64.39322
2022,Kenya  DHS 2022.  The survey collected data on school attendance for age 3-24 and educational attainment for age 3 and above. Data extracted on 25 February 2025.,Female,Rural,Quintile 1 (poorest),Primary education,,,84.2087
2003,Kenya DHS 2003. The survey collected data on school attendance for age 4-24 and educational attainment for age 4 and above. Data extracted on 25 February 2025.,Female,Rural,Quintile 1 (poorest),Lower secondary education,,,12.62506
2008,Kenya DHS 2008-09. The survey collected data on school attendance for age 4-24 and educational attainment for age 4 and above. Data extracted on 25 February 2025.,Female,Rural,Quintile 1 (poorest),Lower secondary education,,,32.56792
2014,Kenya DHS 2014. The survey collected data on school attendance for age 3-24 and educational attainment for age 3 and above. Data extracted on 25 February 2025.,Female,Rural,Quintile 1 (poorest),Lower secondary education,,,41.65333
2022,Kenya  DHS 2022.  The survey collected data on school attendance for age 3-24 and educational attainment for age 3 and above. Data extracted on 25 February 2025.,Female,Rural,Quintile 1 (poorest),Lower secondary education,,,64.73075
2003,Kenya DHS 2003. The survey collected data on school attendance for age 4-24 and educational attainment for age 4 and above. Data extracted on 25 February 2025.,Female,Rural,Quintile 1 (poorest),Upper secondary education,,,1.94243
2008,Kenya DHS 2008-09. The survey collected data on school attendance for age 4-24 and educational attainment for age 4 and above. Data extracted on 25 February 2025.,Female,Rural,Quintile 1 (poorest),Upper secondary education,,,2.65227
2014,Kenya DHS 2014. The survey collected data on school attendance for age 3-24 and educational attainment for age 3 and above. Data extracted on 25 February 2025.,Female,Rural,Quintile 1 (poorest),Upper secondary education,,,6.11585
2022,Kenya  DHS 2022.  The survey collected data on school attendance for age 3-24 and educational attainment for age 3 and above. Data extracted on 25 February 2025.,Female,Rural,Quintile 1 (poorest),Upper secondary education,,,19.5915
2003,Kenya DHS 2003. The survey collected data on school attendance for age 4-24 and educational attainment for age 4 and above. Data extracted on 25 February 2025.,Female,Rural,Quintile 2,Primary education,,,51.90604
2008,Kenya DHS 2008-09. The survey collected data on school attendance for age 4-24 and educational attainment for age 4 and above. Data extracted on 25 February 2025.,Female,Rural,Quintile 2,Primary education,,,81.1317
2014,Kenya DHS 2014. The survey collected data on school attendance for age 3-24 and educational attainment for age 3 and above. Data extracted on 25 February 2025.,Female,Rural,Quintile 2,Primary education,,,82.80466
2022,Kenya  DHS 2022.  The survey collected data on school attendance for age 3-24 and educational attainment for age 3 and above. Data extracted on 25 February 2025.,Female,Rural,Quintile 2,Primary education,,,95.46089
2003,Kenya DHS 2003. The survey collected data on school attendance for age 4-24 and educational attainment for age 4 and above. Data extracted on 25 February 2025.,Female,Rural,Quintile 2,Lower secondary education,,,30.84498
2008,Kenya DHS 2008-09. The survey collected data on school attendance for age 4-24 and educational attainment for age 4 and above. Data extracted on 25 February 2025.,Female,Rural,Quintile 2,Lower secondary education,,,53.26991
2014,Kenya DHS 2014. The survey collected data on school attendance for age 3-24 and educational attainment for age 3 and above. Data extracted on 25 February 2025.,Female,Rural,Quintile 2,Lower secondary education,,,63.09947
2022,Kenya  DHS 2022.  The survey collected data on school attendance for age 3-24 and educational attainment for age 3 and above. Data extracted on 25 February 2025.,Female,Rural,Quintile 2,Lower secondary education,,,87.53583
2003,Kenya DHS 2003. The survey collected data on school attendance for age 4-24 and educational attainment for age 4 and above. Data extracted on 25 February 2025.,Female,Rural,Quintile 2,Upper secondary education,,,5.80449
2008,Kenya DHS 2008-09. The survey collected data on school attendance for age 4-24 and educational attainment for age 4 and above. Data extracted on 25 February 2025.,Female,Rural,Quintile 2,Upper secondary education,,,9.64492
2014,Kenya DHS 2014. The survey collected data on school attendance for age 3-24 and educational attainment for age 3 and above. Data extracted on 25 February 2025.,Female,Rural,Quintile 2,Upper secondary education,,,17.35036
2022,Kenya  DHS 2022.  The survey collected data on school attendance for age 3-24 and educational attainment for age 3 and above. Data extracted on 25 February 2025.,Female,Rural,Quintile 2,Upper secondary education,,,37.63288
2003,Kenya DHS 2003. The survey collected data on school attendance for age 4-24 and educational attainment for age 4 and above. Data extracted on 25 February 2025.,Female,Rural,Quintile 3,Primary education,,,62.6789
2008,Kenya DHS 2008-09. The survey collected data on school attendance for age 4-24 and educational attainment for age 4 and above. Data extracted on 25 February 2025.,Female,Rural,Quintile 3,Primary education,,,89.91129
2014,Kenya DHS 2014. The survey collected data on school attendance for age 3-24 and educational attainment for age 3 and above. Data extracted on 25 February 2025.,Female,Rural,Quintile 3,Primary education,,,92.08154
2022,Kenya  DHS 2022.  The survey collected data on school attendance for age 3-24 and educational attainment for age 3 and above. Data extracted on 25 February 2025.,Female,Rural,Quintile 3,Primary education,,,96.67346
2003,Kenya DHS 2003. The survey collected data on school attendance for age 4-24 and educational attainment for age 4 and above. Data extracted on 25 February 2025.,Female,Rural,Quintile 3,Lower secondary education,,,36.79879
2008,Kenya DHS 2008-09. The survey collected data on school attendance for age 4-24 and educational attainment for age 4 and above. Data extracted on 25 February 2025.,Female,Rural,Quintile 3,Lower secondary education,,,63.28865
2014,Kenya DHS 2014. The survey collected data on school attendance for age 3-24 and educational attainment for age 3 and above. Data extracted on 25 February 2025.,Female,Rural,Quintile 3,Lower secondary education,,,79.9354
2022,Kenya  DHS 2022.  The survey collected data on school attendance for age 3-24 and educational attainment for age 3 and above. Data extracted on 25 February 2025.,Female,Rural,Quintile 3,Lower secondary education,,,91.13861
2003,Kenya DHS 2003. The survey collected data on school attendance for age 4-24 and educational attainment for age 4 and above. Data extracted on 25 February 2025.,Female,Rural,Quintile 3,Upper secondary education,,,12.03638
2008,Kenya DHS 2008-09. The survey collected data on school attendance for age 4-24 and educational attainment for age 4 and above. Data extracted on 25 February 2025.,Female,Rural,Quintile 3,Upper secondary education,,,21.12228
2014,Kenya DHS 2014. The survey collected data on school attendance for age 3-24 and educational attainment for age 3 and above. Data extracted on 25 February 2025.,Female,Rural,Quintile 3,Upper secondary education,,,29.82922
2022,Kenya  DHS 2022.  The survey collected data on school attendance for age 3-24 and educational attainment for age 3 and above. Data extracted on 25 February 2025.,Female,Rural,Quintile 3,Upper secondary education,,,57.99063
2003,Kenya DHS 2003. The survey collected data on school attendance for age 4-24 and educational attainment for age 4 and above. Data extracted on 25 February 2025.,Female,Rural,Quintile 4,Primary education,,,74.39435
2008,Kenya DHS 2008-09. The survey collected data on school attendance for age 4-24 and educational attainment for age 4 and above. Data extracted on 25 February 2025.,Female,Rural,Quintile 4,Primary education,,,91.66142
2014,Kenya DHS 2014. The survey collected data on school attendance for age 3-24 and educational attainment for age 3 and above. Data extracted on 25 February 2025.,Female,Rural,Quintile 4,Primary education,,,95.19285
2022,Kenya  DHS 2022.  The survey collected data on school attendance for age 3-24 and educational attainment for age 3 and above. Data extracted on 25 February 2025.,Female,Rural,Quintile 4,Primary education,,,99.44142
2003,Kenya DHS 2003. The survey collected data on school attendance for age 4-24 and educational attainment for age 4 and above. Data extracted on 25 February 2025.,Female,Rural,Quintile 4,Lower secondary education,,,47.79108
2008,Kenya DHS 2008-09. The survey collected data on school attendance for age 4-24 and educational attainment for age 4 and above. Data extracted on 25 February 2025.,Female,Rural,Quintile 4,Lower secondary education,,,77.89349
2014,Kenya DHS 2014. The survey collected data on school attendance for age 3-24 and educational attainment for age 3 and above. Data extracted on 25 February 2025.,Female,Rural,Quintile 4,Lower secondary education,,,87.04456
2022,Kenya  DHS 2022.  The survey collected data on school attendance for age 3-24 and educational attainment for age 3 and above. Data extracted on 25 February 2025.,Female,Rural,Quintile 4,Lower secondary education,,,93.40202
2003,Kenya DHS 2003. The survey collected data on school attendance for age 4-24 and educational attainment for age 4 and above. Data extracted on 25 February 2025.,Female,Rural,Quintile 4,Upper secondary education,,,28.91223
2008,Kenya DHS 2008-09. The survey collected data on school attendance for age 4-24 and educational attainment for age 4 and above. Data extracted on 25 February 2025.,Female,Rural,Quintile 4,Upper secondary education,,,37.32138
2014,Kenya DHS 2014. The survey collected data on school attendance for age 3-24 and educational attainment for age 3 and above. Data extracted on 25 February 2025.,Female,Rural,Quintile 4,Upper secondary education,,,46.47997
2022,Kenya  DHS 2022.  The survey collected data on school attendance for age 3-24 and educational attainment for age 3 and above. Data extracted on 25 February 2025.,Female,Rural,Quintile 4,Upper secondary education,,,72.46736
2003,Kenya DHS 2003. The survey collected data on school attendance for age 4-24 and educational attainment for age 4 and above. Data extracted on 25 February 2025.,Female,Rural,Quintile 5 (richest),Primary education,,,73.33128
2008,Kenya DHS 2008-09. The survey collected data on school attendance for age 4-24 and educational attainment for age 4 and above. Data extracted on 25 February 2025.,Female,Rural,Quintile 5 (richest),Primary education,,,97.67208
2014,Kenya DHS 2014. The survey collected data on school attendance for age 3-24 and educational attainment for age 3 and above. Data extracted on 25 February 2025.,Female,Rural,Quintile 5 (richest),Primary education,,,97.49504
2022,Kenya  DHS 2022.  The survey collected data on school attendance for age 3-24 and educational attainment for age 3 and above. Data extracted on 25 February 2025.,Female,Rural,Quintile 5 (richest),Primary education,,,96.49683
2003,Kenya DHS 2003. The survey collected data on school attendance for age 4-24 and educational attainment for age 4 and above. Data extracted on 25 February 2025.,Female,Rural,Quintile 5 (richest),Lower secondary education,,,67.24764
2008,Kenya DHS 2008-09. The survey collected data on school attendance for age 4-24 and educational attainment for age 4 and above. Data extracted on 25 February 2025.,Female,Rural,Quintile 5 (richest),Lower secondary education,,,92.15762
2014,Kenya DHS 2014. The survey collected data on school attendance for age 3-24 and educational attainment for age 3 and above. Data extracted on 25 February 2025.,Female,Rural,Quintile 5 (richest),Lower secondary education,,,94.83353
2022,Kenya  DHS 2022.  The survey collected data on school attendance for age 3-24 and educational attainment for age 3 and above. Data extracted on 25 February 2025.,Female,Rural,Quintile 5 (richest),Lower secondary education,,,92.16786
2003,Kenya DHS 2003. The survey collected data on school attendance for age 4-24 and educational attainment for age 4 and above. Data extracted on 25 February 2025.,Female,Rural,Quintile 5 (richest),Upper secondary education,,,48.0565
2008,Kenya DHS 2008-09. The survey collected data on school attendance for age 4-24 and educational attainment for age 4 and above. Data extracted on 25 February 2025.,Female,Rural,Quintile 5 (richest),Upper secondary education,,,29.90977
2014,Kenya DHS 2014. The survey collected data on school attendance for age 3-24 and educational attainment for age 3 and above. Data extracted on 25 February 2025.,Female,Rural,Quintile 5 (richest),Upper secondary education,,,61.40414
2022,Kenya  DHS 2022.  The survey collected data on school attendance for age 3-24 and educational attainment for age 3 and above. Data extracted on 25 February 2025.,Female,Rural,Quintile 5 (richest),Upper secondary education,,,72.94485
2003,Kenya DHS 2003. The survey collected data on school attendance for age 4-24 and educational attainment for age 4 and above. Data extracted on 25 February 2025.,Female,Urban,,Primary education,,,71.16354
2008,Kenya DHS 2008-09. The survey collected data on school attendance for age 4-24 and educational attainment for age 4 and above. Data extracted on 25 February 2025.,Female,Urban,,Primary education,,,89.91421
2009,"Kenya Population and Housing Census 2009. IPUMS-International, National Bureau of Statistics. Data extracted on 25 February 2025.",Female,Urban,,Primary education,,,79.00182
2014,Kenya DHS 2014. The survey collected data on school attendance for age 3-24 and educational attainment for age 3 and above. Data extracted on 25 February 2025.,Female,Urban,,Primary education,,,93.12418
2019,Kenya Continuous Household Survey Programme (KCHSP) 2019. The survey collected data on school attendance and attainment for age 3 and above. Data extracted on 25 February 2025.,Female,Urban,,Primary education,,,90.16363
2020,Kenya Continuous Household Survey Programme (KCHSP) 2020. The survey collected data on school attendance and attainment for age 3 and above. Data extracted on 25 February 2025.,Female,Urban,,Primary education,,,90.53031
2022,Kenya  DHS 2022.  The survey collected data on school attendance for age 3-24 and educational attainment for age 3 and above. Data extracted on 25 February 2025.,Female,Urban,,Primary education,,,92.61596
2003,Kenya DHS 2003. The survey collected data on school attendance for age 4-24 and educational attainment for age 4 and above. Data extracted on 25 February 2025.,Female,Urban,,Lower secondary education,,,65.11391
2008,Kenya DHS 2008-09. The survey collected data on school attendance for age 4-24 and educational attainment for age 4 and above. Data extracted on 25 February 2025.,Female,Urban,,Lower secondary education,,,77.39091
2009,"Kenya Population and Housing Census 2009. IPUMS-International, National Bureau of Statistics. Data extracted on 25 February 2025.",Female,Urban,,Lower secondary education,,,69.39132
2014,Kenya DHS 2014. The survey collected data on school attendance for age 3-24 and educational attainment for age 3 and above. Data extracted on 25 February 2025.,Female,Urban,,Lower secondary education,,,84.98324
2019,Kenya Continuous Household Survey Programme (KCHSP) 2019. The survey collected data on school attendance and attainment for age 3 and above. Data extracted on 25 February 2025.,Female,Urban,,Lower secondary education,,,85.57998
2020,Kenya Continuous Household Survey Programme (KCHSP) 2020. The survey collected data on school attendance and attainment for age 3 and above. Data extracted on 25 February 2025.,Female,Urban,,Lower secondary education,,,85.90051
2022,Kenya  DHS 2022.  The survey collected data on school attendance for age 3-24 and educational attainment for age 3 and above. Data extracted on 25 February 2025.,Female,Urban,,Lower secondary education,,,91.8931
2003,Kenya DHS 2003. The survey collected data on school attendance for age 4-24 and educational attainment for age 4 and above. Data extracted on 25 February 2025.,Female,Urban,,Upper secondary education,,,36.67688
2008,Kenya DHS 2008-09. The survey collected data on school attendance for age 4-24 and educational attainment for age 4 and above. Data extracted on 25 February 2025.,Female,Urban,,Upper secondary education,,,51.38657
2009,"Kenya Population and Housing Census 2009. IPUMS-International, National Bureau of Statistics. Data extracted on 25 February 2025.",Female,Urban,,Upper secondary education,,,40.55969
2014,Kenya DHS 2014. The survey collected data on school attendance for age 3-24 and educational attainment for age 3 and above. Data extracted on 25 February 2025.,Female,Urban,,Upper secondary education,,,54.25954
2019,Kenya Continuous Household Survey Programme (KCHSP) 2019. The survey collected data on school attendance and attainment for age 3 and above. Data extracted on 25 February 2025.,Female,Urban,,Upper secondary education,,,71.07521
2020,Kenya Continuous Household Survey Programme (KCHSP) 2020. The survey collected data on school attendance and attainment for age 3 and above. Data extracted on 25 February 2025.,Female,Urban,,Upper secondary education,,,70.67973
2022,Kenya  DHS 2022.  The survey collected data on school attendance for age 3-24 and educational attainment for age 3 and above. Data extracted on 25 February 2025.,Female,Urban,,Upper secondary education,,,72.14145
2003,Kenya DHS 2003. The survey collected data on school attendance for age 4-24 and educational attainment for age 4 and above. Data extracted on 25 February 2025.,Female,Urban,Quintile 1 (poorest),Primary education,This data point is NOT APPLICABLE for the submitting nation.,This data point is NOT APPLICABLE for the submitting nation.,0.0
2008,Kenya DHS 2008-09. The survey collected data on school attendance for age 4-24 and educational attainment for age 4 and above. Data extracted on 25 February 2025.,Female,Urban,Quintile 1 (poorest),Primary education,This data point is NOT APPLICABLE for the submitting nation.,This data point is NOT APPLICABLE for the submitting nation.,0.0
2014,Kenya DHS 2014. The survey collected data on school attendance for age 3-24 and educational attainment for age 3 and above. Data extracted on 25 February 2025.,Female,Urban,Quintile 1 (poorest),Primary education,This data point is NOT APPLICABLE for the submitting nation.,,73.86967
2022,Kenya  DHS 2022.  The survey collected data on school attendance for age 3-24 and educational attainment for age 3 and above. Data extracted on 25 February 2025.,Female,Urban,Quintile 1 (poorest),Primary education,This data point is NOT APPLICABLE for the submitting nation.,,68.6414
2003,Kenya DHS 2003. The survey collected data on school attendance for age 4-24 and educational attainment for age 4 and above. Data extracted on 25 February 2025.,Female,Urban,Quintile 1 (poorest),Lower secondary education,This data point is NOT APPLICABLE for the submitting nation.,This data point is NOT APPLICABLE for the submitting nation.,0.0
2008,Kenya DHS 2008-09. The survey collected data on school attendance for age 4-24 and educational attainment for age 4 and above. Data extracted on 25 February 2025.,Female,Urban,Quintile 1 (poorest),Lower secondary education,This data point is NOT APPLICABLE for the submitting nation.,This data point is NOT APPLICABLE for the submitting nation.,0.0
2014,Kenya DHS 2014. The survey collected data on school attendance for age 3-24 and educational attainment for age 3 and above. Data extracted on 25 February 2025.,Female,Urban,Quintile 1 (poorest),Lower secondary education,This data point is NOT APPLICABLE for the submitting nation.,,50.70241
2022,Kenya  DHS 2022.  The survey collected data on school attendance for age 3-24 and educational attainment for age 3 and above. Data extracted on 25 February 2025.,Female,Urban,Quintile 1 (poorest),Lower secondary education,This data point is NOT APPLICABLE for the submitting nation.,,55.25026
2003,Kenya DHS 2003. The survey collected data on school attendance for age 4-24 and educational attainment for age 4 and above. Data extracted on 25 February 2025.,Female,Urban,Quintile 1 (poorest),Upper secondary education,This data point is NOT APPLICABLE for the submitting nation.,This data point is NOT APPLICABLE for the submitting nation.,0.0
2008,Kenya DHS 2008-09. The survey collected data on school attendance for age 4-24 and educational attainment for age 4 and above. Data extracted on 25 February 2025.,Female,Urban,Quintile 1 (poorest),Upper secondary education,This data point is NOT APPLICABLE for the submitting nation.,This data point is NOT APPLICABLE for the submitting nation.,0.0
2014,Kenya DHS 2014. The survey collected data on school attendance for age 3-24 and educational attainment for age 3 and above. Data extracted on 25 February 2025.,Female,Urban,Quintile 1 (poorest),Upper secondary education,This data point is NOT APPLICABLE for the submitting nation.,,10.00264
2022,Kenya  DHS 2022.  The survey collected data on school attendance for age 3-24 and educational attainment for age 3 and above. Data extracted on 25 February 2025.,Female,Urban,Quintile 1 (poorest),Upper secondary education,This data point is NOT APPLICABLE for the submitting nation.,,16.04578
2003,Kenya DHS 2003. The survey collected data on school attendance for age 4-24 and educational attainment for age 4 and above. Data extracted on 25 February 2025.,Female,Urban,Quintile 2,Primary education,This data point is NOT APPLICABLE for the submitting nation.,This data point is NOT APPLICABLE for the submitting nation.,0.0
2008,Kenya DHS 2008-09. The survey collected data on school attendance for age 4-24 and educational attainment for age 4 and above. Data extracted on 25 February 2025.,Female,Urban,Quintile 2,Primary education,This data point is NOT APPLICABLE for the submitting nation.,This data point is NOT APPLICABLE for the submitting nation.,0.0
2014,Kenya DHS 2014. The survey collected data on school attendance for age 3-24 and educational attainment for age 3 and above. Data extracted on 25 February 2025.,Female,Urban,Quintile 2,Primary education,This data point is NOT APPLICABLE for the submitting nation.,,89.02718
2022,Kenya  DHS 2022.  The survey collected data on school attendance for age 3-24 and educational attainment for age 3 and above. Data extracted on 25 February 2025.,Female,Urban,Quintile 2,Primary education,This data point is NOT APPLICABLE for the submitting nation.,,83.56286
2003,Kenya DHS 2003. The survey collected data on school attendance for age 4-24 and educational attainment for age 4 and above. Data extracted on 25 February 2025.,Female,Urban,Quintile 2,Lower secondary education,This data point is NOT APPLICABLE for the submitting nation.,This data point is NOT APPLICABLE for the submitting nation.,0.0
2008,Kenya DHS 2008-09. The survey collected data on school attendance for age 4-24 and educational attainment for age 4 and above. Data extracted on 25 February 2025.,Female,Urban,Quintile 2,Lower secondary education,This data point is NOT APPLICABLE for the submitting nation.,This data point is NOT APPLICABLE for the submitting nation.,0.0
2014,Kenya DHS 2014. The survey collected data on school attendance for age 3-24 and educational attainment for age 3 and above. Data extracted on 25 February 2025.,Female,Urban,Quintile 2,Lower secondary education,This data point is NOT APPLICABLE for the submitting nation.,,76.50084
2022,Kenya  DHS 2022.  The survey collected data on school attendance for age 3-24 and educational attainment for age 3 and above. Data extracted on 25 February 2025.,Female,Urban,Quintile 2,Lower secondary education,This data point is NOT APPLICABLE for the submitting nation.,,78.5209
2003,Kenya DHS 2003. The survey collected data on school attendance for age 4-24 and educational attainment for age 4 and above. Data extracted on 25 February 2025.,Female,Urban,Quintile 2,Upper secondary education,This data point is NOT APPLICABLE for the submitting nation.,This data point is NOT APPLICABLE for the submitting nation.,0.0
2008,Kenya DHS 2008-09. The survey collected data on school attendance for age 4-24 and educational attainment for age 4 and above. Data extracted on 25 February 2025.,Female,Urban,Quintile 2,Upper secondary education,This data point is NOT APPLICABLE for the submitting nation.,This data point is NOT APPLICABLE for the submitting nation.,0.0
2014,Kenya DHS 2014. The survey collected data on school attendance for age 3-24 and educational attainment for age 3 and above. Data extracted on 25 February 2025.,Female,Urban,Quintile 2,Upper secondary education,This data point is NOT APPLICABLE for the submitting nation.,,17.06181
2022,Kenya  DHS 2022.  The survey collected data on school attendance for age 3-24 and educational attainment for age 3 and above. Data extracted on 25 February 2025.,Female,Urban,Quintile 2,Upper secondary education,This data point is NOT APPLICABLE for the submitting nation.,,29.58772
2003,Kenya DHS 2003. The survey collected data on school attendance for age 4-24 and educational attainment for age 4 and above. Data extracted on 25 February 2025.,Female,Urban,Quintile 3,Primary education,This data point is NOT APPLICABLE for the submitting nation.,This data point is NOT APPLICABLE for the submitting nation.,0.0
2008,Kenya DHS 2008-09. The survey collected data on school attendance for age 4-24 and educational attainment for age 4 and above. Data extracted on 25 February 2025.,Female,Urban,Quintile 3,Primary education,This data point is NOT APPLICABLE for the submitting nation.,This data point is NOT APPLICABLE for the submitting nation.,0.0
2014,Kenya DHS 2014. The survey collected data on school attendance for age 3-24 and educational attainment for age 3 and above. Data extracted on 25 February 2025.,Female,Urban,Quintile 3,Primary education,This data point is NOT APPLICABLE for the submitting nation.,,91.65432
2022,Kenya  DHS 2022.  The survey collected data on school attendance for age 3-24 and educational attainment for age 3 and above. Data extracted on 25 February 2025.,Female,Urban,Quintile 3,Primary education,This data point is NOT APPLICABLE for the submitting nation.,,84.00476
2003,Kenya DHS 2003. The survey collected data on school attendance for age 4-24 and educational attainment for age 4 and above. Data extracted on 25 February 2025.,Female,Urban,Quintile 3,Lower secondary education,This data point is NOT APPLICABLE for the submitting nation.,,47.17474
2008,Kenya DHS 2008-09. The survey collected data on school attendance for age 4-24 and educational attainment for age 4 and above. Data extracted on 25 February 2025.,Female,Urban,Quintile 3,Lower secondary education,This data point is NOT APPLICABLE for the submitting nation.,This data point is NOT APPLICABLE for the submitting nation.,0.0
2014,Kenya DHS 2014. The survey collected data on school attendance for age 3-24 and educational attainment for age 3 and above. Data extracted on 25 February 2025.,Female,Urban,Quintile 3,Lower secondary education,This data point is NOT APPLICABLE for the submitting nation.,,73.1673
2022,Kenya  DHS 2022.  The survey collected data on school attendance for age 3-24 and educational attainment for age 3 and above. Data extracted on 25 February 2025.,Female,Urban,Quintile 3,Lower secondary education,This data point is NOT APPLICABLE for the submitting nation.,,86.26388
2003,Kenya DHS 2003. The survey collected data on school attendance for age 4-24 and educational attainment for age 4 and above. Data extracted on 25 February 2025.,Female,Urban,Quintile 3,Upper secondary education,This data point is NOT APPLICABLE for the submitting nation.,This data point is NOT APPLICABLE for the submitting nation.,0.0
2008,Kenya DHS 2008-09. The survey collected data on school attendance for age 4-24 and educational attainment for age 4 and above. Data extracted on 25 February 2025.,Female,Urban,Quintile 3,Upper secondary education,This data point is NOT APPLICABLE for the submitting nation.,This data point is NOT APPLICABLE for the submitting nation.,0.0
2014,Kenya DHS 2014. The survey collected data on school attendance for age 3-24 and educational attainment for age 3 and above. Data extracted on 25 February 2025.,Female,Urban,Quintile 3,Upper secondary education,This data point is NOT APPLICABLE for the submitting nation.,,30.57231
2022,Kenya  DHS 2022.  The survey collected data on school attendance for age 3-24 and educational attainment for age 3 and above. Data extracted on 25 February 2025.,Female,Urban,Quintile 3,Upper secondary education,This data point is NOT APPLICABLE for the submitting nation.,,44.55263
2003,Kenya DHS 2003. The survey collected data on school attendance for age 4-24 and educational attainment for age 4 and above. Data extracted on 25 February 2025.,Female,Urban,Quintile 4,Primary education,,,55.77922
2008,Kenya DHS 2008-09. The survey collected data on school attendance for age 4-24 and educational attainment for age 4 and above. Data extracted on 25 February 2025.,Female,Urban,Quintile 4,Primary education,,,84.94332
2014,Kenya DHS 2014. The survey collected data on school attendance for age 3-24 and educational attainment for age 3 and above. Data extracted on 25 February 2025.,Female,Urban,Quintile 4,Primary education,,,92.91311
2022,Kenya  DHS 2022.  The survey collected data on school attendance for age 3-24 and educational attainment for age 3 and above. Data extracted on 25 February 2025.,Female,Urban,Quintile 4,Primary education,,,94.54495
2003,Kenya DHS 2003. The survey collected data on school attendance for age 4-24 and educational attainment for age 4 and above. Data extracted on 25 February 2025.,Female,Urban,Quintile 4,Lower secondary education,,,45.86682
2008,Kenya DHS 2008-09. The survey collected data on school attendance for age 4-24 and educational attainment for age 4 and above. Data extracted on 25 February 2025.,Female,Urban,Quintile 4,Lower secondary education,,,65.26824
2014,Kenya DHS 2014. The survey collected data on school attendance for age 3-24 and educational attainment for age 3 and above. Data extracted on 25 February 2025.,Female,Urban,Quintile 4,Lower secondary education,,,86.27882
2022,Kenya  DHS 2022.  The survey collected data on school attendance for age 3-24 and educational attainment for age 3 and above. Data extracted on 25 February 2025.,Female,Urban,Quintile 4,Lower secondary education,,,93.58032
2003,Kenya DHS 2003. The survey collected data on school attendance for age 4-24 and educational attainment for age 4 and above. Data extracted on 25 February 2025.,Female,Urban,Quintile 4,Upper secondary education,,,19.73304
2008,Kenya DHS 2008-09. The survey collected data on school attendance for age 4-24 and educational attainment for age 4 and above. Data extracted on 25 February 2025.,Female,Urban,Quintile 4,Upper secondary education,,,20.06174
2014,Kenya DHS 2014. The survey collected data on school attendance for age 3-24 and educational attainment for age 3 and above. Data extracted on 25 February 2025.,Female,Urban,Quintile 4,Upper secondary education,,,48.65127
2022,Kenya  DHS 2022.  The survey collected data on school attendance for age 3-24 and educational attainment for age 3 and above. Data extracted on 25 February 2025.,Female,Urban,Quintile 4,Upper secondary education,,,70.10801
2003,Kenya DHS 2003. The survey collected data on school attendance for age 4-24 and educational attainment for age 4 and above. Data extracted on 25 February 2025.,Female,Urban,Quintile 5 (richest),Primary education,,,80.53748
2008,Kenya DHS 2008-09. The survey collected data on school attendance for age 4-24 and educational attainment for age 4 and above. Data extracted on 25 February 2025.,Female,Urban,Quintile 5 (richest),Primary education,,,92.88964
2014,Kenya DHS 2014. The survey collected data on school attendance for age 3-24 and educational attainment for age 3 and above. Data extracted on 25 February 2025.,Female,Urban,Quintile 5 (richest),Primary education,,,96.59921
2022,Kenya  DHS 2022.  The survey collected data on school attendance for age 3-24 and educational attainment for age 3 and above. Data extracted on 25 February 2025.,Female,Urban,Quintile 5 (richest),Primary education,,,95.93366
2003,Kenya DHS 2003. The survey collected data on school attendance for age 4-24 and educational attainment for age 4 and above. Data extracted on 25 February 2025.,Female,Urban,Quintile 5 (richest),Lower secondary education,,,70.47428
2008,Kenya DHS 2008-09. The survey collected data on school attendance for age 4-24 and educational attainment for age 4 and above. Data extracted on 25 February 2025.,Female,Urban,Quintile 5 (richest),Lower secondary education,,,82.5367
2014,Kenya DHS 2014. The survey collected data on school attendance for age 3-24 and educational attainment for age 3 and above. Data extracted on 25 February 2025.,Female,Urban,Quintile 5 (richest),Lower secondary education,,,91.08182
2022,Kenya  DHS 2022.  The survey collected data on school attendance for age 3-24 and educational attainment for age 3 and above. Data extracted on 25 February 2025.,Female,Urban,Quintile 5 (richest),Lower secondary education,,,93.72687
2003,Kenya DHS 2003. The survey collected data on school attendance for age 4-24 and educational attainment for age 4 and above. Data extracted on 25 February 2025.,Female,Urban,Quintile 5 (richest),Upper secondary education,,,41.06223
2008,Kenya DHS 2008-09. The survey collected data on school attendance for age 4-24 and educational attainment for age 4 and above. Data extracted on 25 February 2025.,Female,Urban,Quintile 5 (richest),Upper secondary education,,,58.16042
2014,Kenya DHS 2014. The survey collected data on school attendance for age 3-24 and educational attainment for age 3 and above. Data extracted on 25 February 2025.,Female,Urban,Quintile 5 (richest),Upper secondary education,,,66.33952
2022,Kenya  DHS 2022.  The survey collected data on school attendance for age 3-24 and educational attainment for age 3 and above. Data extracted on 25 February 2025.,Female,Urban,Quintile 5 (richest),Upper secondary education,,,79.52505
2000,Kenya MICS 2000 (GEMR). Data extracted on 25 February 2025.,Male,,,Primary education,,,58.69
2003,Kenya DHS 2003. The survey collected data on school attendance for age 4-24 and educational attainment for age 4 and above. Data extracted on 25 February 2025.,Male,,,Primary education,,,52.15145
2008,Kenya DHS 2008-09. The survey collected data on school attendance for age 4-24 and educational attainment for age 4 and above. Data extracted on 25 February 2025.,Male,,,Primary education,,,74.97364
2009,"Kenya Population and Housing Census 2009. IPUMS-International, National Bureau of Statistics. Data extracted on 25 February 2025.",Male,,,Primary education,,,55.21893
2014,Kenya DHS 2014. The survey collected data on school attendance for age 3-24 and educational attainment for age 3 and above. Data extracted on 25 February 2025.,Male,,,Primary education,,,81.44463
2019,Kenya Continuous Household Survey Programme (KCHSP) 2019. The survey collected data on school attendance and attainment for age 3 and above. Data extracted on 25 February 2025.,Male,,,Primary education,,,77.15805
2020,Kenya Continuous Household Survey Programme (KCHSP) 2020. The survey collected data on school attendance and attainment for age 3 and above. Data extracted on 25 February 2025.,Male,,,Primary education,,,74.02484
2022,Kenya  DHS 2022.  The survey collected data on school attendance for age 3-24 and educational attainment for age 3 and above. Data extracted on 25 February 2025.,Male,,,Primary education,,,88.26057
2000,Kenya MICS 2000 (GEMR). Data extracted on 25 February 2025.,Male,,,Lower secondary education,,,40.31
2003,Kenya DHS 2003. The survey collected data on school attendance for age 4-24 and educational attainment for age 4 and above. Data extracted on 25 February 2025.,Male,,,Lower secondary education,,,34.53988
2008,Kenya DHS 2008-09. The survey collected data on school attendance for age 4-24 and educational attainment for age 4 and above. Data extracted on 25 February 2025.,Male,,,Lower secondary education,,,59.7528
2009,"Kenya Population and Housing Census 2009. IPUMS-International, National Bureau of Statistics. Data extracted on 25 February 2025.",Male,,,Lower secondary education,,,44.24417
2014,Kenya DHS 2014. The survey collected data on school attendance for age 3-24 and educational attainment for age 3 and above. Data extracted on 25 February 2025.,Male,,,Lower secondary education,,,66.09058
2019,Kenya Continuous Household Survey Programme (KCHSP) 2019. The survey collected data on school attendance and attainment for age 3 and above. Data extracted on 25 February 2025.,Male,,,Lower secondary education,,,68.2362
2020,Kenya Continuous Household Survey Programme (KCHSP) 2020. The survey collected data on school attendance and attainment for age 3 and above. Data extracted on 25 February 2025.,Male,,,Lower secondary education,,,67.48188
2022,Kenya  DHS 2022.  The survey collected data on school attendance for age 3-24 and educational attainment for age 3 and above. Data extracted on 25 February 2025.,Male,,,Lower secondary education,,,81.39845
2000,Kenya MICS 2000 (GEMR). Data extracted on 25 February 2025.,Male,,,Upper secondary education,,,27.26
2003,Kenya DHS 2003. The survey collected data on school attendance for age 4-24 and educational attainment for age 4 and above. Data extracted on 25 February 2025.,Male,,,Upper secondary education,,,26.573
2008,Kenya DHS 2008-09. The survey collected data on school attendance for age 4-24 and educational attainment for age 4 and above. Data extracted on 25 February 2025.,Male,,,Upper secondary education,,,34.04493
2009,"Kenya Population and Housing Census 2009. IPUMS-International, National Bureau of Statistics. Data extracted on 25 February 2025.",Male,,,Upper secondary education,,,27.01418
2014,Kenya DHS 2014. The survey collected data on school attendance for age 3-24 and educational attainment for age 3 and above. Data extracted on 25 February 2025.,Male,,,Upper secondary education,,,46.02232
2019,Kenya Continuous Household Survey Programme (KCHSP) 2019. The survey collected data on school attendance and attainment for age 3 and above. Data extracted on 25 February 2025.,Male,,,Upper secondary education,,,54.9698
2020,Kenya Continuous Household Survey Programme (KCHSP) 2020. The survey collected data on school attendance and attainment for age 3 and above. Data extracted on 25 February 2025.,Male,,,Upper secondary education,,,49.36638
2022,Kenya  DHS 2022.  The survey collected data on school attendance for age 3-24 and educational attainment for age 3 and above. Data extracted on 25 February 2025.,Male,,,Upper secondary education,,,59.52291
2003,Kenya DHS 2003. The survey collected data on school attendance for age 4-24 and educational attainment for age 4 and above. Data extracted on 25 February 2025.,Male,,Quintile 1 (poorest),Primary education,,,26.39594
2008,Kenya DHS 2008-09. The survey collected data on school attendance for age 4-24 and educational attainment for age 4 and above. Data extracted on 25 February 2025.,Male,,Quintile 1 (poorest),Primary education,,,59.85287
2014,Kenya DHS 2014. The survey collected data on school attendance for age 3-24 and educational attainment for age 3 and above. Data extracted on 25 February 2025.,Male,,Quintile 1 (poorest),Primary education,,,61.37722
2022,Kenya  DHS 2022.  The survey collected data on school attendance for age 3-24 and educational attainment for age 3 and above. Data extracted on 25 February 2025.,Male,,Quintile 1 (poorest),Primary education,,,73.23978
2003,Kenya DHS 2003. The survey collected data on school attendance for age 4-24 and educational attainment for age 4 and above. Data extracted on 25 February 2025.,Male,,Quintile 1 (poorest),Lower secondary education,,,12.5649
2008,Kenya DHS 2008-09. The survey collected data on school attendance for age 4-24 and educational attainment for age 4 and above. Data extracted on 25 February 2025.,Male,,Quintile 1 (poorest),Lower secondary education,,,33.82306
2014,Kenya DHS 2014. The survey collected data on school attendance for age 3-24 and educational attainment for age 3 and above. Data extracted on 25 February 2025.,Male,,Quintile 1 (poorest),Lower secondary education,,,40.93308
2022,Kenya  DHS 2022.  The survey collected data on school attendance for age 3-24 and educational attainment for age 3 and above. Data extracted on 25 February 2025.,Male,,Quintile 1 (poorest),Lower secondary education,,,64.04891
2003,Kenya DHS 2003. The survey collected data on school attendance for age 4-24 and educational attainment for age 4 and above. Data extracted on 25 February 2025.,Male,,Quintile 1 (poorest),Upper secondary education,,,11.22456
2008,Kenya DHS 2008-09. The survey collected data on school attendance for age 4-24 and educational attainment for age 4 and above. Data extracted on 25 February 2025.,Male,,Quintile 1 (poorest),Upper secondary education,,,10.94532
2014,Kenya DHS 2014. The survey collected data on school attendance for age 3-24 and educational attainment for age 3 and above. Data extracted on 25 February 2025.,Male,,Quintile 1 (poorest),Upper secondary education,,,16.60727
2022,Kenya  DHS 2022.  The survey collected data on school attendance for age 3-24 and educational attainment for age 3 and above. Data extracted on 25 February 2025.,Male,,Quintile 1 (poorest),Upper secondary education,,,25.26725
2003,Kenya DHS 2003. The survey collected data on school attendance for age 4-24 and educational attainment for age 4 and above. Data extracted on 25 February 2025.,Male,,Quintile 2,Primary education,,,47.55175
2008,Kenya DHS 2008-09. The survey collected data on school attendance for age 4-24 and educational attainment for age 4 and above. Data extracted on 25 February 2025.,Male,,Quintile 2,Primary education,,,69.7235
2014,Kenya DHS 2014. The survey collected data on school attendance for age 3-24 and educational attainment for age 3 and above. Data extracted on 25 February 2025.,Male,,Quintile 2,Primary education,,,77.27235
2022,Kenya  DHS 2022.  The survey collected data on school attendance for age 3-24 and educational attainment for age 3 and above. Data extracted on 25 February 2025.,Male,,Quintile 2,Primary education,,,91.75215
2003,Kenya DHS 2003. The survey collected data on school attendance for age 4-24 and educational attainment for age 4 and above. Data extracted on 25 February 2025.,Male,,Quintile 2,Lower secondary education,,,26.85765
2008,Kenya DHS 2008-09. The survey collected data on school attendance for age 4-24 and educational attainment for age 4 and above. Data extracted on 25 February 2025.,Male,,Quintile 2,Lower secondary education,,,56.53886
2014,Kenya DHS 2014. The survey collected data on school attendance for age 3-24 and educational attainment for age 3 and above. Data extracted on 25 February 2025.,Male,,Quintile 2,Lower secondary education,,,54.66718
2022,Kenya  DHS 2022.  The survey collected data on school attendance for age 3-24 and educational attainment for age 3 and above. Data extracted on 25 February 2025.,Male,,Quintile 2,Lower secondary education,,,79.94279
2003,Kenya DHS 2003. The survey collected data on school attendance for age 4-24 and educational attainment for age 4 and above. Data extracted on 25 February 2025.,Male,,Quintile 2,Upper secondary education,,,15.46367
2008,Kenya DHS 2008-09. The survey collected data on school attendance for age 4-24 and educational attainment for age 4 and above. Data extracted on 25 February 2025.,Male,,Quintile 2,Upper secondary education,,,16.1074
2014,Kenya DHS 2014. The survey collected data on school attendance for age 3-24 and educational attainment for age 3 and above. Data extracted on 25 February 2025.,Male,,Quintile 2,Upper secondary education,,,26.30542
2022,Kenya  DHS 2022.  The survey collected data on school attendance for age 3-24 and educational attainment for age 3 and above. Data extracted on 25 February 2025.,Male,,Quintile 2,Upper secondary education,,,42.64556
2003,Kenya DHS 2003. The survey collected data on school attendance for age 4-24 and educational attainment for age 4 and above. Data extracted on 25 February 2025.,Male,,Quintile 3,Primary education,,,54.945
2008,Kenya DHS 2008-09. The survey collected data on school attendance for age 4-24 and educational attainment for age 4 and above. Data extracted on 25 February 2025.,Male,,Quintile 3,Primary education,,,78.24142
2014,Kenya DHS 2014. The survey collected data on school attendance for age 3-24 and educational attainment for age 3 and above. Data extracted on 25 February 2025.,Male,,Quintile 3,Primary education,,,85.10945
2022,Kenya  DHS 2022.  The survey collected data on school attendance for age 3-24 and educational attainment for age 3 and above. Data extracted on 25 February 2025.,Male,,Quintile 3,Primary education,,,92.48901
2003,Kenya DHS 2003. The survey collected data on school attendance for age 4-24 and educational attainment for age 4 and above. Data extracted on 25 February 2025.,Male,,Quintile 3,Lower secondary education,,,29.42469
2008,Kenya DHS 2008-09. The survey collected data on school attendance for age 4-24 and educational attainment for age 4 and above. Data extracted on 25 February 2025.,Male,,Quintile 3,Lower secondary education,,,56.04182
2014,Kenya DHS 2014. The survey collected data on school attendance for age 3-24 and educational attainment for age 3 and above. Data extracted on 25 February 2025.,Male,,Quintile 3,Lower secondary education,,,68.19985
2022,Kenya  DHS 2022.  The survey collected data on school attendance for age 3-24 and educational attainment for age 3 and above. Data extracted on 25 February 2025.,Male,,Quintile 3,Lower secondary education,,,85.06045
2003,Kenya DHS 2003. The survey collected data on school attendance for age 4-24 and educational attainment for age 4 and above. Data extracted on 25 February 2025.,Male,,Quintile 3,Upper secondary education,,,17.47046
2008,Kenya DHS 2008-09. The survey collected data on school attendance for age 4-24 and educational attainment for age 4 and above. Data extracted on 25 February 2025.,Male,,Quintile 3,Upper secondary education,,,27.23036
2014,Kenya DHS 2014. The survey collected data on school attendance for age 3-24 and educational attainment for age 3 and above. Data extracted on 25 February 2025.,Male,,Quintile 3,Upper secondary education,,,36.53636
2022,Kenya  DHS 2022.  The survey collected data on school attendance for age 3-24 and educational attainment for age 3 and above. Data extracted on 25 February 2025.,Male,,Quintile 3,Upper secondary education,,,51.60231
2003,Kenya DHS 2003. The survey collected data on school attendance for age 4-24 and educational attainment for age 4 and above. Data extracted on 25 February 2025.,Male,,Quintile 4,Primary education,,,64.94747
2008,Kenya DHS 2008-09. The survey collected data on school attendance for age 4-24 and educational attainment for age 4 and above. Data extracted on 25 February 2025.,Male,,Quintile 4,Primary education,,,86.1681
2014,Kenya DHS 2014. The survey collected data on school attendance for age 3-24 and educational attainment for age 3 and above. Data extracted on 25 February 2025.,Male,,Quintile 4,Primary education,,,91.93283
2022,Kenya  DHS 2022.  The survey collected data on school attendance for age 3-24 and educational attainment for age 3 and above. Data extracted on 25 February 2025.,Male,,Quintile 4,Primary education,,,95.42748
2003,Kenya DHS 2003. The survey collected data on school attendance for age 4-24 and educational attainment for age 4 and above. Data extracted on 25 February 2025.,Male,,Quintile 4,Lower secondary education,,,46.43713
2008,Kenya DHS 2008-09. The survey collected data on school attendance for age 4-24 and educational attainment for age 4 and above. Data extracted on 25 February 2025.,Male,,Quintile 4,Lower secondary education,,,67.04131
2014,Kenya DHS 2014. The survey collected data on school attendance for age 3-24 and educational attainment for age 3 and above. Data extracted on 25 February 2025.,Male,,Quintile 4,Lower secondary education,,,79.15527
2022,Kenya  DHS 2022.  The survey collected data on school attendance for age 3-24 and educational attainment for age 3 and above. Data extracted on 25 February 2025.,Male,,Quintile 4,Lower secondary education,,,92.81799
2003,Kenya DHS 2003. The survey collected data on school attendance for age 4-24 and educational attainment for age 4 and above. Data extracted on 25 February 2025.,Male,,Quintile 4,Upper secondary education,,,27.84309
2008,Kenya DHS 2008-09. The survey collected data on school attendance for age 4-24 and educational attainment for age 4 and above. Data extracted on 25 February 2025.,Male,,Quintile 4,Upper secondary education,,,40.90727
2014,Kenya DHS 2014. The survey collected data on school attendance for age 3-24 and educational attainment for age 3 and above. Data extracted on 25 February 2025.,Male,,Quintile 4,Upper secondary education,,,51.50649
2022,Kenya  DHS 2022.  The survey collected data on school attendance for age 3-24 and educational attainment for age 3 and above. Data extracted on 25 February 2025.,Male,,Quintile 4,Upper secondary education,,,73.96232
2003,Kenya DHS 2003. The survey collected data on school attendance for age 4-24 and educational attainment for age 4 and above. Data extracted on 25 February 2025.,Male,,Quintile 5 (richest),Primary education,,,78.08635
2008,Kenya DHS 2008-09. The survey collected data on school attendance for age 4-24 and educational attainment for age 4 and above. Data extracted on 25 February 2025.,Male,,Quintile 5 (richest),Primary education,,,85.0134
2014,Kenya DHS 2014. The survey collected data on school attendance for age 3-24 and educational attainment for age 3 and above. Data extracted on 25 February 2025.,Male,,Quintile 5 (richest),Primary education,,,96.27117
2022,Kenya  DHS 2022.  The survey collected data on school attendance for age 3-24 and educational attainment for age 3 and above. Data extracted on 25 February 2025.,Male,,Quintile 5 (richest),Primary education,,,92.82971
2003,Kenya DHS 2003. The survey collected data on school attendance for age 4-24 and educational attainment for age 4 and above. Data extracted on 25 February 2025.,Male,,Quintile 5 (richest),Lower secondary education,,,64.69184
2008,Kenya DHS 2008-09. The survey collected data on school attendance for age 4-24 and educational attainment for age 4 and above. Data extracted on 25 February 2025.,Male,,Quintile 5 (richest),Lower secondary education,,,84.75324
2014,Kenya DHS 2014. The survey collected data on school attendance for age 3-24 and educational attainment for age 3 and above. Data extracted on 25 February 2025.,Male,,Quintile 5 (richest),Lower secondary education,,,92.84322
2022,Kenya  DHS 2022.  The survey collected data on school attendance for age 3-24 and educational attainment for age 3 and above. Data extracted on 25 February 2025.,Male,,Quintile 5 (richest),Lower secondary education,,,91.77952
2003,Kenya DHS 2003. The survey collected data on school attendance for age 4-24 and educational attainment for age 4 and above. Data extracted on 25 February 2025.,Male,,Quintile 5 (richest),Upper secondary education,,,45.07735
2008,Kenya DHS 2008-09. The survey collected data on school attendance for age 4-24 and educational attainment for age 4 and above. Data extracted on 25 February 2025.,Male,,Quintile 5 (richest),Upper secondary education,,,54.31807
2014,Kenya DHS 2014. The survey collected data on school attendance for age 3-24 and educational attainment for age 3 and above. Data extracted on 25 February 2025.,Male,,Quintile 5 (richest),Upper secondary education,,,76.92648
2022,Kenya  DHS 2022.  The survey collected data on school attendance for age 3-24 and educational attainment for age 3 and above. Data extracted on 25 February 2025.,Male,,Quintile 5 (richest),Upper secondary education,,,86.96155
2003,Kenya DHS 2003. The survey collected data on school attendance for age 4-24 and educational attainment for age 4 and above. Data extracted on 25 February 2025.,Male,Rural,,Primary education,,,49.14667
2008,Kenya DHS 2008-09. The survey collected data on school attendance for age 4-24 and educational attainment for age 4 and above. Data extracted on 25 February 2025.,Male,Rural,,Primary education,,,73.50549
2009,"Kenya Population and Housing Census 2009. IPUMS-International, National Bureau of Statistics. Data extracted on 25 February 2025.",Male,Rural,,Primary education,,,49.2485
2014,Kenya DHS 2014. The survey collected data on school attendance for age 3-24 and educational attainment for age 3 and above. Data extracted on 25 February 2025.,Male,Rural,,Primary education,,,78.12824
2019,Kenya Continuous Household Survey Programme (KCHSP) 2019. The survey collected data on school attendance and attainment for age 3 and above. Data extracted on 25 February 2025.,Male,Rural,,Primary education,,,74.76442
2020,Kenya Continuous Household Survey Programme (KCHSP) 2020. The survey collected data on school attendance and attainment for age 3 and above. Data extracted on 25 February 2025.,Male,Rural,,Primary education,,,70.60422
2022,Kenya  DHS 2022.  The survey collected data on school attendance for age 3-24 and educational attainment for age 3 and above. Data extracted on 25 February 2025.,Male,Rural,,Primary education,,,87.51534
2003,Kenya DHS 2003. The survey collected data on school attendance for age 4-24 and educational attainment for age 4 and above. Data extracted on 25 February 2025.,Male,Rural,,Lower secondary education,,,29.89764
2008,Kenya DHS 2008-09. The survey collected data on school attendance for age 4-24 and educational attainment for age 4 and above. Data extracted on 25 February 2025.,Male,Rural,,Lower secondary education,,,56.56104
2009,"Kenya Population and Housing Census 2009. IPUMS-International, National Bureau of Statistics. Data extracted on 25 February 2025.",Male,Rural,,Lower secondary education,,,36.98643
2014,Kenya DHS 2014. The survey collected data on school attendance for age 3-24 and educational attainment for age 3 and above. Data extracted on 25 February 2025.,Male,Rural,,Lower secondary education,,,60.52995
2019,Kenya Continuous Household Survey Programme (KCHSP) 2019. The survey collected data on school attendance and attainment for age 3 and above. Data extracted on 25 February 2025.,Male,Rural,,Lower secondary education,,,64.61508
2020,Kenya Continuous Household Survey Programme (KCHSP) 2020. The survey collected data on school attendance and attainment for age 3 and above. Data extracted on 25 February 2025.,Male,Rural,,Lower secondary education,,,63.74816
2022,Kenya  DHS 2022.  The survey collected data on school attendance for age 3-24 and educational attainment for age 3 and above. Data extracted on 25 February 2025.,Male,Rural,,Lower secondary education,,,78.94735
2003,Kenya DHS 2003. The survey collected data on school attendance for age 4-24 and educational attainment for age 4 and above. Data extracted on 25 February 2025.,Male,Rural,,Upper secondary education,,,19.66545
2008,Kenya DHS 2008-09. The survey collected data on school attendance for age 4-24 and educational attainment for age 4 and above. Data extracted on 25 February 2025.,Male,Rural,,Upper secondary education,,,26.79042
2009,"Kenya Population and Housing Census 2009. IPUMS-International, National Bureau of Statistics. Data extracted on 25 February 2025.",Male,Rural,,Upper secondary education,,,17.59607
2014,Kenya DHS 2014. The survey collected data on school attendance for age 3-24 and educational attainment for age 3 and above. Data extracted on 25 February 2025.,Male,Rural,,Upper secondary education,,,34.26939
2019,Kenya Continuous Household Survey Programme (KCHSP) 2019. The survey collected data on school attendance and attainment for age 3 and above. Data extracted on 25 February 2025.,Male,Rural,,Upper secondary education,,,44.34096
2020,Kenya Continuous Household Survey Programme (KCHSP) 2020. The survey collected data on school attendance and attainment for age 3 and above. Data extracted on 25 February 2025.,Male,Rural,,Upper secondary education,,,41.35015
2022,Kenya  DHS 2022.  The survey collected data on school attendance for age 3-24 and educational attainment for age 3 and above. Data extracted on 25 February 2025.,Male,Rural,,Upper secondary education,,,48.11604
2003,Kenya DHS 2003. The survey collected data on school attendance for age 4-24 and educational attainment for age 4 and above. Data extracted on 25 February 2025.,Male,Rural,Quintile 1 (poorest),Primary education,,,26.18831
2008,Kenya DHS 2008-09. The survey collected data on school attendance for age 4-24 and educational attainment for age 4 and above. Data extracted on 25 February 2025.,Male,Rural,Quintile 1 (poorest),Primary education,,,60.00734
2014,Kenya DHS 2014. The survey collected data on school attendance for age 3-24 and educational attainment for age 3 and above. Data extracted on 25 February 2025.,Male,Rural,Quintile 1 (poorest),Primary education,,,58.9868
2022,Kenya  DHS 2022.  The survey collected data on school attendance for age 3-24 and educational attainment for age 3 and above. Data extracted on 25 February 2025.,Male,Rural,Quintile 1 (poorest),Primary education,,,73.40306
2003,Kenya DHS 2003. The survey collected data on school attendance for age 4-24 and educational attainment for age 4 and above. Data extracted on 25 February 2025.,Male,Rural,Quintile 1 (poorest),Lower secondary education,,,12.04897
2008,Kenya DHS 2008-09. The survey collected data on school attendance for age 4-24 and educational attainment for age 4 and above. Data extracted on 25 February 2025.,Male,Rural,Quintile 1 (poorest),Lower secondary education,,,33.79094
2014,Kenya DHS 2014. The survey collected data on school attendance for age 3-24 and educational attainment for age 3 and above. Data extracted on 25 February 2025.,Male,Rural,Quintile 1 (poorest),Lower secondary education,,,39.59629
2022,Kenya  DHS 2022.  The survey collected data on school attendance for age 3-24 and educational attainment for age 3 and above. Data extracted on 25 February 2025.,Male,Rural,Quintile 1 (poorest),Lower secondary education,,,64.29983
2003,Kenya DHS 2003. The survey collected data on school attendance for age 4-24 and educational attainment for age 4 and above. Data extracted on 25 February 2025.,Male,Rural,Quintile 1 (poorest),Upper secondary education,,,11.35485
2008,Kenya DHS 2008-09. The survey collected data on school attendance for age 4-24 and educational attainment for age 4 and above. Data extracted on 25 February 2025.,Male,Rural,Quintile 1 (poorest),Upper secondary education,,,11.01412
2014,Kenya DHS 2014. The survey collected data on school attendance for age 3-24 and educational attainment for age 3 and above. Data extracted on 25 February 2025.,Male,Rural,Quintile 1 (poorest),Upper secondary education,,,17.56753
2022,Kenya  DHS 2022.  The survey collected data on school attendance for age 3-24 and educational attainment for age 3 and above. Data extracted on 25 February 2025.,Male,Rural,Quintile 1 (poorest),Upper secondary education,,,24.49861
2003,Kenya DHS 2003. The survey collected data on school attendance for age 4-24 and educational attainment for age 4 and above. Data extracted on 25 February 2025.,Male,Rural,Quintile 2,Primary education,,,47.1944
2008,Kenya DHS 2008-09. The survey collected data on school attendance for age 4-24 and educational attainment for age 4 and above. Data extracted on 25 February 2025.,Male,Rural,Quintile 2,Primary education,,,69.6829
2014,Kenya DHS 2014. The survey collected data on school attendance for age 3-24 and educational attainment for age 3 and above. Data extracted on 25 February 2025.,Male,Rural,Quintile 2,Primary education,,,76.4377
2022,Kenya  DHS 2022.  The survey collected data on school attendance for age 3-24 and educational attainment for age 3 and above. Data extracted on 25 February 2025.,Male,Rural,Quintile 2,Primary education,,,91.95472
2003,Kenya DHS 2003. The survey collected data on school attendance for age 4-24 and educational attainment for age 4 and above. Data extracted on 25 February 2025.,Male,Rural,Quintile 2,Lower secondary education,,,26.37383
2008,Kenya DHS 2008-09. The survey collected data on school attendance for age 4-24 and educational attainment for age 4 and above. Data extracted on 25 February 2025.,Male,Rural,Quintile 2,Lower secondary education,,,56.18829
2014,Kenya DHS 2014. The survey collected data on school attendance for age 3-24 and educational attainment for age 3 and above. Data extracted on 25 February 2025.,Male,Rural,Quintile 2,Lower secondary education,,,54.31258
2022,Kenya  DHS 2022.  The survey collected data on school attendance for age 3-24 and educational attainment for age 3 and above. Data extracted on 25 February 2025.,Male,Rural,Quintile 2,Lower secondary education,,,80.36637
2003,Kenya DHS 2003. The survey collected data on school attendance for age 4-24 and educational attainment for age 4 and above. Data extracted on 25 February 2025.,Male,Rural,Quintile 2,Upper secondary education,,,15.68378
2008,Kenya DHS 2008-09. The survey collected data on school attendance for age 4-24 and educational attainment for age 4 and above. Data extracted on 25 February 2025.,Male,Rural,Quintile 2,Upper secondary education,,,16.24608
2014,Kenya DHS 2014. The survey collected data on school attendance for age 3-24 and educational attainment for age 3 and above. Data extracted on 25 February 2025.,Male,Rural,Quintile 2,Upper secondary education,,,25.12161
2022,Kenya  DHS 2022.  The survey collected data on school attendance for age 3-24 and educational attainment for age 3 and above. Data extracted on 25 February 2025.,Male,Rural,Quintile 2,Upper secondary education,,,42.42543
2003,Kenya DHS 2003. The survey collected data on school attendance for age 4-24 and educational attainment for age 4 and above. Data extracted on 25 February 2025.,Male,Rural,Quintile 3,Primary education,,,54.98394
2008,Kenya DHS 2008-09. The survey collected data on school attendance for age 4-24 and educational attainment for age 4 and above. Data extracted on 25 February 2025.,Male,Rural,Quintile 3,Primary education,,,77.70979
2014,Kenya DHS 2014. The survey collected data on school attendance for age 3-24 and educational attainment for age 3 and above. Data extracted on 25 February 2025.,Male,Rural,Quintile 3,Primary education,,,84.36843
2022,Kenya  DHS 2022.  The survey collected data on school attendance for age 3-24 and educational attainment for age 3 and above. Data extracted on 25 February 2025.,Male,Rural,Quintile 3,Primary education,,,93.51388
2003,Kenya DHS 2003. The survey collected data on school attendance for age 4-24 and educational attainment for age 4 and above. Data extracted on 25 February 2025.,Male,Rural,Quintile 3,Lower secondary education,,,29.7139
2008,Kenya DHS 2008-09. The survey collected data on school attendance for age 4-24 and educational attainment for age 4 and above. Data extracted on 25 February 2025.,Male,Rural,Quintile 3,Lower secondary education,,,56.36916
2014,Kenya DHS 2014. The survey collected data on school attendance for age 3-24 and educational attainment for age 3 and above. Data extracted on 25 February 2025.,Male,Rural,Quintile 3,Lower secondary education,,,67.76682
2022,Kenya  DHS 2022.  The survey collected data on school attendance for age 3-24 and educational attainment for age 3 and above. Data extracted on 25 February 2025.,Male,Rural,Quintile 3,Lower secondary education,,,86.19237
2003,Kenya DHS 2003. The survey collected data on school attendance for age 4-24 and educational attainment for age 4 and above. Data extracted on 25 February 2025.,Male,Rural,Quintile 3,Upper secondary education,,,16.63055
2008,Kenya DHS 2008-09. The survey collected data on school attendance for age 4-24 and educational attainment for age 4 and above. Data extracted on 25 February 2025.,Male,Rural,Quintile 3,Upper secondary education,,,27.48369
2014,Kenya DHS 2014. The survey collected data on school attendance for age 3-24 and educational attainment for age 3 and above. Data extracted on 25 February 2025.,Male,Rural,Quintile 3,Upper secondary education,,,38.01184
2022,Kenya  DHS 2022.  The survey collected data on school attendance for age 3-24 and educational attainment for age 3 and above. Data extracted on 25 February 2025.,Male,Rural,Quintile 3,Upper secondary education,,,53.08279
2003,Kenya DHS 2003. The survey collected data on school attendance for age 4-24 and educational attainment for age 4 and above. Data extracted on 25 February 2025.,Male,Rural,Quintile 4,Primary education,,,64.88518
2008,Kenya DHS 2008-09. The survey collected data on school attendance for age 4-24 and educational attainment for age 4 and above. Data extracted on 25 February 2025.,Male,Rural,Quintile 4,Primary education,,,87.20989
2014,Kenya DHS 2014. The survey collected data on school attendance for age 3-24 and educational attainment for age 3 and above. Data extracted on 25 February 2025.,Male,Rural,Quintile 4,Primary education,,,93.5545
2022,Kenya  DHS 2022.  The survey collected data on school attendance for age 3-24 and educational attainment for age 3 and above. Data extracted on 25 February 2025.,Male,Rural,Quintile 4,Primary education,,,96.29719
2003,Kenya DHS 2003. The survey collected data on school attendance for age 4-24 and educational attainment for age 4 and above. Data extracted on 25 February 2025.,Male,Rural,Quintile 4,Lower secondary education,,,46.10038
2008,Kenya DHS 2008-09. The survey collected data on school attendance for age 4-24 and educational attainment for age 4 and above. Data extracted on 25 February 2025.,Male,Rural,Quintile 4,Lower secondary education,,,68.30099
2014,Kenya DHS 2014. The survey collected data on school attendance for age 3-24 and educational attainment for age 3 and above. Data extracted on 25 February 2025.,Male,Rural,Quintile 4,Lower secondary education,,,79.69283
2022,Kenya  DHS 2022.  The survey collected data on school attendance for age 3-24 and educational attainment for age 3 and above. Data extracted on 25 February 2025.,Male,Rural,Quintile 4,Lower secondary education,,,92.43861
2003,Kenya DHS 2003. The survey collected data on school attendance for age 4-24 and educational attainment for age 4 and above. Data extracted on 25 February 2025.,Male,Rural,Quintile 4,Upper secondary education,,,29.75231
2008,Kenya DHS 2008-09. The survey collected data on school attendance for age 4-24 and educational attainment for age 4 and above. Data extracted on 25 February 2025.,Male,Rural,Quintile 4,Upper secondary education,,,43.26631
2014,Kenya DHS 2014. The survey collected data on school attendance for age 3-24 and educational attainment for age 3 and above. Data extracted on 25 February 2025.,Male,Rural,Quintile 4,Upper secondary education,,,50.91105
2022,Kenya  DHS 2022.  The survey collected data on school attendance for age 3-24 and educational attainment for age 3 and above. Data extracted on 25 February 2025.,Male,Rural,Quintile 4,Upper secondary education,,,74.49763
2003,Kenya DHS 2003. The survey collected data on school attendance for age 4-24 and educational attainment for age 4 and above. Data extracted on 25 February 2025.,Male,Rural,Quintile 5 (richest),Primary education,,,86.4172
2008,Kenya DHS 2008-09. The survey collected data on school attendance for age 4-24 and educational attainment for age 4 and above. Data extracted on 25 February 2025.,Male,Rural,Quintile 5 (richest),Primary education,,,82.75844
2014,Kenya DHS 2014. The survey collected data on school attendance for age 3-24 and educational attainment for age 3 and above. Data extracted on 25 February 2025.,Male,Rural,Quintile 5 (richest),Primary education,,,95.60145
2022,Kenya  DHS 2022.  The survey collected data on school attendance for age 3-24 and educational attainment for age 3 and above. Data extracted on 25 February 2025.,Male,Rural,Quintile 5 (richest),Primary education,,,96.27545
2003,Kenya DHS 2003. The survey collected data on school attendance for age 4-24 and educational attainment for age 4 and above. Data extracted on 25 February 2025.,Male,Rural,Quintile 5 (richest),Lower secondary education,,,62.66976
2008,Kenya DHS 2008-09. The survey collected data on school attendance for age 4-24 and educational attainment for age 4 and above. Data extracted on 25 February 2025.,Male,Rural,Quintile 5 (richest),Lower secondary education,,,92.17284
2014,Kenya DHS 2014. The survey collected data on school attendance for age 3-24 and educational attainment for age 3 and above. Data extracted on 25 February 2025.,Male,Rural,Quintile 5 (richest),Lower secondary education,,,90.37637
2022,Kenya  DHS 2022.  The survey collected data on school attendance for age 3-24 and educational attainment for age 3 and above. Data extracted on 25 February 2025.,Male,Rural,Quintile 5 (richest),Lower secondary education,,,86.22888
2003,Kenya DHS 2003. The survey collected data on school attendance for age 4-24 and educational attainment for age 4 and above. Data extracted on 25 February 2025.,Male,Rural,Quintile 5 (richest),Upper secondary education,,,27.52366
2008,Kenya DHS 2008-09. The survey collected data on school attendance for age 4-24 and educational attainment for age 4 and above. Data extracted on 25 February 2025.,Male,Rural,Quintile 5 (richest),Upper secondary education,,,37.01866
2014,Kenya DHS 2014. The survey collected data on school attendance for age 3-24 and educational attainment for age 3 and above. Data extracted on 25 February 2025.,Male,Rural,Quintile 5 (richest),Upper secondary education,,,69.34627
2022,Kenya  DHS 2022.  The survey collected data on school attendance for age 3-24 and educational attainment for age 3 and above. Data extracted on 25 February 2025.,Male,Rural,Quintile 5 (richest),Upper secondary education,,,71.64162
2003,Kenya DHS 2003. The survey collected data on school attendance for age 4-24 and educational attainment for age 4 and above. Data extracted on 25 February 2025.,Male,Urban,,Primary education,,,71.20611
2008,Kenya DHS 2008-09. The survey collected data on school attendance for age 4-24 and educational attainment for age 4 and above. Data extracted on 25 February 2025.,Male,Urban,,Primary education,,,83.95193
2009,"Kenya Population and Housing Census 2009. IPUMS-International, National Bureau of Statistics. Data extracted on 25 February 2025.",Male,Urban,,Primary education,,,73.50476
2014,Kenya DHS 2014. The survey collected data on school attendance for age 3-24 and educational attainment for age 3 and above. Data extracted on 25 February 2025.,Male,Urban,,Primary education,,,90.68627
2019,Kenya Continuous Household Survey Programme (KCHSP) 2019. The survey collected data on school attendance and attainment for age 3 and above. Data extracted on 25 February 2025.,Male,Urban,,Primary education,,,86.96505
2020,Kenya Continuous Household Survey Programme (KCHSP) 2020. The survey collected data on school attendance and attainment for age 3 and above. Data extracted on 25 February 2025.,Male,Urban,,Primary education,,,86.70284
2022,Kenya  DHS 2022.  The survey collected data on school attendance for age 3-24 and educational attainment for age 3 and above. Data extracted on 25 February 2025.,Male,Urban,,Primary education,,,90.91255
2003,Kenya DHS 2003. The survey collected data on school attendance for age 4-24 and educational attainment for age 4 and above. Data extracted on 25 February 2025.,Male,Urban,,Lower secondary education,,,58.50066
2008,Kenya DHS 2008-09. The survey collected data on school attendance for age 4-24 and educational attainment for age 4 and above. Data extracted on 25 February 2025.,Male,Urban,,Lower secondary education,,,75.63426
2009,"Kenya Population and Housing Census 2009. IPUMS-International, National Bureau of Statistics. Data extracted on 25 February 2025.",Male,Urban,,Lower secondary education,,,64.21375
2014,Kenya DHS 2014. The survey collected data on school attendance for age 3-24 and educational attainment for age 3 and above. Data extracted on 25 February 2025.,Male,Urban,,Lower secondary education,,,79.79667
2019,Kenya Continuous Household Survey Programme (KCHSP) 2019. The survey collected data on school attendance and attainment for age 3 and above. Data extracted on 25 February 2025.,Male,Urban,,Lower secondary education,,,81.27668
2020,Kenya Continuous Household Survey Programme (KCHSP) 2020. The survey collected data on school attendance and attainment for age 3 and above. Data extracted on 25 February 2025.,Male,Urban,,Lower secondary education,,,80.99878
2022,Kenya  DHS 2022.  The survey collected data on school attendance for age 3-24 and educational attainment for age 3 and above. Data extracted on 25 February 2025.,Male,Urban,,Lower secondary education,,,88.60346
2003,Kenya DHS 2003. The survey collected data on school attendance for age 4-24 and educational attainment for age 4 and above. Data extracted on 25 February 2025.,Male,Urban,,Upper secondary education,,,44.45691
2008,Kenya DHS 2008-09. The survey collected data on school attendance for age 4-24 and educational attainment for age 4 and above. Data extracted on 25 February 2025.,Male,Urban,,Upper secondary education,,,54.52406
2009,"Kenya Population and Housing Census 2009. IPUMS-International, National Bureau of Statistics. Data extracted on 25 February 2025.",Male,Urban,,Upper secondary education,,,43.38826
2014,Kenya DHS 2014. The survey collected data on school attendance for age 3-24 and educational attainment for age 3 and above. Data extracted on 25 February 2025.,Male,Urban,,Upper secondary education,,,58.95918
2019,Kenya Continuous Household Survey Programme (KCHSP) 2019. The survey collected data on school attendance and attainment for age 3 and above. Data extracted on 25 February 2025.,Male,Urban,,Upper secondary education,,,74.96229
2020,Kenya Continuous Household Survey Programme (KCHSP) 2020. The survey collected data on school attendance and attainment for age 3 and above. Data extracted on 25 February 2025.,Male,Urban,,Upper secondary education,,,69.94972
2022,Kenya  DHS 2022.  The survey collected data on school attendance for age 3-24 and educational attainment for age 3 and above. Data extracted on 25 February 2025.,Male,Urban,,Upper secondary education,,,75.28517
2003,Kenya DHS 2003. The survey collected data on school attendance for age 4-24 and educational attainment for age 4 and above. Data extracted on 25 February 2025.,Male,Urban,Quintile 1 (poorest),Primary education,This data point is NOT APPLICABLE for the submitting nation.,This data point is NOT APPLICABLE for the submitting nation.,0.0
2008,Kenya DHS 2008-09. The survey collected data on school attendance for age 4-24 and educational attainment for age 4 and above. Data extracted on 25 February 2025.,Male,Urban,Quintile 1 (poorest),Primary education,This data point is NOT APPLICABLE for the submitting nation.,This data point is NOT APPLICABLE for the submitting nation.,0.0
2014,Kenya DHS 2014. The survey collected data on school attendance for age 3-24 and educational attainment for age 3 and above. Data extracted on 25 February 2025.,Male,Urban,Quintile 1 (poorest),Primary education,This data point is NOT APPLICABLE for the submitting nation.,,79.37586
2022,Kenya  DHS 2022.  The survey collected data on school attendance for age 3-24 and educational attainment for age 3 and above. Data extracted on 25 February 2025.,Male,Urban,Quintile 1 (poorest),Primary education,This data point is NOT APPLICABLE for the submitting nation.,,68.90008
2003,Kenya DHS 2003. The survey collected data on school attendance for age 4-24 and educational attainment for age 4 and above. Data extracted on 25 February 2025.,Male,Urban,Quintile 1 (poorest),Lower secondary education,This data point is NOT APPLICABLE for the submitting nation.,This data point is NOT APPLICABLE for the submitting nation.,0.0
2008,Kenya DHS 2008-09. The survey collected data on school attendance for age 4-24 and educational attainment for age 4 and above. Data extracted on 25 February 2025.,Male,Urban,Quintile 1 (poorest),Lower secondary education,This data point is NOT APPLICABLE for the submitting nation.,This data point is NOT APPLICABLE for the submitting nation.,0.0
2014,Kenya DHS 2014. The survey collected data on school attendance for age 3-24 and educational attainment for age 3 and above. Data extracted on 25 February 2025.,Male,Urban,Quintile 1 (poorest),Lower secondary education,This data point is NOT APPLICABLE for the submitting nation.,,51.08447
2022,Kenya  DHS 2022.  The survey collected data on school attendance for age 3-24 and educational attainment for age 3 and above. Data extracted on 25 February 2025.,Male,Urban,Quintile 1 (poorest),Lower secondary education,This data point is NOT APPLICABLE for the submitting nation.,,57.73914
2003,Kenya DHS 2003. The survey collected data on school attendance for age 4-24 and educational attainment for age 4 and above. Data extracted on 25 February 2025.,Male,Urban,Quintile 1 (poorest),Upper secondary education,This data point is NOT APPLICABLE for the submitting nation.,This data point is NOT APPLICABLE for the submitting nation.,0.0
2008,Kenya DHS 2008-09. The survey collected data on school attendance for age 4-24 and educational attainment for age 4 and above. Data extracted on 25 February 2025.,Male,Urban,Quintile 1 (poorest),Upper secondary education,This data point is NOT APPLICABLE for the submitting nation.,This data point is NOT APPLICABLE for the submitting nation.,0.0
2014,Kenya DHS 2014. The survey collected data on school attendance for age 3-24 and educational attainment for age 3 and above. Data extracted on 25 February 2025.,Male,Urban,Quintile 1 (poorest),Upper secondary education,This data point is NOT APPLICABLE for the submitting nation.,,10.47483
2022,Kenya  DHS 2022.  The survey collected data on school attendance for age 3-24 and educational attainment for age 3 and above. Data extracted on 25 February 2025.,Male,Urban,Quintile 1 (poorest),Upper secondary education,This data point is NOT APPLICABLE for the submitting nation.,,46.04947
2003,Kenya DHS 2003. The survey collected data on school attendance for age 4-24 and educational attainment for age 4 and above. Data extracted on 25 February 2025.,Male,Urban,Quintile 2,Primary education,This data point is NOT APPLICABLE for the submitting nation.,This data point is NOT APPLICABLE for the submitting nation.,0.0
2008,Kenya DHS 2008-09. The survey collected data on school attendance for age 4-24 and educational attainment for age 4 and above. Data extracted on 25 February 2025.,Male,Urban,Quintile 2,Primary education,This data point is NOT APPLICABLE for the submitting nation.,This data point is NOT APPLICABLE for the submitting nation.,0.0
2014,Kenya DHS 2014. The survey collected data on school attendance for age 3-24 and educational attainment for age 3 and above. Data extracted on 25 February 2025.,Male,Urban,Quintile 2,Primary education,This data point is NOT APPLICABLE for the submitting nation.,,83.31088
2022,Kenya  DHS 2022.  The survey collected data on school attendance for age 3-24 and educational attainment for age 3 and above. Data extracted on 25 February 2025.,Male,Urban,Quintile 2,Primary education,This data point is NOT APPLICABLE for the submitting nation.,,87.06807
2003,Kenya DHS 2003. The survey collected data on school attendance for age 4-24 and educational attainment for age 4 and above. Data extracted on 25 February 2025.,Male,Urban,Quintile 2,Lower secondary education,This data point is NOT APPLICABLE for the submitting nation.,This data point is NOT APPLICABLE for the submitting nation.,0.0
2008,Kenya DHS 2008-09. The survey collected data on school attendance for age 4-24 and educational attainment for age 4 and above. Data extracted on 25 February 2025.,Male,Urban,Quintile 2,Lower secondary education,This data point is NOT APPLICABLE for the submitting nation.,This data point is NOT APPLICABLE for the submitting nation.,0.0
2014,Kenya DHS 2014. The survey collected data on school attendance for age 3-24 and educational attainment for age 3 and above. Data extracted on 25 February 2025.,Male,Urban,Quintile 2,Lower secondary education,This data point is NOT APPLICABLE for the submitting nation.,,57.05346
2022,Kenya  DHS 2022.  The survey collected data on school attendance for age 3-24 and educational attainment for age 3 and above. Data extracted on 25 February 2025.,Male,Urban,Quintile 2,Lower secondary education,This data point is NOT APPLICABLE for the submitting nation.,,72.0623
2003,Kenya DHS 2003. The survey collected data on school attendance for age 4-24 and educational attainment for age 4 and above. Data extracted on 25 February 2025.,Male,Urban,Quintile 2,Upper secondary education,This data point is NOT APPLICABLE for the submitting nation.,This data point is NOT APPLICABLE for the submitting nation.,0.0
2008,Kenya DHS 2008-09. The survey collected data on school attendance for age 4-24 and educational attainment for age 4 and above. Data extracted on 25 February 2025.,Male,Urban,Quintile 2,Upper secondary education,This data point is NOT APPLICABLE for the submitting nation.,This data point is NOT APPLICABLE for the submitting nation.,0.0
2014,Kenya DHS 2014. The survey collected data on school attendance for age 3-24 and educational attainment for age 3 and above. Data extracted on 25 February 2025.,Male,Urban,Quintile 2,Upper secondary education,This data point is NOT APPLICABLE for the submitting nation.,,31.88017
2022,Kenya  DHS 2022.  The survey collected data on school attendance for age 3-24 and educational attainment for age 3 and above. Data extracted on 25 February 2025.,Male,Urban,Quintile 2,Upper secondary education,This data point is NOT APPLICABLE for the submitting nation.,,44.66412
2003,Kenya DHS 2003. The survey collected data on school attendance for age 4-24 and educational attainment for age 4 and above. Data extracted on 25 February 2025.,Male,Urban,Quintile 3,Primary education,This data point is NOT APPLICABLE for the submitting nation.,This data point is NOT APPLICABLE for the submitting nation.,0.0
2008,Kenya DHS 2008-09. The survey collected data on school attendance for age 4-24 and educational attainment for age 4 and above. Data extracted on 25 February 2025.,Male,Urban,Quintile 3,Primary education,This data point is NOT APPLICABLE for the submitting nation.,This data point is NOT APPLICABLE for the submitting nation.,0.0
2014,Kenya DHS 2014. The survey collected data on school attendance for age 3-24 and educational attainment for age 3 and above. Data extracted on 25 February 2025.,Male,Urban,Quintile 3,Primary education,This data point is NOT APPLICABLE for the submitting nation.,,89.8543
2022,Kenya  DHS 2022.  The survey collected data on school attendance for age 3-24 and educational attainment for age 3 and above. Data extracted on 25 February 2025.,Male,Urban,Quintile 3,Primary education,This data point is NOT APPLICABLE for the submitting nation.,,85.76575
2003,Kenya DHS 2003. The survey collected data on school attendance for age 4-24 and educational attainment for age 4 and above. Data extracted on 25 February 2025.,Male,Urban,Quintile 3,Lower secondary education,This data point is NOT APPLICABLE for the submitting nation.,This data point is NOT APPLICABLE for the submitting nation.,0.0
2008,Kenya DHS 2008-09. The survey collected data on school attendance for age 4-24 and educational attainment for age 4 and above. Data extracted on 25 February 2025.,Male,Urban,Quintile 3,Lower secondary education,This data point is NOT APPLICABLE for the submitting nation.,This data point is NOT APPLICABLE for the submitting nation.,0.0
2014,Kenya DHS 2014. The survey collected data on school attendance for age 3-24 and educational attainment for age 3 and above. Data extracted on 25 February 2025.,Male,Urban,Quintile 3,Lower secondary education,This data point is NOT APPLICABLE for the submitting nation.,,70.71972
2022,Kenya  DHS 2022.  The survey collected data on school attendance for age 3-24 and educational attainment for age 3 and above. Data extracted on 25 February 2025.,Male,Urban,Quintile 3,Lower secondary education,This data point is NOT APPLICABLE for the submitting nation.,,78.73697
2003,Kenya DHS 2003. The survey collected data on school attendance for age 4-24 and educational attainment for age 4 and above. Data extracted on 25 February 2025.,Male,Urban,Quintile 3,Upper secondary education,This data point is NOT APPLICABLE for the submitting nation.,This data point is NOT APPLICABLE for the submitting nation.,0.0
2008,Kenya DHS 2008-09. The survey collected data on school attendance for age 4-24 and educational attainment for age 4 and above. Data extracted on 25 February 2025.,Male,Urban,Quintile 3,Upper secondary education,This data point is NOT APPLICABLE for the submitting nation.,This data point is NOT APPLICABLE for the submitting nation.,0.0
2014,Kenya DHS 2014. The survey collected data on school attendance for age 3-24 and educational attainment for age 3 and above. Data extracted on 25 February 2025.,Male,Urban,Quintile 3,Upper secondary education,This data point is NOT APPLICABLE for the submitting nation.,,32.61618
2022,Kenya  DHS 2022.  The survey collected data on school attendance for age 3-24 and educational attainment for age 3 and above. Data extracted on 25 February 2025.,Male,Urban,Quintile 3,Upper secondary education,This data point is NOT APPLICABLE for the submitting nation.,,46.44046
2003,Kenya DHS 2003. The survey collected data on school attendance for age 4-24 and educational attainment for age 4 and above. Data extracted on 25 February 2025.,Male,Urban,Quintile 4,Primary education,,,65.5157
2008,Kenya DHS 2008-09. The survey collected data on school attendance for age 4-24 and educational attainment for age 4 and above. Data extracted on 25 February 2025.,Male,Urban,Quintile 4,Primary education,,,79.81884
2014,Kenya DHS 2014. The survey collected data on school attendance for age 3-24 and educational attainment for age 3 and above. Data extracted on 25 February 2025.,Male,Urban,Quintile 4,Primary education,,,89.30966
2022,Kenya  DHS 2022.  The survey collected data on school attendance for age 3-24 and educational attainment for age 3 and above. Data extracted on 25 February 2025.,Male,Urban,Quintile 4,Primary education,,,94.38141
2003,Kenya DHS 2003. The survey collected data on school attendance for age 4-24 and educational attainment for age 4 and above. Data extracted on 25 February 2025.,Male,Urban,Quintile 4,Lower secondary education,,,48.944
2008,Kenya DHS 2008-09. The survey collected data on school attendance for age 4-24 and educational attainment for age 4 and above. Data extracted on 25 February 2025.,Male,Urban,Quintile 4,Lower secondary education,,,59.07599
2014,Kenya DHS 2014. The survey collected data on school attendance for age 3-24 and educational attainment for age 3 and above. Data extracted on 25 February 2025.,Male,Urban,Quintile 4,Lower secondary education,,,78.30979
2022,Kenya  DHS 2022.  The survey collected data on school attendance for age 3-24 and educational attainment for age 3 and above. Data extracted on 25 February 2025.,Male,Urban,Quintile 4,Lower secondary education,,,93.20978
2003,Kenya DHS 2003. The survey collected data on school attendance for age 4-24 and educational attainment for age 4 and above. Data extracted on 25 February 2025.,Male,Urban,Quintile 4,Upper secondary education,,,15.45458
2008,Kenya DHS 2008-09. The survey collected data on school attendance for age 4-24 and educational attainment for age 4 and above. Data extracted on 25 February 2025.,Male,Urban,Quintile 4,Upper secondary education,,,26.76514
2014,Kenya DHS 2014. The survey collected data on school attendance for age 3-24 and educational attainment for age 3 and above. Data extracted on 25 February 2025.,Male,Urban,Quintile 4,Upper secondary education,,,51.85422
2022,Kenya  DHS 2022.  The survey collected data on school attendance for age 3-24 and educational attainment for age 3 and above. Data extracted on 25 February 2025.,Male,Urban,Quintile 4,Upper secondary education,,,73.65478
2003,Kenya DHS 2003. The survey collected data on school attendance for age 4-24 and educational attainment for age 4 and above. Data extracted on 25 February 2025.,Male,Urban,Quintile 5 (richest),Primary education,,,76.17205
2008,Kenya DHS 2008-09. The survey collected data on school attendance for age 4-24 and educational attainment for age 4 and above. Data extracted on 25 February 2025.,Male,Urban,Quintile 5 (richest),Primary education,,,85.8306
2014,Kenya DHS 2014. The survey collected data on school attendance for age 3-24 and educational attainment for age 3 and above. Data extracted on 25 February 2025.,Male,Urban,Quintile 5 (richest),Primary education,,,96.49847
2022,Kenya  DHS 2022.  The survey collected data on school attendance for age 3-24 and educational attainment for age 3 and above. Data extracted on 25 February 2025.,Male,Urban,Quintile 5 (richest),Primary education,,,92.34271
2003,Kenya DHS 2003. The survey collected data on school attendance for age 4-24 and educational attainment for age 4 and above. Data extracted on 25 February 2025.,Male,Urban,Quintile 5 (richest),Lower secondary education,,,65.23743
2008,Kenya DHS 2008-09. The survey collected data on school attendance for age 4-24 and educational attainment for age 4 and above. Data extracted on 25 February 2025.,Male,Urban,Quintile 5 (richest),Lower secondary education,,,82.63592
2014,Kenya DHS 2014. The survey collected data on school attendance for age 3-24 and educational attainment for age 3 and above. Data extracted on 25 February 2025.,Male,Urban,Quintile 5 (richest),Lower secondary education,,,93.47284
2022,Kenya  DHS 2022.  The survey collected data on school attendance for age 3-24 and educational attainment for age 3 and above. Data extracted on 25 February 2025.,Male,Urban,Quintile 5 (richest),Lower secondary education,,,92.38074
2003,Kenya DHS 2003. The survey collected data on school attendance for age 4-24 and educational attainment for age 4 and above. Data extracted on 25 February 2025.,Male,Urban,Quintile 5 (richest),Upper secondary education,,,49.67733
2008,Kenya DHS 2008-09. The survey collected data on school attendance for age 4-24 and educational attainment for age 4 and above. Data extracted on 25 February 2025.,Male,Urban,Quintile 5 (richest),Upper secondary education,,,59.67635
2014,Kenya DHS 2014. The survey collected data on school attendance for age 3-24 and educational attainment for age 3 and above. Data extracted on 25 February 2025.,Male,Urban,Quintile 5 (richest),Upper secondary education,,,78.08939
2022,Kenya  DHS 2022.  The survey collected data on school attendance for age 3-24 and educational attainment for age 3 and above. Data extracted on 25 February 2025.,Male,Urban,Quintile 5 (richest),Upper secondary education,,,88.66744
