Year,OBS_STATUS,NATURE,COMMENT_OBS,SOURCE_DETAIL,SDG Series,Composite breakdown,Unit of measure,Observation status,Nature of data points,Observation-level footnotes,Source details,Value
2005,B,E,Extent area change calculated using the median spatial extent for the new baseline reference period (2000-2019),Global Surface Water Explorer extraction for UN Environment Programme,Lakes and rivers permanent water area change (%) [6.6.1],,Percent,Time series break,Estimated,Extent area change calculated using the median spatial extent for the new baseline reference period (2000-2019),Global Surface Water Explorer extraction for UN Environment Programme,8.95291
2006,B,E,Extent area change calculated using the median spatial extent for the new baseline reference period (2000-2019),Global Surface Water Explorer extraction for UN Environment Programme,Lakes and rivers permanent water area change (%) [6.6.1],,Percent,Time series break,Estimated,Extent area change calculated using the median spatial extent for the new baseline reference period (2000-2019),Global Surface Water Explorer extraction for UN Environment Programme,8.55367
2007,B,E,Extent area change calculated using the median spatial extent for the new baseline reference period (2000-2019),Global Surface Water Explorer extraction for UN Environment Programme,Lakes and rivers permanent water area change (%) [6.6.1],,Percent,Time series break,Estimated,Extent area change calculated using the median spatial extent for the new baseline reference period (2000-2019),Global Surface Water Explorer extraction for UN Environment Programme,8.31703
2008,B,E,Extent area change calculated using the median spatial extent for the new baseline reference period (2000-2019),Global Surface Water Explorer extraction for UN Environment Programme,Lakes and rivers permanent water area change (%) [6.6.1],,Percent,Time series break,Estimated,Extent area change calculated using the median spatial extent for the new baseline reference period (2000-2019),Global Surface Water Explorer extraction for UN Environment Programme,8.14789
2009,B,E,Extent area change calculated using the median spatial extent for the new baseline reference period (2000-2019),Global Surface Water Explorer extraction for UN Environment Programme,Lakes and rivers permanent water area change (%) [6.6.1],,Percent,Time series break,Estimated,Extent area change calculated using the median spatial extent for the new baseline reference period (2000-2019),Global Surface Water Explorer extraction for UN Environment Programme,8.50113
2010,B,E,Extent area change calculated using the median spatial extent for the new baseline reference period (2000-2019),Global Surface Water Explorer extraction for UN Environment Programme,Lakes and rivers permanent water area change (%) [6.6.1],,Percent,Time series break,Estimated,Extent area change calculated using the median spatial extent for the new baseline reference period (2000-2019),Global Surface Water Explorer extraction for UN Environment Programme,8.60722
2011,B,E,Extent area change calculated using the median spatial extent for the new baseline reference period (2000-2019),Global Surface Water Explorer extraction for UN Environment Programme,Lakes and rivers permanent water area change (%) [6.6.1],,Percent,Time series break,Estimated,Extent area change calculated using the median spatial extent for the new baseline reference period (2000-2019),Global Surface Water Explorer extraction for UN Environment Programme,8.89851
2012,B,E,Extent area change calculated using the median spatial extent for the new baseline reference period (2000-2019),Global Surface Water Explorer extraction for UN Environment Programme,Lakes and rivers permanent water area change (%) [6.6.1],,Percent,Time series break,Estimated,Extent area change calculated using the median spatial extent for the new baseline reference period (2000-2019),Global Surface Water Explorer extraction for UN Environment Programme,9.23897
2013,B,E,Extent area change calculated using the median spatial extent for the new baseline reference period (2000-2019),Global Surface Water Explorer extraction for UN Environment Programme,Lakes and rivers permanent water area change (%) [6.6.1],,Percent,Time series break,Estimated,Extent area change calculated using the median spatial extent for the new baseline reference period (2000-2019),Global Surface Water Explorer extraction for UN Environment Programme,9.70633
2014,B,E,Extent area change calculated using the median spatial extent for the new baseline reference period (2000-2019),Global Surface Water Explorer extraction for UN Environment Programme,Lakes and rivers permanent water area change (%) [6.6.1],,Percent,Time series break,Estimated,Extent area change calculated using the median spatial extent for the new baseline reference period (2000-2019),Global Surface Water Explorer extraction for UN Environment Programme,10.01735
2015,B,E,Extent area change calculated using the median spatial extent for the new baseline reference period (2000-2019),Global Surface Water Explorer extraction for UN Environment Programme,Lakes and rivers permanent water area change (%) [6.6.1],,Percent,Time series break,Estimated,Extent area change calculated using the median spatial extent for the new baseline reference period (2000-2019),Global Surface Water Explorer extraction for UN Environment Programme,10.79572
2016,B,E,Extent area change calculated using the median spatial extent for the new baseline reference period (2000-2019),Global Surface Water Explorer extraction for UN Environment Programme,Lakes and rivers permanent water area change (%) [6.6.1],,Percent,Time series break,Estimated,Extent area change calculated using the median spatial extent for the new baseline reference period (2000-2019),Global Surface Water Explorer extraction for UN Environment Programme,11.37926
2017,B,E,Extent area change calculated using the median spatial extent for the new baseline reference period (2000-2019),Global Surface Water Explorer extraction for UN Environment Programme,Lakes and rivers permanent water area change (%) [6.6.1],,Percent,Time series break,Estimated,Extent area change calculated using the median spatial extent for the new baseline reference period (2000-2019),Global Surface Water Explorer extraction for UN Environment Programme,11.81486
2018,B,E,Extent area change calculated using the median spatial extent for the new baseline reference period (2000-2019),Global Surface Water Explorer extraction for UN Environment Programme,Lakes and rivers permanent water area change (%) [6.6.1],,Percent,Time series break,Estimated,Extent area change calculated using the median spatial extent for the new baseline reference period (2000-2019),Global Surface Water Explorer extraction for UN Environment Programme,11.97613
2019,B,E,Extent area change calculated using the median spatial extent for the new baseline reference period (2000-2019),Global Surface Water Explorer extraction for UN Environment Programme,Lakes and rivers permanent water area change (%) [6.6.1],,Percent,Time series break,Estimated,Extent area change calculated using the median spatial extent for the new baseline reference period (2000-2019),Global Surface Water Explorer extraction for UN Environment Programme,12.2283
2020,B,E,Extent area change calculated using the median spatial extent for the new baseline reference period (2000-2019),Global Surface Water Explorer extraction for UN Environment Programme,Lakes and rivers permanent water area change (%) [6.6.1],,Percent,Time series break,Estimated,Extent area change calculated using the median spatial extent for the new baseline reference period (2000-2019),Global Surface Water Explorer extraction for UN Environment Programme,12.32351
2021,B,E,Extent area change calculated using the median spatial extent for the new baseline reference period (2000-2019),Global Surface Water Explorer extraction for UN Environment Programme,Lakes and rivers permanent water area change (%) [6.6.1],,Percent,Time series break,Estimated,Extent area change calculated using the median spatial extent for the new baseline reference period (2000-2019),Global Surface Water Explorer extraction for UN Environment Programme,12.94709
2022,B,E,Extent area change calculated using the median spatial extent for the new baseline reference period (2000-2019),Global Surface Water Explorer extraction for UN Environment Programme,Lakes and rivers permanent water area change (%) [6.6.1],,Percent,Time series break,Estimated,Extent area change calculated using the median spatial extent for the new baseline reference period (2000-2019),Global Surface Water Explorer extraction for UN Environment Programme,13.94087
2000,A,E,,Global Surface Water Explorer extraction for UN Environment Programme,Lakes and rivers permanent water area (square kilometres) [6.6.1],,Square kilometers,Normal value,Estimated,,Global Surface Water Explorer extraction for UN Environment Programme,3068.04787
2001,A,E,,Global Surface Water Explorer extraction for UN Environment Programme,Lakes and rivers permanent water area (square kilometres) [6.6.1],,Square kilometers,Normal value,Estimated,,Global Surface Water Explorer extraction for UN Environment Programme,3092.87254
2002,A,E,,Global Surface Water Explorer extraction for UN Environment Programme,Lakes and rivers permanent water area (square kilometres) [6.6.1],,Square kilometers,Normal value,Estimated,,Global Surface Water Explorer extraction for UN Environment Programme,4610.13247
2003,A,E,,Global Surface Water Explorer extraction for UN Environment Programme,Lakes and rivers permanent water area (square kilometres) [6.6.1],,Square kilometers,Normal value,Estimated,,Global Surface Water Explorer extraction for UN Environment Programme,6121.25919
2004,A,E,,Global Surface Water Explorer extraction for UN Environment Programme,Lakes and rivers permanent water area (square kilometres) [6.6.1],,Square kilometers,Normal value,Estimated,,Global Surface Water Explorer extraction for UN Environment Programme,7616.20243
2005,A,E,,Global Surface Water Explorer extraction for UN Environment Programme,Lakes and rivers permanent water area (square kilometres) [6.6.1],,Square kilometers,Normal value,Estimated,,Global Surface Water Explorer extraction for UN Environment Programme,7567.41571
2006,A,E,,Global Surface Water Explorer extraction for UN Environment Programme,Lakes and rivers permanent water area (square kilometres) [6.6.1],,Square kilometers,Normal value,Estimated,,Global Surface Water Explorer extraction for UN Environment Programme,7539.68644
2007,A,E,,Global Surface Water Explorer extraction for UN Environment Programme,Lakes and rivers permanent water area (square kilometres) [6.6.1],,Square kilometers,Normal value,Estimated,,Global Surface Water Explorer extraction for UN Environment Programme,7523.24999
2008,A,E,,Global Surface Water Explorer extraction for UN Environment Programme,Lakes and rivers permanent water area (square kilometres) [6.6.1],,Square kilometers,Normal value,Estimated,,Global Surface Water Explorer extraction for UN Environment Programme,7511.50261
2009,A,E,,Global Surface Water Explorer extraction for UN Environment Programme,Lakes and rivers permanent water area (square kilometres) [6.6.1],,Square kilometers,Normal value,Estimated,,Global Surface Water Explorer extraction for UN Environment Programme,7536.0373
2010,A,E,,Global Surface Water Explorer extraction for UN Environment Programme,Lakes and rivers permanent water area (square kilometres) [6.6.1],,Square kilometers,Normal value,Estimated,,Global Surface Water Explorer extraction for UN Environment Programme,7543.40545
2011,A,E,,Global Surface Water Explorer extraction for UN Environment Programme,Lakes and rivers permanent water area (square kilometres) [6.6.1],,Square kilometers,Normal value,Estimated,,Global Surface Water Explorer extraction for UN Environment Programme,7563.63763
2012,A,E,,Global Surface Water Explorer extraction for UN Environment Programme,Lakes and rivers permanent water area (square kilometres) [6.6.1],,Square kilometers,Normal value,Estimated,,Global Surface Water Explorer extraction for UN Environment Programme,7587.28451
2013,A,E,,Global Surface Water Explorer extraction for UN Environment Programme,Lakes and rivers permanent water area (square kilometres) [6.6.1],,Square kilometers,Normal value,Estimated,,Global Surface Water Explorer extraction for UN Environment Programme,7619.74518
2014,A,E,,Global Surface Water Explorer extraction for UN Environment Programme,Lakes and rivers permanent water area (square kilometres) [6.6.1],,Square kilometers,Normal value,Estimated,,Global Surface Water Explorer extraction for UN Environment Programme,7641.34758
2015,A,E,,Global Surface Water Explorer extraction for UN Environment Programme,Lakes and rivers permanent water area (square kilometres) [6.6.1],,Square kilometers,Normal value,Estimated,,Global Surface Water Explorer extraction for UN Environment Programme,7695.40987
2016,A,E,,Global Surface Water Explorer extraction for UN Environment Programme,Lakes and rivers permanent water area (square kilometres) [6.6.1],,Square kilometers,Normal value,Estimated,,Global Surface Water Explorer extraction for UN Environment Programme,7735.94012
2017,A,E,,Global Surface Water Explorer extraction for UN Environment Programme,Lakes and rivers permanent water area (square kilometres) [6.6.1],,Square kilometers,Normal value,Estimated,,Global Surface Water Explorer extraction for UN Environment Programme,7766.19494
2018,A,E,,Global Surface Water Explorer extraction for UN Environment Programme,Lakes and rivers permanent water area (square kilometres) [6.6.1],,Square kilometers,Normal value,Estimated,,Global Surface Water Explorer extraction for UN Environment Programme,7777.39623
2019,A,E,,Global Surface Water Explorer extraction for UN Environment Programme,Lakes and rivers permanent water area (square kilometres) [6.6.1],,Square kilometers,Normal value,Estimated,,Global Surface Water Explorer extraction for UN Environment Programme,7794.91049
2020,A,E,,Global Surface Water Explorer extraction for UN Environment Programme,Lakes and rivers permanent water area (square kilometres) [6.6.1],,Square kilometers,Normal value,Estimated,,Global Surface Water Explorer extraction for UN Environment Programme,7801.52392
2021,A,E,,Global Surface Water Explorer extraction for UN Environment Programme,Lakes and rivers permanent water area (square kilometres) [6.6.1],,Square kilometers,Normal value,Estimated,,Global Surface Water Explorer extraction for UN Environment Programme,7844.83513
2022,A,E,,Global Surface Water Explorer extraction for UN Environment Programme,Lakes and rivers permanent water area (square kilometres) [6.6.1],,Square kilometers,Normal value,Estimated,,Global Surface Water Explorer extraction for UN Environment Programme,7913.85902
2000,A,E,,Global Surface Water Explorer extraction for UN Environment Programme,Lakes and rivers permanent water area (% of total land area) [6.6.1],,Percent,Normal value,Estimated,,Global Surface Water Explorer extraction for UN Environment Programme,0.52864
2001,A,E,,Global Surface Water Explorer extraction for UN Environment Programme,Lakes and rivers permanent water area (% of total land area) [6.6.1],,Percent,Normal value,Estimated,,Global Surface Water Explorer extraction for UN Environment Programme,0.53291
2002,A,E,,Global Surface Water Explorer extraction for UN Environment Programme,Lakes and rivers permanent water area (% of total land area) [6.6.1],,Percent,Normal value,Estimated,,Global Surface Water Explorer extraction for UN Environment Programme,0.79434
2003,A,E,,Global Surface Water Explorer extraction for UN Environment Programme,Lakes and rivers permanent water area (% of total land area) [6.6.1],,Percent,Normal value,Estimated,,Global Surface Water Explorer extraction for UN Environment Programme,1.05472
2004,A,E,,Global Surface Water Explorer extraction for UN Environment Programme,Lakes and rivers permanent water area (% of total land area) [6.6.1],,Percent,Normal value,Estimated,,Global Surface Water Explorer extraction for UN Environment Programme,1.3123
2005,A,E,,Global Surface Water Explorer extraction for UN Environment Programme,Lakes and rivers permanent water area (% of total land area) [6.6.1],,Percent,Normal value,Estimated,,Global Surface Water Explorer extraction for UN Environment Programme,1.3039
2006,A,E,,Global Surface Water Explorer extraction for UN Environment Programme,Lakes and rivers permanent water area (% of total land area) [6.6.1],,Percent,Normal value,Estimated,,Global Surface Water Explorer extraction for UN Environment Programme,1.29912
2007,A,E,,Global Surface Water Explorer extraction for UN Environment Programme,Lakes and rivers permanent water area (% of total land area) [6.6.1],,Percent,Normal value,Estimated,,Global Surface Water Explorer extraction for UN Environment Programme,1.29629
2008,A,E,,Global Surface Water Explorer extraction for UN Environment Programme,Lakes and rivers permanent water area (% of total land area) [6.6.1],,Percent,Normal value,Estimated,,Global Surface Water Explorer extraction for UN Environment Programme,1.29426
2009,A,E,,Global Surface Water Explorer extraction for UN Environment Programme,Lakes and rivers permanent water area (% of total land area) [6.6.1],,Percent,Normal value,Estimated,,Global Surface Water Explorer extraction for UN Environment Programme,1.29849
2010,A,E,,Global Surface Water Explorer extraction for UN Environment Programme,Lakes and rivers permanent water area (% of total land area) [6.6.1],,Percent,Normal value,Estimated,,Global Surface Water Explorer extraction for UN Environment Programme,1.29976
2011,A,E,,Global Surface Water Explorer extraction for UN Environment Programme,Lakes and rivers permanent water area (% of total land area) [6.6.1],,Percent,Normal value,Estimated,,Global Surface Water Explorer extraction for UN Environment Programme,1.30324
2012,A,E,,Global Surface Water Explorer extraction for UN Environment Programme,Lakes and rivers permanent water area (% of total land area) [6.6.1],,Percent,Normal value,Estimated,,Global Surface Water Explorer extraction for UN Environment Programme,1.30732
2013,A,E,,Global Surface Water Explorer extraction for UN Environment Programme,Lakes and rivers permanent water area (% of total land area) [6.6.1],,Percent,Normal value,Estimated,,Global Surface Water Explorer extraction for UN Environment Programme,1.31291
2014,A,E,,Global Surface Water Explorer extraction for UN Environment Programme,Lakes and rivers permanent water area (% of total land area) [6.6.1],,Percent,Normal value,Estimated,,Global Surface Water Explorer extraction for UN Environment Programme,1.31663
2015,A,E,,Global Surface Water Explorer extraction for UN Environment Programme,Lakes and rivers permanent water area (% of total land area) [6.6.1],,Percent,Normal value,Estimated,,Global Surface Water Explorer extraction for UN Environment Programme,1.32595
2016,A,E,,Global Surface Water Explorer extraction for UN Environment Programme,Lakes and rivers permanent water area (% of total land area) [6.6.1],,Percent,Normal value,Estimated,,Global Surface Water Explorer extraction for UN Environment Programme,1.33293
2017,A,E,,Global Surface Water Explorer extraction for UN Environment Programme,Lakes and rivers permanent water area (% of total land area) [6.6.1],,Percent,Normal value,Estimated,,Global Surface Water Explorer extraction for UN Environment Programme,1.33815
2018,A,E,,Global Surface Water Explorer extraction for UN Environment Programme,Lakes and rivers permanent water area (% of total land area) [6.6.1],,Percent,Normal value,Estimated,,Global Surface Water Explorer extraction for UN Environment Programme,1.34008
2019,A,E,,Global Surface Water Explorer extraction for UN Environment Programme,Lakes and rivers permanent water area (% of total land area) [6.6.1],,Percent,Normal value,Estimated,,Global Surface Water Explorer extraction for UN Environment Programme,1.34309
2020,A,E,,Global Surface Water Explorer extraction for UN Environment Programme,Lakes and rivers permanent water area (% of total land area) [6.6.1],,Percent,Normal value,Estimated,,Global Surface Water Explorer extraction for UN Environment Programme,1.34423
2021,A,E,,Global Surface Water Explorer extraction for UN Environment Programme,Lakes and rivers permanent water area (% of total land area) [6.6.1],,Percent,Normal value,Estimated,,Global Surface Water Explorer extraction for UN Environment Programme,1.3517
2022,A,E,,Global Surface Water Explorer extraction for UN Environment Programme,Lakes and rivers permanent water area (% of total land area) [6.6.1],,Percent,Normal value,Estimated,,Global Surface Water Explorer extraction for UN Environment Programme,1.36359
2005,B,E,Extent area change calculated using the median spatial extent for the new baseline reference period (2000-2019),Global Surface Water Explorer extraction for UN Environment Programme,Lakes and rivers seasonal water area change (%) [6.6.1],,Percent,Time series break,Estimated,Extent area change calculated using the median spatial extent for the new baseline reference period (2000-2019),Global Surface Water Explorer extraction for UN Environment Programme,4.97441
2006,B,E,Extent area change calculated using the median spatial extent for the new baseline reference period (2000-2019),Global Surface Water Explorer extraction for UN Environment Programme,Lakes and rivers seasonal water area change (%) [6.6.1],,Percent,Time series break,Estimated,Extent area change calculated using the median spatial extent for the new baseline reference period (2000-2019),Global Surface Water Explorer extraction for UN Environment Programme,5.2736
2007,B,E,Extent area change calculated using the median spatial extent for the new baseline reference period (2000-2019),Global Surface Water Explorer extraction for UN Environment Programme,Lakes and rivers seasonal water area change (%) [6.6.1],,Percent,Time series break,Estimated,Extent area change calculated using the median spatial extent for the new baseline reference period (2000-2019),Global Surface Water Explorer extraction for UN Environment Programme,-0.29612
2008,B,E,Extent area change calculated using the median spatial extent for the new baseline reference period (2000-2019),Global Surface Water Explorer extraction for UN Environment Programme,Lakes and rivers seasonal water area change (%) [6.6.1],,Percent,Time series break,Estimated,Extent area change calculated using the median spatial extent for the new baseline reference period (2000-2019),Global Surface Water Explorer extraction for UN Environment Programme,3.08273
2009,B,E,Extent area change calculated using the median spatial extent for the new baseline reference period (2000-2019),Global Surface Water Explorer extraction for UN Environment Programme,Lakes and rivers seasonal water area change (%) [6.6.1],,Percent,Time series break,Estimated,Extent area change calculated using the median spatial extent for the new baseline reference period (2000-2019),Global Surface Water Explorer extraction for UN Environment Programme,-0.1393
2010,B,E,Extent area change calculated using the median spatial extent for the new baseline reference period (2000-2019),Global Surface Water Explorer extraction for UN Environment Programme,Lakes and rivers seasonal water area change (%) [6.6.1],,Percent,Time series break,Estimated,Extent area change calculated using the median spatial extent for the new baseline reference period (2000-2019),Global Surface Water Explorer extraction for UN Environment Programme,3.59107
2011,B,E,Extent area change calculated using the median spatial extent for the new baseline reference period (2000-2019),Global Surface Water Explorer extraction for UN Environment Programme,Lakes and rivers seasonal water area change (%) [6.6.1],,Percent,Time series break,Estimated,Extent area change calculated using the median spatial extent for the new baseline reference period (2000-2019),Global Surface Water Explorer extraction for UN Environment Programme,8.20715
2012,B,E,Extent area change calculated using the median spatial extent for the new baseline reference period (2000-2019),Global Surface Water Explorer extraction for UN Environment Programme,Lakes and rivers seasonal water area change (%) [6.6.1],,Percent,Time series break,Estimated,Extent area change calculated using the median spatial extent for the new baseline reference period (2000-2019),Global Surface Water Explorer extraction for UN Environment Programme,15.18005
2013,B,E,Extent area change calculated using the median spatial extent for the new baseline reference period (2000-2019),Global Surface Water Explorer extraction for UN Environment Programme,Lakes and rivers seasonal water area change (%) [6.6.1],,Percent,Time series break,Estimated,Extent area change calculated using the median spatial extent for the new baseline reference period (2000-2019),Global Surface Water Explorer extraction for UN Environment Programme,14.8932
2014,B,E,Extent area change calculated using the median spatial extent for the new baseline reference period (2000-2019),Global Surface Water Explorer extraction for UN Environment Programme,Lakes and rivers seasonal water area change (%) [6.6.1],,Percent,Time series break,Estimated,Extent area change calculated using the median spatial extent for the new baseline reference period (2000-2019),Global Surface Water Explorer extraction for UN Environment Programme,21.25788
2015,B,E,Extent area change calculated using the median spatial extent for the new baseline reference period (2000-2019),Global Surface Water Explorer extraction for UN Environment Programme,Lakes and rivers seasonal water area change (%) [6.6.1],,Percent,Time series break,Estimated,Extent area change calculated using the median spatial extent for the new baseline reference period (2000-2019),Global Surface Water Explorer extraction for UN Environment Programme,20.201
2016,B,E,Extent area change calculated using the median spatial extent for the new baseline reference period (2000-2019),Global Surface Water Explorer extraction for UN Environment Programme,Lakes and rivers seasonal water area change (%) [6.6.1],,Percent,Time series break,Estimated,Extent area change calculated using the median spatial extent for the new baseline reference period (2000-2019),Global Surface Water Explorer extraction for UN Environment Programme,24.48569
2017,B,E,Extent area change calculated using the median spatial extent for the new baseline reference period (2000-2019),Global Surface Water Explorer extraction for UN Environment Programme,Lakes and rivers seasonal water area change (%) [6.6.1],,Percent,Time series break,Estimated,Extent area change calculated using the median spatial extent for the new baseline reference period (2000-2019),Global Surface Water Explorer extraction for UN Environment Programme,29.53447
2018,B,E,Extent area change calculated using the median spatial extent for the new baseline reference period (2000-2019),Global Surface Water Explorer extraction for UN Environment Programme,Lakes and rivers seasonal water area change (%) [6.6.1],,Percent,Time series break,Estimated,Extent area change calculated using the median spatial extent for the new baseline reference period (2000-2019),Global Surface Water Explorer extraction for UN Environment Programme,34.3271
2019,B,E,Extent area change calculated using the median spatial extent for the new baseline reference period (2000-2019),Global Surface Water Explorer extraction for UN Environment Programme,Lakes and rivers seasonal water area change (%) [6.6.1],,Percent,Time series break,Estimated,Extent area change calculated using the median spatial extent for the new baseline reference period (2000-2019),Global Surface Water Explorer extraction for UN Environment Programme,37.81812
2020,B,E,Extent area change calculated using the median spatial extent for the new baseline reference period (2000-2019),Global Surface Water Explorer extraction for UN Environment Programme,Lakes and rivers seasonal water area change (%) [6.6.1],,Percent,Time series break,Estimated,Extent area change calculated using the median spatial extent for the new baseline reference period (2000-2019),Global Surface Water Explorer extraction for UN Environment Programme,42.03445
2021,B,E,Extent area change calculated using the median spatial extent for the new baseline reference period (2000-2019),Global Surface Water Explorer extraction for UN Environment Programme,Lakes and rivers seasonal water area change (%) [6.6.1],,Percent,Time series break,Estimated,Extent area change calculated using the median spatial extent for the new baseline reference period (2000-2019),Global Surface Water Explorer extraction for UN Environment Programme,48.89287
2022,B,E,Extent area change calculated using the median spatial extent for the new baseline reference period (2000-2019),Global Surface Water Explorer extraction for UN Environment Programme,Lakes and rivers seasonal water area change (%) [6.6.1],,Percent,Time series break,Estimated,Extent area change calculated using the median spatial extent for the new baseline reference period (2000-2019),Global Surface Water Explorer extraction for UN Environment Programme,52.72385
2000,A,E,,Global Surface Water Explorer extraction for UN Environment Programme,Lakes and rivers seasonal water area (square kilometres) [6.6.1],,Square kilometers,Normal value,Estimated,,Global Surface Water Explorer extraction for UN Environment Programme,122.04647
2001,A,E,,Global Surface Water Explorer extraction for UN Environment Programme,Lakes and rivers seasonal water area (square kilometres) [6.6.1],,Square kilometers,Normal value,Estimated,,Global Surface Water Explorer extraction for UN Environment Programme,155.09576
2002,A,E,,Global Surface Water Explorer extraction for UN Environment Programme,Lakes and rivers seasonal water area (square kilometres) [6.6.1],,Square kilometers,Normal value,Estimated,,Global Surface Water Explorer extraction for UN Environment Programme,268.8041
2003,A,E,,Global Surface Water Explorer extraction for UN Environment Programme,Lakes and rivers seasonal water area (square kilometres) [6.6.1],,Square kilometers,Normal value,Estimated,,Global Surface Water Explorer extraction for UN Environment Programme,376.62782
2004,A,E,,Global Surface Water Explorer extraction for UN Environment Programme,Lakes and rivers seasonal water area (square kilometres) [6.6.1],,Square kilometers,Normal value,Estimated,,Global Surface Water Explorer extraction for UN Environment Programme,490.6637
2005,A,E,,Global Surface Water Explorer extraction for UN Environment Programme,Lakes and rivers seasonal water area (square kilometres) [6.6.1],,Square kilometers,Normal value,Estimated,,Global Surface Water Explorer extraction for UN Environment Programme,534.39847
2006,A,E,,Global Surface Water Explorer extraction for UN Environment Programme,Lakes and rivers seasonal water area (square kilometres) [6.6.1],,Square kilometers,Normal value,Estimated,,Global Surface Water Explorer extraction for UN Environment Programme,535.92157
2007,A,E,,Global Surface Water Explorer extraction for UN Environment Programme,Lakes and rivers seasonal water area (square kilometres) [6.6.1],,Square kilometers,Normal value,Estimated,,Global Surface Water Explorer extraction for UN Environment Programme,507.56755
2008,A,E,,Global Surface Water Explorer extraction for UN Environment Programme,Lakes and rivers seasonal water area (square kilometres) [6.6.1],,Square kilometers,Normal value,Estimated,,Global Surface Water Explorer extraction for UN Environment Programme,524.76843
2009,A,E,,Global Surface Water Explorer extraction for UN Environment Programme,Lakes and rivers seasonal water area (square kilometres) [6.6.1],,Square kilometers,Normal value,Estimated,,Global Surface Water Explorer extraction for UN Environment Programme,508.36585
2010,A,E,,Global Surface Water Explorer extraction for UN Environment Programme,Lakes and rivers seasonal water area (square kilometres) [6.6.1],,Square kilometers,Normal value,Estimated,,Global Surface Water Explorer extraction for UN Environment Programme,527.35627
2011,A,E,,Global Surface Water Explorer extraction for UN Environment Programme,Lakes and rivers seasonal water area (square kilometres) [6.6.1],,Square kilometers,Normal value,Estimated,,Global Surface Water Explorer extraction for UN Environment Programme,550.85558
2012,A,E,,Global Surface Water Explorer extraction for UN Environment Programme,Lakes and rivers seasonal water area (square kilometres) [6.6.1],,Square kilometers,Normal value,Estimated,,Global Surface Water Explorer extraction for UN Environment Programme,586.35286
2013,A,E,,Global Surface Water Explorer extraction for UN Environment Programme,Lakes and rivers seasonal water area (square kilometres) [6.6.1],,Square kilometers,Normal value,Estimated,,Global Surface Water Explorer extraction for UN Environment Programme,584.89257
2014,A,E,,Global Surface Water Explorer extraction for UN Environment Programme,Lakes and rivers seasonal water area (square kilometres) [6.6.1],,Square kilometers,Normal value,Estimated,,Global Surface Water Explorer extraction for UN Environment Programme,617.29355
2015,A,E,,Global Surface Water Explorer extraction for UN Environment Programme,Lakes and rivers seasonal water area (square kilometres) [6.6.1],,Square kilometers,Normal value,Estimated,,Global Surface Water Explorer extraction for UN Environment Programme,611.91326
2016,A,E,,Global Surface Water Explorer extraction for UN Environment Programme,Lakes and rivers seasonal water area (square kilometres) [6.6.1],,Square kilometers,Normal value,Estimated,,Global Surface Water Explorer extraction for UN Environment Programme,633.72552
2017,A,E,,Global Surface Water Explorer extraction for UN Environment Programme,Lakes and rivers seasonal water area (square kilometres) [6.6.1],,Square kilometers,Normal value,Estimated,,Global Surface Water Explorer extraction for UN Environment Programme,659.42759
2018,A,E,,Global Surface Water Explorer extraction for UN Environment Programme,Lakes and rivers seasonal water area (square kilometres) [6.6.1],,Square kilometers,Normal value,Estimated,,Global Surface Water Explorer extraction for UN Environment Programme,683.82568
2019,A,E,,Global Surface Water Explorer extraction for UN Environment Programme,Lakes and rivers seasonal water area (square kilometres) [6.6.1],,Square kilometers,Normal value,Estimated,,Global Surface Water Explorer extraction for UN Environment Programme,701.59763
2020,A,E,,Global Surface Water Explorer extraction for UN Environment Programme,Lakes and rivers seasonal water area (square kilometres) [6.6.1],,Square kilometers,Normal value,Estimated,,Global Surface Water Explorer extraction for UN Environment Programme,723.06187
2021,A,E,,Global Surface Water Explorer extraction for UN Environment Programme,Lakes and rivers seasonal water area (square kilometres) [6.6.1],,Square kilometers,Normal value,Estimated,,Global Surface Water Explorer extraction for UN Environment Programme,757.97637
2022,A,E,,Global Surface Water Explorer extraction for UN Environment Programme,Lakes and rivers seasonal water area (square kilometres) [6.6.1],,Square kilometers,Normal value,Estimated,,Global Surface Water Explorer extraction for UN Environment Programme,777.47896
2000,A,E,,Global Surface Water Explorer extraction for UN Environment Programme,Lakes and rivers seasonal water area (% of total land area) [6.6.1],,Percent,Normal value,Estimated,,Global Surface Water Explorer extraction for UN Environment Programme,0.02103
2001,A,E,,Global Surface Water Explorer extraction for UN Environment Programme,Lakes and rivers seasonal water area (% of total land area) [6.6.1],,Percent,Normal value,Estimated,,Global Surface Water Explorer extraction for UN Environment Programme,0.02672
2002,A,E,,Global Surface Water Explorer extraction for UN Environment Programme,Lakes and rivers seasonal water area (% of total land area) [6.6.1],,Percent,Normal value,Estimated,,Global Surface Water Explorer extraction for UN Environment Programme,0.04632
2003,A,E,,Global Surface Water Explorer extraction for UN Environment Programme,Lakes and rivers seasonal water area (% of total land area) [6.6.1],,Percent,Normal value,Estimated,,Global Surface Water Explorer extraction for UN Environment Programme,0.06489
2004,A,E,,Global Surface Water Explorer extraction for UN Environment Programme,Lakes and rivers seasonal water area (% of total land area) [6.6.1],,Percent,Normal value,Estimated,,Global Surface Water Explorer extraction for UN Environment Programme,0.08454
2005,A,E,,Global Surface Water Explorer extraction for UN Environment Programme,Lakes and rivers seasonal water area (% of total land area) [6.6.1],,Percent,Normal value,Estimated,,Global Surface Water Explorer extraction for UN Environment Programme,0.09208
2006,A,E,,Global Surface Water Explorer extraction for UN Environment Programme,Lakes and rivers seasonal water area (% of total land area) [6.6.1],,Percent,Normal value,Estimated,,Global Surface Water Explorer extraction for UN Environment Programme,0.09234
2007,A,E,,Global Surface Water Explorer extraction for UN Environment Programme,Lakes and rivers seasonal water area (% of total land area) [6.6.1],,Percent,Normal value,Estimated,,Global Surface Water Explorer extraction for UN Environment Programme,0.08746
2008,A,E,,Global Surface Water Explorer extraction for UN Environment Programme,Lakes and rivers seasonal water area (% of total land area) [6.6.1],,Percent,Normal value,Estimated,,Global Surface Water Explorer extraction for UN Environment Programme,0.09042
2009,A,E,,Global Surface Water Explorer extraction for UN Environment Programme,Lakes and rivers seasonal water area (% of total land area) [6.6.1],,Percent,Normal value,Estimated,,Global Surface Water Explorer extraction for UN Environment Programme,0.08759
2010,A,E,,Global Surface Water Explorer extraction for UN Environment Programme,Lakes and rivers seasonal water area (% of total land area) [6.6.1],,Percent,Normal value,Estimated,,Global Surface Water Explorer extraction for UN Environment Programme,0.09087
2011,A,E,,Global Surface Water Explorer extraction for UN Environment Programme,Lakes and rivers seasonal water area (% of total land area) [6.6.1],,Percent,Normal value,Estimated,,Global Surface Water Explorer extraction for UN Environment Programme,0.09491
2012,A,E,,Global Surface Water Explorer extraction for UN Environment Programme,Lakes and rivers seasonal water area (% of total land area) [6.6.1],,Percent,Normal value,Estimated,,Global Surface Water Explorer extraction for UN Environment Programme,0.10103
2013,A,E,,Global Surface Water Explorer extraction for UN Environment Programme,Lakes and rivers seasonal water area (% of total land area) [6.6.1],,Percent,Normal value,Estimated,,Global Surface Water Explorer extraction for UN Environment Programme,0.10078
2014,A,E,,Global Surface Water Explorer extraction for UN Environment Programme,Lakes and rivers seasonal water area (% of total land area) [6.6.1],,Percent,Normal value,Estimated,,Global Surface Water Explorer extraction for UN Environment Programme,0.10636
2015,A,E,,Global Surface Water Explorer extraction for UN Environment Programme,Lakes and rivers seasonal water area (% of total land area) [6.6.1],,Percent,Normal value,Estimated,,Global Surface Water Explorer extraction for UN Environment Programme,0.10544
2016,A,E,,Global Surface Water Explorer extraction for UN Environment Programme,Lakes and rivers seasonal water area (% of total land area) [6.6.1],,Percent,Normal value,Estimated,,Global Surface Water Explorer extraction for UN Environment Programme,0.10919
2017,A,E,,Global Surface Water Explorer extraction for UN Environment Programme,Lakes and rivers seasonal water area (% of total land area) [6.6.1],,Percent,Normal value,Estimated,,Global Surface Water Explorer extraction for UN Environment Programme,0.11362
2018,A,E,,Global Surface Water Explorer extraction for UN Environment Programme,Lakes and rivers seasonal water area (% of total land area) [6.6.1],,Percent,Normal value,Estimated,,Global Surface Water Explorer extraction for UN Environment Programme,0.11783
2019,A,E,,Global Surface Water Explorer extraction for UN Environment Programme,Lakes and rivers seasonal water area (% of total land area) [6.6.1],,Percent,Normal value,Estimated,,Global Surface Water Explorer extraction for UN Environment Programme,0.12089
2020,A,E,,Global Surface Water Explorer extraction for UN Environment Programme,Lakes and rivers seasonal water area (% of total land area) [6.6.1],,Percent,Normal value,Estimated,,Global Surface Water Explorer extraction for UN Environment Programme,0.12459
2021,A,E,,Global Surface Water Explorer extraction for UN Environment Programme,Lakes and rivers seasonal water area (% of total land area) [6.6.1],,Percent,Normal value,Estimated,,Global Surface Water Explorer extraction for UN Environment Programme,0.1306
2022,A,E,,Global Surface Water Explorer extraction for UN Environment Programme,Lakes and rivers seasonal water area (% of total land area) [6.6.1],,Percent,Normal value,Estimated,,Global Surface Water Explorer extraction for UN Environment Programme,0.13396
2017,A,E,,Global Surface Water Explorer extraction for UN Environment Programme,Lake water quality turbidity (%) [6.6.1],Deviation Level: Extreme (75-100%),Percent,Normal value,Estimated,,Global Surface Water Explorer extraction for UN Environment Programme,4.72509
2018,A,E,,Global Surface Water Explorer extraction for UN Environment Programme,Lake water quality turbidity (%) [6.6.1],Deviation Level: Extreme (75-100%),Percent,Normal value,Estimated,,Global Surface Water Explorer extraction for UN Environment Programme,8.08112
2019,A,E,,Global Surface Water Explorer extraction for UN Environment Programme,Lake water quality turbidity (%) [6.6.1],Deviation Level: Extreme (75-100%),Percent,Normal value,Estimated,,Global Surface Water Explorer extraction for UN Environment Programme,4.72822
2020,A,E,,Global Surface Water Explorer extraction for UN Environment Programme,Lake water quality turbidity (%) [6.6.1],Deviation Level: Extreme (75-100%),Percent,Normal value,Estimated,,Global Surface Water Explorer extraction for UN Environment Programme,7.76672
2021,A,E,,Global Surface Water Explorer extraction for UN Environment Programme,Lake water quality turbidity (%) [6.6.1],Deviation Level: Extreme (75-100%),Percent,Normal value,Estimated,,Global Surface Water Explorer extraction for UN Environment Programme,1.23011
2017,A,E,,Global Surface Water Explorer extraction for UN Environment Programme,Lake water quality turbidity (%) [6.6.1],Deviation Level: High (50-75%),Percent,Normal value,Estimated,,Global Surface Water Explorer extraction for UN Environment Programme,11.07878
2018,A,E,,Global Surface Water Explorer extraction for UN Environment Programme,Lake water quality turbidity (%) [6.6.1],Deviation Level: High (50-75%),Percent,Normal value,Estimated,,Global Surface Water Explorer extraction for UN Environment Programme,9.69215
2019,A,E,,Global Surface Water Explorer extraction for UN Environment Programme,Lake water quality turbidity (%) [6.6.1],Deviation Level: High (50-75%),Percent,Normal value,Estimated,,Global Surface Water Explorer extraction for UN Environment Programme,5.11069
2020,A,E,,Global Surface Water Explorer extraction for UN Environment Programme,Lake water quality turbidity (%) [6.6.1],Deviation Level: High (50-75%),Percent,Normal value,Estimated,,Global Surface Water Explorer extraction for UN Environment Programme,9.0257
2021,A,E,,Global Surface Water Explorer extraction for UN Environment Programme,Lake water quality turbidity (%) [6.6.1],Deviation Level: High (50-75%),Percent,Normal value,Estimated,,Global Surface Water Explorer extraction for UN Environment Programme,1.91381
2017,A,E,,Global Surface Water Explorer extraction for UN Environment Programme,Lake water quality turbidity (%) [6.6.1],Deviation Level: Low (0-25%),Percent,Normal value,Estimated,,Global Surface Water Explorer extraction for UN Environment Programme,73.36598
2018,A,E,,Global Surface Water Explorer extraction for UN Environment Programme,Lake water quality turbidity (%) [6.6.1],Deviation Level: Low (0-25%),Percent,Normal value,Estimated,,Global Surface Water Explorer extraction for UN Environment Programme,72.03925
2019,A,E,,Global Surface Water Explorer extraction for UN Environment Programme,Lake water quality turbidity (%) [6.6.1],Deviation Level: Low (0-25%),Percent,Normal value,Estimated,,Global Surface Water Explorer extraction for UN Environment Programme,84.03497
2020,A,E,,Global Surface Water Explorer extraction for UN Environment Programme,Lake water quality turbidity (%) [6.6.1],Deviation Level: Low (0-25%),Percent,Normal value,Estimated,,Global Surface Water Explorer extraction for UN Environment Programme,73.4927
2021,A,E,,Global Surface Water Explorer extraction for UN Environment Programme,Lake water quality turbidity (%) [6.6.1],Deviation Level: Low (0-25%),Percent,Normal value,Estimated,,Global Surface Water Explorer extraction for UN Environment Programme,93.58018
2017,A,E,,Global Surface Water Explorer extraction for UN Environment Programme,Lake water quality turbidity (%) [6.6.1],Deviation Level: Medium (25-50%),Percent,Normal value,Estimated,,Global Surface Water Explorer extraction for UN Environment Programme,10.83015
2018,A,E,,Global Surface Water Explorer extraction for UN Environment Programme,Lake water quality turbidity (%) [6.6.1],Deviation Level: Medium (25-50%),Percent,Normal value,Estimated,,Global Surface Water Explorer extraction for UN Environment Programme,10.18748
2019,A,E,,Global Surface Water Explorer extraction for UN Environment Programme,Lake water quality turbidity (%) [6.6.1],Deviation Level: Medium (25-50%),Percent,Normal value,Estimated,,Global Surface Water Explorer extraction for UN Environment Programme,6.12612
2020,A,E,,Global Surface Water Explorer extraction for UN Environment Programme,Lake water quality turbidity (%) [6.6.1],Deviation Level: Medium (25-50%),Percent,Normal value,Estimated,,Global Surface Water Explorer extraction for UN Environment Programme,9.71489
2021,A,E,,Global Surface Water Explorer extraction for UN Environment Programme,Lake water quality turbidity (%) [6.6.1],Deviation Level: Medium (25-50%),Percent,Normal value,Estimated,,Global Surface Water Explorer extraction for UN Environment Programme,3.2759
2017,A,E,,Global Surface Water Explorer extraction for UN Environment Programme,Lake water quality trophic state (%) [6.6.1],Deviation Level: Extreme (75-100%),Percent,Normal value,Estimated,,Global Surface Water Explorer extraction for UN Environment Programme,0.46801
2018,A,E,,Global Surface Water Explorer extraction for UN Environment Programme,Lake water quality trophic state (%) [6.6.1],Deviation Level: Extreme (75-100%),Percent,Normal value,Estimated,,Global Surface Water Explorer extraction for UN Environment Programme,0.64324
2019,A,E,,Global Surface Water Explorer extraction for UN Environment Programme,Lake water quality trophic state (%) [6.6.1],Deviation Level: Extreme (75-100%),Percent,Normal value,Estimated,,Global Surface Water Explorer extraction for UN Environment Programme,0.53721
2020,A,E,,Global Surface Water Explorer extraction for UN Environment Programme,Lake water quality trophic state (%) [6.6.1],Deviation Level: Extreme (75-100%),Percent,Normal value,Estimated,,Global Surface Water Explorer extraction for UN Environment Programme,0.56666
2021,A,E,,Global Surface Water Explorer extraction for UN Environment Programme,Lake water quality trophic state (%) [6.6.1],Deviation Level: Extreme (75-100%),Percent,Normal value,Estimated,,Global Surface Water Explorer extraction for UN Environment Programme,0.65891
2017,A,E,,Global Surface Water Explorer extraction for UN Environment Programme,Lake water quality trophic state (%) [6.6.1],Deviation Level: High (50-75%),Percent,Normal value,Estimated,,Global Surface Water Explorer extraction for UN Environment Programme,1.13962
2018,A,E,,Global Surface Water Explorer extraction for UN Environment Programme,Lake water quality trophic state (%) [6.6.1],Deviation Level: High (50-75%),Percent,Normal value,Estimated,,Global Surface Water Explorer extraction for UN Environment Programme,2.32168
2019,A,E,,Global Surface Water Explorer extraction for UN Environment Programme,Lake water quality trophic state (%) [6.6.1],Deviation Level: High (50-75%),Percent,Normal value,Estimated,,Global Surface Water Explorer extraction for UN Environment Programme,1.35085
2020,A,E,,Global Surface Water Explorer extraction for UN Environment Programme,Lake water quality trophic state (%) [6.6.1],Deviation Level: High (50-75%),Percent,Normal value,Estimated,,Global Surface Water Explorer extraction for UN Environment Programme,1.24876
2021,A,E,,Global Surface Water Explorer extraction for UN Environment Programme,Lake water quality trophic state (%) [6.6.1],Deviation Level: High (50-75%),Percent,Normal value,Estimated,,Global Surface Water Explorer extraction for UN Environment Programme,2.04043
2017,A,E,,Global Surface Water Explorer extraction for UN Environment Programme,Lake water quality trophic state (%) [6.6.1],Deviation Level: Low (0-25%),Percent,Normal value,Estimated,,Global Surface Water Explorer extraction for UN Environment Programme,95.13233
2018,A,E,,Global Surface Water Explorer extraction for UN Environment Programme,Lake water quality trophic state (%) [6.6.1],Deviation Level: Low (0-25%),Percent,Normal value,Estimated,,Global Surface Water Explorer extraction for UN Environment Programme,90.64018
2019,A,E,,Global Surface Water Explorer extraction for UN Environment Programme,Lake water quality trophic state (%) [6.6.1],Deviation Level: Low (0-25%),Percent,Normal value,Estimated,,Global Surface Water Explorer extraction for UN Environment Programme,91.8789
2020,A,E,,Global Surface Water Explorer extraction for UN Environment Programme,Lake water quality trophic state (%) [6.6.1],Deviation Level: Low (0-25%),Percent,Normal value,Estimated,,Global Surface Water Explorer extraction for UN Environment Programme,94.11731
2021,A,E,,Global Surface Water Explorer extraction for UN Environment Programme,Lake water quality trophic state (%) [6.6.1],Deviation Level: Low (0-25%),Percent,Normal value,Estimated,,Global Surface Water Explorer extraction for UN Environment Programme,89.73392
2017,A,E,,Global Surface Water Explorer extraction for UN Environment Programme,Lake water quality trophic state (%) [6.6.1],Deviation Level: Medium (25-50%),Percent,Normal value,Estimated,,Global Surface Water Explorer extraction for UN Environment Programme,3.26005
2018,A,E,,Global Surface Water Explorer extraction for UN Environment Programme,Lake water quality trophic state (%) [6.6.1],Deviation Level: Medium (25-50%),Percent,Normal value,Estimated,,Global Surface Water Explorer extraction for UN Environment Programme,6.3949
2019,A,E,,Global Surface Water Explorer extraction for UN Environment Programme,Lake water quality trophic state (%) [6.6.1],Deviation Level: Medium (25-50%),Percent,Normal value,Estimated,,Global Surface Water Explorer extraction for UN Environment Programme,6.23305
2020,A,E,,Global Surface Water Explorer extraction for UN Environment Programme,Lake water quality trophic state (%) [6.6.1],Deviation Level: Medium (25-50%),Percent,Normal value,Estimated,,Global Surface Water Explorer extraction for UN Environment Programme,4.06727
2021,A,E,,Global Surface Water Explorer extraction for UN Environment Programme,Lake water quality trophic state (%) [6.6.1],Deviation Level: Medium (25-50%),Percent,Normal value,Estimated,,Global Surface Water Explorer extraction for UN Environment Programme,7.56673
2000,B,E,Extent area change calculated using the median spatial extent for the new baseline reference period (2000-2019),Global Surface Water Explorer extraction for UN Environment Programme,Reservoir minimum water area change (%) [6.6.1],,Percent,Time series break,Estimated,Extent area change calculated using the median spatial extent for the new baseline reference period (2000-2019),Global Surface Water Explorer extraction for UN Environment Programme,-55.5915
2001,B,E,Extent area change calculated using the median spatial extent for the new baseline reference period (2000-2019),Global Surface Water Explorer extraction for UN Environment Programme,Reservoir minimum water area change (%) [6.6.1],,Percent,Time series break,Estimated,Extent area change calculated using the median spatial extent for the new baseline reference period (2000-2019),Global Surface Water Explorer extraction for UN Environment Programme,-56.03572
2002,B,E,Extent area change calculated using the median spatial extent for the new baseline reference period (2000-2019),Global Surface Water Explorer extraction for UN Environment Programme,Reservoir minimum water area change (%) [6.6.1],,Percent,Time series break,Estimated,Extent area change calculated using the median spatial extent for the new baseline reference period (2000-2019),Global Surface Water Explorer extraction for UN Environment Programme,-34.01913
2003,B,E,Extent area change calculated using the median spatial extent for the new baseline reference period (2000-2019),Global Surface Water Explorer extraction for UN Environment Programme,Reservoir minimum water area change (%) [6.6.1],,Percent,Time series break,Estimated,Extent area change calculated using the median spatial extent for the new baseline reference period (2000-2019),Global Surface Water Explorer extraction for UN Environment Programme,-11.72303
2004,B,E,Extent area change calculated using the median spatial extent for the new baseline reference period (2000-2019),Global Surface Water Explorer extraction for UN Environment Programme,Reservoir minimum water area change (%) [6.6.1],,Percent,Time series break,Estimated,Extent area change calculated using the median spatial extent for the new baseline reference period (2000-2019),Global Surface Water Explorer extraction for UN Environment Programme,10.70015
2005,B,E,Extent area change calculated using the median spatial extent for the new baseline reference period (2000-2019),Global Surface Water Explorer extraction for UN Environment Programme,Reservoir minimum water area change (%) [6.6.1],,Percent,Time series break,Estimated,Extent area change calculated using the median spatial extent for the new baseline reference period (2000-2019),Global Surface Water Explorer extraction for UN Environment Programme,11.06581
2006,B,E,Extent area change calculated using the median spatial extent for the new baseline reference period (2000-2019),Global Surface Water Explorer extraction for UN Environment Programme,Reservoir minimum water area change (%) [6.6.1],,Percent,Time series break,Estimated,Extent area change calculated using the median spatial extent for the new baseline reference period (2000-2019),Global Surface Water Explorer extraction for UN Environment Programme,11.34805
2007,B,E,Extent area change calculated using the median spatial extent for the new baseline reference period (2000-2019),Global Surface Water Explorer extraction for UN Environment Programme,Reservoir minimum water area change (%) [6.6.1],,Percent,Time series break,Estimated,Extent area change calculated using the median spatial extent for the new baseline reference period (2000-2019),Global Surface Water Explorer extraction for UN Environment Programme,11.33316
2008,B,E,Extent area change calculated using the median spatial extent for the new baseline reference period (2000-2019),Global Surface Water Explorer extraction for UN Environment Programme,Reservoir minimum water area change (%) [6.6.1],,Percent,Time series break,Estimated,Extent area change calculated using the median spatial extent for the new baseline reference period (2000-2019),Global Surface Water Explorer extraction for UN Environment Programme,10.69448
2009,B,E,Extent area change calculated using the median spatial extent for the new baseline reference period (2000-2019),Global Surface Water Explorer extraction for UN Environment Programme,Reservoir minimum water area change (%) [6.6.1],,Percent,Time series break,Estimated,Extent area change calculated using the median spatial extent for the new baseline reference period (2000-2019),Global Surface Water Explorer extraction for UN Environment Programme,10.48322
2010,B,E,Extent area change calculated using the median spatial extent for the new baseline reference period (2000-2019),Global Surface Water Explorer extraction for UN Environment Programme,Reservoir minimum water area change (%) [6.6.1],,Percent,Time series break,Estimated,Extent area change calculated using the median spatial extent for the new baseline reference period (2000-2019),Global Surface Water Explorer extraction for UN Environment Programme,9.69242
2011,B,E,Extent area change calculated using the median spatial extent for the new baseline reference period (2000-2019),Global Surface Water Explorer extraction for UN Environment Programme,Reservoir minimum water area change (%) [6.6.1],,Percent,Time series break,Estimated,Extent area change calculated using the median spatial extent for the new baseline reference period (2000-2019),Global Surface Water Explorer extraction for UN Environment Programme,9.19942
2012,B,E,Extent area change calculated using the median spatial extent for the new baseline reference period (2000-2019),Global Surface Water Explorer extraction for UN Environment Programme,Reservoir minimum water area change (%) [6.6.1],,Percent,Time series break,Estimated,Extent area change calculated using the median spatial extent for the new baseline reference period (2000-2019),Global Surface Water Explorer extraction for UN Environment Programme,8.79431
2013,B,E,Extent area change calculated using the median spatial extent for the new baseline reference period (2000-2019),Global Surface Water Explorer extraction for UN Environment Programme,Reservoir minimum water area change (%) [6.6.1],,Percent,Time series break,Estimated,Extent area change calculated using the median spatial extent for the new baseline reference period (2000-2019),Global Surface Water Explorer extraction for UN Environment Programme,8.51308
2014,B,E,Extent area change calculated using the median spatial extent for the new baseline reference period (2000-2019),Global Surface Water Explorer extraction for UN Environment Programme,Reservoir minimum water area change (%) [6.6.1],,Percent,Time series break,Estimated,Extent area change calculated using the median spatial extent for the new baseline reference period (2000-2019),Global Surface Water Explorer extraction for UN Environment Programme,8.28064
2015,B,E,Extent area change calculated using the median spatial extent for the new baseline reference period (2000-2019),Global Surface Water Explorer extraction for UN Environment Programme,Reservoir minimum water area change (%) [6.6.1],,Percent,Time series break,Estimated,Extent area change calculated using the median spatial extent for the new baseline reference period (2000-2019),Global Surface Water Explorer extraction for UN Environment Programme,8.76668
2016,B,E,Extent area change calculated using the median spatial extent for the new baseline reference period (2000-2019),Global Surface Water Explorer extraction for UN Environment Programme,Reservoir minimum water area change (%) [6.6.1],,Percent,Time series break,Estimated,Extent area change calculated using the median spatial extent for the new baseline reference period (2000-2019),Global Surface Water Explorer extraction for UN Environment Programme,9.08331
2017,B,E,Extent area change calculated using the median spatial extent for the new baseline reference period (2000-2019),Global Surface Water Explorer extraction for UN Environment Programme,Reservoir minimum water area change (%) [6.6.1],,Percent,Time series break,Estimated,Extent area change calculated using the median spatial extent for the new baseline reference period (2000-2019),Global Surface Water Explorer extraction for UN Environment Programme,9.5819
2018,B,E,Extent area change calculated using the median spatial extent for the new baseline reference period (2000-2019),Global Surface Water Explorer extraction for UN Environment Programme,Reservoir minimum water area change (%) [6.6.1],,Percent,Time series break,Estimated,Extent area change calculated using the median spatial extent for the new baseline reference period (2000-2019),Global Surface Water Explorer extraction for UN Environment Programme,9.97783
2019,B,E,Extent area change calculated using the median spatial extent for the new baseline reference period (2000-2019),Global Surface Water Explorer extraction for UN Environment Programme,Reservoir minimum water area change (%) [6.6.1],,Percent,Time series break,Estimated,Extent area change calculated using the median spatial extent for the new baseline reference period (2000-2019),Global Surface Water Explorer extraction for UN Environment Programme,9.8549
2020,B,E,Extent area change calculated using the median spatial extent for the new baseline reference period (2000-2019),Global Surface Water Explorer extraction for UN Environment Programme,Reservoir minimum water area change (%) [6.6.1],,Percent,Time series break,Estimated,Extent area change calculated using the median spatial extent for the new baseline reference period (2000-2019),Global Surface Water Explorer extraction for UN Environment Programme,9.52374
2021,B,E,Extent area change calculated using the median spatial extent for the new baseline reference period (2000-2019),Global Surface Water Explorer extraction for UN Environment Programme,Reservoir minimum water area change (%) [6.6.1],,Percent,Time series break,Estimated,Extent area change calculated using the median spatial extent for the new baseline reference period (2000-2019),Global Surface Water Explorer extraction for UN Environment Programme,9.72047
2022,B,E,Extent area change calculated using the median spatial extent for the new baseline reference period (2000-2019),Global Surface Water Explorer extraction for UN Environment Programme,Reservoir minimum water area change (%) [6.6.1],,Percent,Time series break,Estimated,Extent area change calculated using the median spatial extent for the new baseline reference period (2000-2019),Global Surface Water Explorer extraction for UN Environment Programme,9.94251
2000,A,E,,Global Surface Water Explorer extraction for UN Environment Programme,Reservoir minimum water area (square kilometres) [6.6.1],,Square kilometers,Normal value,Estimated,,Global Surface Water Explorer extraction for UN Environment Programme,1554.87067
2001,A,E,,Global Surface Water Explorer extraction for UN Environment Programme,Reservoir minimum water area (square kilometres) [6.6.1],,Square kilometers,Normal value,Estimated,,Global Surface Water Explorer extraction for UN Environment Programme,1539.31747
2002,A,E,,Global Surface Water Explorer extraction for UN Environment Programme,Reservoir minimum water area (square kilometres) [6.6.1],,Square kilometers,Normal value,Estimated,,Global Surface Water Explorer extraction for UN Environment Programme,2310.18235
2003,A,E,,Global Surface Water Explorer extraction for UN Environment Programme,Reservoir minimum water area (square kilometres) [6.6.1],,Square kilometers,Normal value,Estimated,,Global Surface Water Explorer extraction for UN Environment Programme,3090.83347
2004,A,E,,Global Surface Water Explorer extraction for UN Environment Programme,Reservoir minimum water area (square kilometres) [6.6.1],,Square kilometers,Normal value,Estimated,,Global Surface Water Explorer extraction for UN Environment Programme,3875.93445
2005,A,E,,Global Surface Water Explorer extraction for UN Environment Programme,Reservoir minimum water area (square kilometres) [6.6.1],,Square kilometers,Normal value,Estimated,,Global Surface Water Explorer extraction for UN Environment Programme,3888.73726
2006,A,E,,Global Surface Water Explorer extraction for UN Environment Programme,Reservoir minimum water area (square kilometres) [6.6.1],,Square kilometers,Normal value,Estimated,,Global Surface Water Explorer extraction for UN Environment Programme,3898.61925
2007,A,E,,Global Surface Water Explorer extraction for UN Environment Programme,Reservoir minimum water area (square kilometres) [6.6.1],,Square kilometers,Normal value,Estimated,,Global Surface Water Explorer extraction for UN Environment Programme,3898.09779
2008,A,E,,Global Surface Water Explorer extraction for UN Environment Programme,Reservoir minimum water area (square kilometres) [6.6.1],,Square kilometers,Normal value,Estimated,,Global Surface Water Explorer extraction for UN Environment Programme,3875.7358
2009,A,E,,Global Surface Water Explorer extraction for UN Environment Programme,Reservoir minimum water area (square kilometres) [6.6.1],,Square kilometers,Normal value,Estimated,,Global Surface Water Explorer extraction for UN Environment Programme,3868.33914
2010,A,E,,Global Surface Water Explorer extraction for UN Environment Programme,Reservoir minimum water area (square kilometres) [6.6.1],,Square kilometers,Normal value,Estimated,,Global Surface Water Explorer extraction for UN Environment Programme,3840.65086
2011,A,E,,Global Surface Water Explorer extraction for UN Environment Programme,Reservoir minimum water area (square kilometres) [6.6.1],,Square kilometers,Normal value,Estimated,,Global Surface Water Explorer extraction for UN Environment Programme,3823.38957
2012,A,E,,Global Surface Water Explorer extraction for UN Environment Programme,Reservoir minimum water area (square kilometres) [6.6.1],,Square kilometers,Normal value,Estimated,,Global Surface Water Explorer extraction for UN Environment Programme,3809.20547
2013,A,E,,Global Surface Water Explorer extraction for UN Environment Programme,Reservoir minimum water area (square kilometres) [6.6.1],,Square kilometers,Normal value,Estimated,,Global Surface Water Explorer extraction for UN Environment Programme,3799.35867
2014,A,E,,Global Surface Water Explorer extraction for UN Environment Programme,Reservoir minimum water area (square kilometres) [6.6.1],,Square kilometers,Normal value,Estimated,,Global Surface Water Explorer extraction for UN Environment Programme,3791.22011
2015,A,E,,Global Surface Water Explorer extraction for UN Environment Programme,Reservoir minimum water area (square kilometres) [6.6.1],,Square kilometers,Normal value,Estimated,,Global Surface Water Explorer extraction for UN Environment Programme,3808.23793
2016,A,E,,Global Surface Water Explorer extraction for UN Environment Programme,Reservoir minimum water area (square kilometres) [6.6.1],,Square kilometers,Normal value,Estimated,,Global Surface Water Explorer extraction for UN Environment Programme,3819.32419
2017,A,E,,Global Surface Water Explorer extraction for UN Environment Programme,Reservoir minimum water area (square kilometres) [6.6.1],,Square kilometers,Normal value,Estimated,,Global Surface Water Explorer extraction for UN Environment Programme,3836.78102
2018,A,E,,Global Surface Water Explorer extraction for UN Environment Programme,Reservoir minimum water area (square kilometres) [6.6.1],,Square kilometers,Normal value,Estimated,,Global Surface Water Explorer extraction for UN Environment Programme,3850.64396
2019,A,E,,Global Surface Water Explorer extraction for UN Environment Programme,Reservoir minimum water area (square kilometres) [6.6.1],,Square kilometers,Normal value,Estimated,,Global Surface Water Explorer extraction for UN Environment Programme,3846.33955
2020,A,E,,Global Surface Water Explorer extraction for UN Environment Programme,Reservoir minimum water area (square kilometres) [6.6.1],,Square kilometers,Normal value,Estimated,,Global Surface Water Explorer extraction for UN Environment Programme,3834.74479
2021,A,E,,Global Surface Water Explorer extraction for UN Environment Programme,Reservoir minimum water area (square kilometres) [6.6.1],,Square kilometers,Normal value,Estimated,,Global Surface Water Explorer extraction for UN Environment Programme,3841.63292
2022,A,E,,Global Surface Water Explorer extraction for UN Environment Programme,Reservoir minimum water area (square kilometres) [6.6.1],,Square kilometers,Normal value,Estimated,,Global Surface Water Explorer extraction for UN Environment Programme,3849.40723
2000,A,E,,Global Surface Water Explorer extraction for UN Environment Programme,Reservoir minimum water area (% of total land area) [6.6.1],,Percent,Normal value,Estimated,,Global Surface Water Explorer extraction for UN Environment Programme,0.26791
2001,A,E,,Global Surface Water Explorer extraction for UN Environment Programme,Reservoir minimum water area (% of total land area) [6.6.1],,Percent,Normal value,Estimated,,Global Surface Water Explorer extraction for UN Environment Programme,0.26523
2002,A,E,,Global Surface Water Explorer extraction for UN Environment Programme,Reservoir minimum water area (% of total land area) [6.6.1],,Percent,Normal value,Estimated,,Global Surface Water Explorer extraction for UN Environment Programme,0.39805
2003,A,E,,Global Surface Water Explorer extraction for UN Environment Programme,Reservoir minimum water area (% of total land area) [6.6.1],,Percent,Normal value,Estimated,,Global Surface Water Explorer extraction for UN Environment Programme,0.53256
2004,A,E,,Global Surface Water Explorer extraction for UN Environment Programme,Reservoir minimum water area (% of total land area) [6.6.1],,Percent,Normal value,Estimated,,Global Surface Water Explorer extraction for UN Environment Programme,0.66784
2005,A,E,,Global Surface Water Explorer extraction for UN Environment Programme,Reservoir minimum water area (% of total land area) [6.6.1],,Percent,Normal value,Estimated,,Global Surface Water Explorer extraction for UN Environment Programme,0.67004
2006,A,E,,Global Surface Water Explorer extraction for UN Environment Programme,Reservoir minimum water area (% of total land area) [6.6.1],,Percent,Normal value,Estimated,,Global Surface Water Explorer extraction for UN Environment Programme,0.67175
2007,A,E,,Global Surface Water Explorer extraction for UN Environment Programme,Reservoir minimum water area (% of total land area) [6.6.1],,Percent,Normal value,Estimated,,Global Surface Water Explorer extraction for UN Environment Programme,0.67166
2008,A,E,,Global Surface Water Explorer extraction for UN Environment Programme,Reservoir minimum water area (% of total land area) [6.6.1],,Percent,Normal value,Estimated,,Global Surface Water Explorer extraction for UN Environment Programme,0.6678
2009,A,E,,Global Surface Water Explorer extraction for UN Environment Programme,Reservoir minimum water area (% of total land area) [6.6.1],,Percent,Normal value,Estimated,,Global Surface Water Explorer extraction for UN Environment Programme,0.66653
2010,A,E,,Global Surface Water Explorer extraction for UN Environment Programme,Reservoir minimum water area (% of total land area) [6.6.1],,Percent,Normal value,Estimated,,Global Surface Water Explorer extraction for UN Environment Programme,0.66176
2011,A,E,,Global Surface Water Explorer extraction for UN Environment Programme,Reservoir minimum water area (% of total land area) [6.6.1],,Percent,Normal value,Estimated,,Global Surface Water Explorer extraction for UN Environment Programme,0.65878
2012,A,E,,Global Surface Water Explorer extraction for UN Environment Programme,Reservoir minimum water area (% of total land area) [6.6.1],,Percent,Normal value,Estimated,,Global Surface Water Explorer extraction for UN Environment Programme,0.65634
2013,A,E,,Global Surface Water Explorer extraction for UN Environment Programme,Reservoir minimum water area (% of total land area) [6.6.1],,Percent,Normal value,Estimated,,Global Surface Water Explorer extraction for UN Environment Programme,0.65464
2014,A,E,,Global Surface Water Explorer extraction for UN Environment Programme,Reservoir minimum water area (% of total land area) [6.6.1],,Percent,Normal value,Estimated,,Global Surface Water Explorer extraction for UN Environment Programme,0.65324
2015,A,E,,Global Surface Water Explorer extraction for UN Environment Programme,Reservoir minimum water area (% of total land area) [6.6.1],,Percent,Normal value,Estimated,,Global Surface Water Explorer extraction for UN Environment Programme,0.65617
2016,A,E,,Global Surface Water Explorer extraction for UN Environment Programme,Reservoir minimum water area (% of total land area) [6.6.1],,Percent,Normal value,Estimated,,Global Surface Water Explorer extraction for UN Environment Programme,0.65808
2017,A,E,,Global Surface Water Explorer extraction for UN Environment Programme,Reservoir minimum water area (% of total land area) [6.6.1],,Percent,Normal value,Estimated,,Global Surface Water Explorer extraction for UN Environment Programme,0.66109
2018,A,E,,Global Surface Water Explorer extraction for UN Environment Programme,Reservoir minimum water area (% of total land area) [6.6.1],,Percent,Normal value,Estimated,,Global Surface Water Explorer extraction for UN Environment Programme,0.66348
2019,A,E,,Global Surface Water Explorer extraction for UN Environment Programme,Reservoir minimum water area (% of total land area) [6.6.1],,Percent,Normal value,Estimated,,Global Surface Water Explorer extraction for UN Environment Programme,0.66274
2020,A,E,,Global Surface Water Explorer extraction for UN Environment Programme,Reservoir minimum water area (% of total land area) [6.6.1],,Percent,Normal value,Estimated,,Global Surface Water Explorer extraction for UN Environment Programme,0.66074
2021,A,E,,Global Surface Water Explorer extraction for UN Environment Programme,Reservoir minimum water area (% of total land area) [6.6.1],,Percent,Normal value,Estimated,,Global Surface Water Explorer extraction for UN Environment Programme,0.66193
2022,A,E,,Global Surface Water Explorer extraction for UN Environment Programme,Reservoir minimum water area (% of total land area) [6.6.1],,Percent,Normal value,Estimated,,Global Surface Water Explorer extraction for UN Environment Programme,0.66327
2000,A,E,,Global Surface Water Explorer extraction for UN Environment Programme,Reservoir maximum water area (square kilometres) [6.6.1],,Square kilometers,Normal value,Estimated,,Global Surface Water Explorer extraction for UN Environment Programme,1563.06707
2001,A,E,,Global Surface Water Explorer extraction for UN Environment Programme,Reservoir maximum water area (square kilometres) [6.6.1],,Square kilometers,Normal value,Estimated,,Global Surface Water Explorer extraction for UN Environment Programme,1552.34161
2002,A,E,,Global Surface Water Explorer extraction for UN Environment Programme,Reservoir maximum water area (square kilometres) [6.6.1],,Square kilometers,Normal value,Estimated,,Global Surface Water Explorer extraction for UN Environment Programme,2337.07328
2003,A,E,,Global Surface Water Explorer extraction for UN Environment Programme,Reservoir maximum water area (square kilometres) [6.6.1],,Square kilometers,Normal value,Estimated,,Global Surface Water Explorer extraction for UN Environment Programme,3127.94998
2004,A,E,,Global Surface Water Explorer extraction for UN Environment Programme,Reservoir maximum water area (square kilometres) [6.6.1],,Square kilometers,Normal value,Estimated,,Global Surface Water Explorer extraction for UN Environment Programme,3921.88684
2005,A,E,,Global Surface Water Explorer extraction for UN Environment Programme,Reservoir maximum water area (square kilometres) [6.6.1],,Square kilometers,Normal value,Estimated,,Global Surface Water Explorer extraction for UN Environment Programme,3938.76244
2006,A,E,,Global Surface Water Explorer extraction for UN Environment Programme,Reservoir maximum water area (square kilometres) [6.6.1],,Square kilometers,Normal value,Estimated,,Global Surface Water Explorer extraction for UN Environment Programme,3947.98577
2007,A,E,,Global Surface Water Explorer extraction for UN Environment Programme,Reservoir maximum water area (square kilometres) [6.6.1],,Square kilometers,Normal value,Estimated,,Global Surface Water Explorer extraction for UN Environment Programme,3946.74995
2008,A,E,,Global Surface Water Explorer extraction for UN Environment Programme,Reservoir maximum water area (square kilometres) [6.6.1],,Square kilometers,Normal value,Estimated,,Global Surface Water Explorer extraction for UN Environment Programme,3945.48155
2009,A,E,,Global Surface Water Explorer extraction for UN Environment Programme,Reservoir maximum water area (square kilometres) [6.6.1],,Square kilometers,Normal value,Estimated,,Global Surface Water Explorer extraction for UN Environment Programme,3936.32069
2010,A,E,,Global Surface Water Explorer extraction for UN Environment Programme,Reservoir maximum water area (square kilometres) [6.6.1],,Square kilometers,Normal value,Estimated,,Global Surface Water Explorer extraction for UN Environment Programme,3925.14281
2011,A,E,,Global Surface Water Explorer extraction for UN Environment Programme,Reservoir maximum water area (square kilometres) [6.6.1],,Square kilometers,Normal value,Estimated,,Global Surface Water Explorer extraction for UN Environment Programme,3925.5725
2012,A,E,,Global Surface Water Explorer extraction for UN Environment Programme,Reservoir maximum water area (square kilometres) [6.6.1],,Square kilometers,Normal value,Estimated,,Global Surface Water Explorer extraction for UN Environment Programme,3931.52003
2013,A,E,,Global Surface Water Explorer extraction for UN Environment Programme,Reservoir maximum water area (square kilometres) [6.6.1],,Square kilometers,Normal value,Estimated,,Global Surface Water Explorer extraction for UN Environment Programme,3933.39722
2014,A,E,,Global Surface Water Explorer extraction for UN Environment Programme,Reservoir maximum water area (square kilometres) [6.6.1],,Square kilometers,Normal value,Estimated,,Global Surface Water Explorer extraction for UN Environment Programme,3940.75207
2015,A,E,,Global Surface Water Explorer extraction for UN Environment Programme,Reservoir maximum water area (square kilometres) [6.6.1],,Square kilometers,Normal value,Estimated,,Global Surface Water Explorer extraction for UN Environment Programme,3947.80086
2016,A,E,,Global Surface Water Explorer extraction for UN Environment Programme,Reservoir maximum water area (square kilometres) [6.6.1],,Square kilometers,Normal value,Estimated,,Global Surface Water Explorer extraction for UN Environment Programme,3949.70585
2017,A,E,,Global Surface Water Explorer extraction for UN Environment Programme,Reservoir maximum water area (square kilometres) [6.6.1],,Square kilometers,Normal value,Estimated,,Global Surface Water Explorer extraction for UN Environment Programme,3951.53812
2018,A,E,,Global Surface Water Explorer extraction for UN Environment Programme,Reservoir maximum water area (square kilometres) [6.6.1],,Square kilometers,Normal value,Estimated,,Global Surface Water Explorer extraction for UN Environment Programme,3941.29985
2019,A,E,,Global Surface Water Explorer extraction for UN Environment Programme,Reservoir maximum water area (square kilometres) [6.6.1],,Square kilometers,Normal value,Estimated,,Global Surface Water Explorer extraction for UN Environment Programme,3942.98652
2020,A,E,,Global Surface Water Explorer extraction for UN Environment Programme,Reservoir maximum water area (square kilometres) [6.6.1],,Square kilometers,Normal value,Estimated,,Global Surface Water Explorer extraction for UN Environment Programme,3950.47068
2021,A,E,,Global Surface Water Explorer extraction for UN Environment Programme,Reservoir maximum water area (square kilometres) [6.6.1],,Square kilometers,Normal value,Estimated,,Global Surface Water Explorer extraction for UN Environment Programme,3955.39883
2022,A,E,,Global Surface Water Explorer extraction for UN Environment Programme,Reservoir maximum water area (square kilometres) [6.6.1],,Square kilometers,Normal value,Estimated,,Global Surface Water Explorer extraction for UN Environment Programme,3957.03236
2000,A,E,,Global Surface Water Explorer extraction for UN Environment Programme,Reservoir maximum water area (% of total land area) [6.6.1],,Percent,Normal value,Estimated,,Global Surface Water Explorer extraction for UN Environment Programme,0.26932
2001,A,E,,Global Surface Water Explorer extraction for UN Environment Programme,Reservoir maximum water area (% of total land area) [6.6.1],,Percent,Normal value,Estimated,,Global Surface Water Explorer extraction for UN Environment Programme,0.26747
2002,A,E,,Global Surface Water Explorer extraction for UN Environment Programme,Reservoir maximum water area (% of total land area) [6.6.1],,Percent,Normal value,Estimated,,Global Surface Water Explorer extraction for UN Environment Programme,0.40269
2003,A,E,,Global Surface Water Explorer extraction for UN Environment Programme,Reservoir maximum water area (% of total land area) [6.6.1],,Percent,Normal value,Estimated,,Global Surface Water Explorer extraction for UN Environment Programme,0.53896
2004,A,E,,Global Surface Water Explorer extraction for UN Environment Programme,Reservoir maximum water area (% of total land area) [6.6.1],,Percent,Normal value,Estimated,,Global Surface Water Explorer extraction for UN Environment Programme,0.67576
2005,A,E,,Global Surface Water Explorer extraction for UN Environment Programme,Reservoir maximum water area (% of total land area) [6.6.1],,Percent,Normal value,Estimated,,Global Surface Water Explorer extraction for UN Environment Programme,0.67866
2006,A,E,,Global Surface Water Explorer extraction for UN Environment Programme,Reservoir maximum water area (% of total land area) [6.6.1],,Percent,Normal value,Estimated,,Global Surface Water Explorer extraction for UN Environment Programme,0.68025
2007,A,E,,Global Surface Water Explorer extraction for UN Environment Programme,Reservoir maximum water area (% of total land area) [6.6.1],,Percent,Normal value,Estimated,,Global Surface Water Explorer extraction for UN Environment Programme,0.68004
2008,A,E,,Global Surface Water Explorer extraction for UN Environment Programme,Reservoir maximum water area (% of total land area) [6.6.1],,Percent,Normal value,Estimated,,Global Surface Water Explorer extraction for UN Environment Programme,0.67982
2009,A,E,,Global Surface Water Explorer extraction for UN Environment Programme,Reservoir maximum water area (% of total land area) [6.6.1],,Percent,Normal value,Estimated,,Global Surface Water Explorer extraction for UN Environment Programme,0.67824
2010,A,E,,Global Surface Water Explorer extraction for UN Environment Programme,Reservoir maximum water area (% of total land area) [6.6.1],,Percent,Normal value,Estimated,,Global Surface Water Explorer extraction for UN Environment Programme,0.67632
2011,A,E,,Global Surface Water Explorer extraction for UN Environment Programme,Reservoir maximum water area (% of total land area) [6.6.1],,Percent,Normal value,Estimated,,Global Surface Water Explorer extraction for UN Environment Programme,0.67639
2012,A,E,,Global Surface Water Explorer extraction for UN Environment Programme,Reservoir maximum water area (% of total land area) [6.6.1],,Percent,Normal value,Estimated,,Global Surface Water Explorer extraction for UN Environment Programme,0.67742
2013,A,E,,Global Surface Water Explorer extraction for UN Environment Programme,Reservoir maximum water area (% of total land area) [6.6.1],,Percent,Normal value,Estimated,,Global Surface Water Explorer extraction for UN Environment Programme,0.67774
2014,A,E,,Global Surface Water Explorer extraction for UN Environment Programme,Reservoir maximum water area (% of total land area) [6.6.1],,Percent,Normal value,Estimated,,Global Surface Water Explorer extraction for UN Environment Programme,0.67901
2015,A,E,,Global Surface Water Explorer extraction for UN Environment Programme,Reservoir maximum water area (% of total land area) [6.6.1],,Percent,Normal value,Estimated,,Global Surface Water Explorer extraction for UN Environment Programme,0.68022
2016,A,E,,Global Surface Water Explorer extraction for UN Environment Programme,Reservoir maximum water area (% of total land area) [6.6.1],,Percent,Normal value,Estimated,,Global Surface Water Explorer extraction for UN Environment Programme,0.68055
2017,A,E,,Global Surface Water Explorer extraction for UN Environment Programme,Reservoir maximum water area (% of total land area) [6.6.1],,Percent,Normal value,Estimated,,Global Surface Water Explorer extraction for UN Environment Programme,0.68087
2018,A,E,,Global Surface Water Explorer extraction for UN Environment Programme,Reservoir maximum water area (% of total land area) [6.6.1],,Percent,Normal value,Estimated,,Global Surface Water Explorer extraction for UN Environment Programme,0.6791
2019,A,E,,Global Surface Water Explorer extraction for UN Environment Programme,Reservoir maximum water area (% of total land area) [6.6.1],,Percent,Normal value,Estimated,,Global Surface Water Explorer extraction for UN Environment Programme,0.67939
2020,A,E,,Global Surface Water Explorer extraction for UN Environment Programme,Reservoir maximum water area (% of total land area) [6.6.1],,Percent,Normal value,Estimated,,Global Surface Water Explorer extraction for UN Environment Programme,0.68068
2021,A,E,,Global Surface Water Explorer extraction for UN Environment Programme,Reservoir maximum water area (% of total land area) [6.6.1],,Percent,Normal value,Estimated,,Global Surface Water Explorer extraction for UN Environment Programme,0.68153
2022,A,E,,Global Surface Water Explorer extraction for UN Environment Programme,Reservoir maximum water area (% of total land area) [6.6.1],,Percent,Normal value,Estimated,,Global Surface Water Explorer extraction for UN Environment Programme,0.68181
2005,A,E,,Global Surface Water Explorer extraction for UN Environment Programme,Change in minimum river flow (%) [6.6.1],,Percent,Normal value,Estimated,,Global Surface Water Explorer extraction for UN Environment Programme,-10.70337
2006,A,E,,Global Surface Water Explorer extraction for UN Environment Programme,Change in minimum river flow (%) [6.6.1],,Percent,Normal value,Estimated,,Global Surface Water Explorer extraction for UN Environment Programme,1.26268
2007,A,E,,Global Surface Water Explorer extraction for UN Environment Programme,Change in minimum river flow (%) [6.6.1],,Percent,Normal value,Estimated,,Global Surface Water Explorer extraction for UN Environment Programme,-6.69266
2008,A,E,,Global Surface Water Explorer extraction for UN Environment Programme,Change in minimum river flow (%) [6.6.1],,Percent,Normal value,Estimated,,Global Surface Water Explorer extraction for UN Environment Programme,1.01691
2009,A,E,,Global Surface Water Explorer extraction for UN Environment Programme,Change in minimum river flow (%) [6.6.1],,Percent,Normal value,Estimated,,Global Surface Water Explorer extraction for UN Environment Programme,-1.08835
2010,A,E,,Global Surface Water Explorer extraction for UN Environment Programme,Change in minimum river flow (%) [6.6.1],,Percent,Normal value,Estimated,,Global Surface Water Explorer extraction for UN Environment Programme,-5.73569
2011,A,E,,Global Surface Water Explorer extraction for UN Environment Programme,Change in minimum river flow (%) [6.6.1],,Percent,Normal value,Estimated,,Global Surface Water Explorer extraction for UN Environment Programme,1.55291
2012,A,E,,Global Surface Water Explorer extraction for UN Environment Programme,Change in minimum river flow (%) [6.6.1],,Percent,Normal value,Estimated,,Global Surface Water Explorer extraction for UN Environment Programme,-0.31502
2013,A,E,,Global Surface Water Explorer extraction for UN Environment Programme,Change in minimum river flow (%) [6.6.1],,Percent,Normal value,Estimated,,Global Surface Water Explorer extraction for UN Environment Programme,-3.13899
2014,A,E,,Global Surface Water Explorer extraction for UN Environment Programme,Change in minimum river flow (%) [6.6.1],,Percent,Normal value,Estimated,,Global Surface Water Explorer extraction for UN Environment Programme,9.94164
2015,A,E,,Global Surface Water Explorer extraction for UN Environment Programme,Change in minimum river flow (%) [6.6.1],,Percent,Normal value,Estimated,,Global Surface Water Explorer extraction for UN Environment Programme,21.85447
2016,A,E,,Global Surface Water Explorer extraction for UN Environment Programme,Change in minimum river flow (%) [6.6.1],,Percent,Normal value,Estimated,,Global Surface Water Explorer extraction for UN Environment Programme,13.08154
2017,A,E,,Global Surface Water Explorer extraction for UN Environment Programme,Change in minimum river flow (%) [6.6.1],,Percent,Normal value,Estimated,,Global Surface Water Explorer extraction for UN Environment Programme,21.7036
2018,A,E,,Global Surface Water Explorer extraction for UN Environment Programme,Change in minimum river flow (%) [6.6.1],,Percent,Normal value,Estimated,,Global Surface Water Explorer extraction for UN Environment Programme,5.84367
2019,A,E,,Global Surface Water Explorer extraction for UN Environment Programme,Change in minimum river flow (%) [6.6.1],,Percent,Normal value,Estimated,,Global Surface Water Explorer extraction for UN Environment Programme,6.35379
2020,A,E,,Global Surface Water Explorer extraction for UN Environment Programme,Change in minimum river flow (%) [6.6.1],,Percent,Normal value,Estimated,,Global Surface Water Explorer extraction for UN Environment Programme,-5.41542
2021,A,E,,Global Surface Water Explorer extraction for UN Environment Programme,Change in minimum river flow (%) [6.6.1],,Percent,Normal value,Estimated,,Global Surface Water Explorer extraction for UN Environment Programme,26.60842
2022,A,E,,Global Surface Water Explorer extraction for UN Environment Programme,Change in minimum river flow (%) [6.6.1],,Percent,Normal value,Estimated,,Global Surface Water Explorer extraction for UN Environment Programme,21.03208
2023,A,E,,Global Surface Water Explorer extraction for UN Environment Programme,Change in minimum river flow (%) [6.6.1],,Percent,Normal value,Estimated,,Global Surface Water Explorer extraction for UN Environment Programme,22.90231
2024,A,E,,Global Surface Water Explorer extraction for UN Environment Programme,Change in minimum river flow (%) [6.6.1],,Percent,Normal value,Estimated,,Global Surface Water Explorer extraction for UN Environment Programme,6.90218
2005,A,E,,Global Surface Water Explorer extraction for UN Environment Programme,River flow minimum (m3/s) [6.6.1],,cubic meters per second (m3/s),Normal value,Estimated,,Global Surface Water Explorer extraction for UN Environment Programme,4902.11084
2006,A,E,,Global Surface Water Explorer extraction for UN Environment Programme,River flow minimum (m3/s) [6.6.1],,cubic meters per second (m3/s),Normal value,Estimated,,Global Surface Water Explorer extraction for UN Environment Programme,5559.00977
2007,A,E,,Global Surface Water Explorer extraction for UN Environment Programme,River flow minimum (m3/s) [6.6.1],,cubic meters per second (m3/s),Normal value,Estimated,,Global Surface Water Explorer extraction for UN Environment Programme,5122.28613
2008,A,E,,Global Surface Water Explorer extraction for UN Environment Programme,River flow minimum (m3/s) [6.6.1],,cubic meters per second (m3/s),Normal value,Estimated,,Global Surface Water Explorer extraction for UN Environment Programme,5545.51807
2009,A,E,,Global Surface Water Explorer extraction for UN Environment Programme,River flow minimum (m3/s) [6.6.1],,cubic meters per second (m3/s),Normal value,Estimated,,Global Surface Water Explorer extraction for UN Environment Programme,5429.9458
2010,A,E,,Global Surface Water Explorer extraction for UN Environment Programme,River flow minimum (m3/s) [6.6.1],,cubic meters per second (m3/s),Normal value,Estimated,,Global Surface Water Explorer extraction for UN Environment Programme,5174.8208
2011,A,E,,Global Surface Water Explorer extraction for UN Environment Programme,River flow minimum (m3/s) [6.6.1],,cubic meters per second (m3/s),Normal value,Estimated,,Global Surface Water Explorer extraction for UN Environment Programme,5574.94287
2012,A,E,,Global Surface Water Explorer extraction for UN Environment Programme,River flow minimum (m3/s) [6.6.1],,cubic meters per second (m3/s),Normal value,Estimated,,Global Surface Water Explorer extraction for UN Environment Programme,5472.39893
2013,A,E,,Global Surface Water Explorer extraction for UN Environment Programme,River flow minimum (m3/s) [6.6.1],,cubic meters per second (m3/s),Normal value,Estimated,,Global Surface Water Explorer extraction for UN Environment Programme,5317.37207
2014,A,E,,Global Surface Water Explorer extraction for UN Environment Programme,River flow minimum (m3/s) [6.6.1],,cubic meters per second (m3/s),Normal value,Estimated,,Global Surface Water Explorer extraction for UN Environment Programme,6035.45801
2015,A,E,,Global Surface Water Explorer extraction for UN Environment Programme,River flow minimum (m3/s) [6.6.1],,cubic meters per second (m3/s),Normal value,Estimated,,Global Surface Water Explorer extraction for UN Environment Programme,6689.43604
2016,A,E,,Global Surface Water Explorer extraction for UN Environment Programme,River flow minimum (m3/s) [6.6.1],,cubic meters per second (m3/s),Normal value,Estimated,,Global Surface Water Explorer extraction for UN Environment Programme,6207.8291
2017,A,E,,Global Surface Water Explorer extraction for UN Environment Programme,River flow minimum (m3/s) [6.6.1],,cubic meters per second (m3/s),Normal value,Estimated,,Global Surface Water Explorer extraction for UN Environment Programme,6681.15381
2018,A,E,,Global Surface Water Explorer extraction for UN Environment Programme,River flow minimum (m3/s) [6.6.1],,cubic meters per second (m3/s),Normal value,Estimated,,Global Surface Water Explorer extraction for UN Environment Programme,5810.49219
2019,A,E,,Global Surface Water Explorer extraction for UN Environment Programme,River flow minimum (m3/s) [6.6.1],,cubic meters per second (m3/s),Normal value,Estimated,,Global Surface Water Explorer extraction for UN Environment Programme,5838.49609
2020,A,E,,Global Surface Water Explorer extraction for UN Environment Programme,River flow minimum (m3/s) [6.6.1],,cubic meters per second (m3/s),Normal value,Estimated,,Global Surface Water Explorer extraction for UN Environment Programme,5192.40283
2021,A,E,,Global Surface Water Explorer extraction for UN Environment Programme,River flow minimum (m3/s) [6.6.1],,cubic meters per second (m3/s),Normal value,Estimated,,Global Surface Water Explorer extraction for UN Environment Programme,6950.41309
2022,A,E,,Global Surface Water Explorer extraction for UN Environment Programme,River flow minimum (m3/s) [6.6.1],,cubic meters per second (m3/s),Normal value,Estimated,,Global Surface Water Explorer extraction for UN Environment Programme,6644.28906
2023,A,E,,Global Surface Water Explorer extraction for UN Environment Programme,River flow minimum (m3/s) [6.6.1],,cubic meters per second (m3/s),Normal value,Estimated,,Global Surface Water Explorer extraction for UN Environment Programme,6746.95898
2024,A,E,,Global Surface Water Explorer extraction for UN Environment Programme,River flow minimum (m3/s) [6.6.1],,cubic meters per second (m3/s),Normal value,Estimated,,Global Surface Water Explorer extraction for UN Environment Programme,5868.60107
2005,A,E,,Global Surface Water Explorer extraction for UN Environment Programme,Change in maximum river flow (%) [6.6.1],,Percent,Normal value,Estimated,,Global Surface Water Explorer extraction for UN Environment Programme,-8.60704
2006,A,E,,Global Surface Water Explorer extraction for UN Environment Programme,Change in maximum river flow (%) [6.6.1],,Percent,Normal value,Estimated,,Global Surface Water Explorer extraction for UN Environment Programme,-6.8196
2007,A,E,,Global Surface Water Explorer extraction for UN Environment Programme,Change in maximum river flow (%) [6.6.1],,Percent,Normal value,Estimated,,Global Surface Water Explorer extraction for UN Environment Programme,-3.1114
2008,A,E,,Global Surface Water Explorer extraction for UN Environment Programme,Change in maximum river flow (%) [6.6.1],,Percent,Normal value,Estimated,,Global Surface Water Explorer extraction for UN Environment Programme,-0.15276
2009,A,E,,Global Surface Water Explorer extraction for UN Environment Programme,Change in maximum river flow (%) [6.6.1],,Percent,Normal value,Estimated,,Global Surface Water Explorer extraction for UN Environment Programme,-10.05941
2010,A,E,,Global Surface Water Explorer extraction for UN Environment Programme,Change in maximum river flow (%) [6.6.1],,Percent,Normal value,Estimated,,Global Surface Water Explorer extraction for UN Environment Programme,-18.59276
2011,A,E,,Global Surface Water Explorer extraction for UN Environment Programme,Change in maximum river flow (%) [6.6.1],,Percent,Normal value,Estimated,,Global Surface Water Explorer extraction for UN Environment Programme,-13.5363
2012,A,E,,Global Surface Water Explorer extraction for UN Environment Programme,Change in maximum river flow (%) [6.6.1],,Percent,Normal value,Estimated,,Global Surface Water Explorer extraction for UN Environment Programme,-14.75407
2013,A,E,,Global Surface Water Explorer extraction for UN Environment Programme,Change in maximum river flow (%) [6.6.1],,Percent,Normal value,Estimated,,Global Surface Water Explorer extraction for UN Environment Programme,-12.16918
2014,A,E,,Global Surface Water Explorer extraction for UN Environment Programme,Change in maximum river flow (%) [6.6.1],,Percent,Normal value,Estimated,,Global Surface Water Explorer extraction for UN Environment Programme,0.73594
2015,A,E,,Global Surface Water Explorer extraction for UN Environment Programme,Change in maximum river flow (%) [6.6.1],,Percent,Normal value,Estimated,,Global Surface Water Explorer extraction for UN Environment Programme,7.62288
2016,A,E,,Global Surface Water Explorer extraction for UN Environment Programme,Change in maximum river flow (%) [6.6.1],,Percent,Normal value,Estimated,,Global Surface Water Explorer extraction for UN Environment Programme,4.00531
2017,A,E,,Global Surface Water Explorer extraction for UN Environment Programme,Change in maximum river flow (%) [6.6.1],,Percent,Normal value,Estimated,,Global Surface Water Explorer extraction for UN Environment Programme,3.73661
2018,A,E,,Global Surface Water Explorer extraction for UN Environment Programme,Change in maximum river flow (%) [6.6.1],,Percent,Normal value,Estimated,,Global Surface Water Explorer extraction for UN Environment Programme,1.10679
2019,A,E,,Global Surface Water Explorer extraction for UN Environment Programme,Change in maximum river flow (%) [6.6.1],,Percent,Normal value,Estimated,,Global Surface Water Explorer extraction for UN Environment Programme,5.68668
2020,A,E,,Global Surface Water Explorer extraction for UN Environment Programme,Change in maximum river flow (%) [6.6.1],,Percent,Normal value,Estimated,,Global Surface Water Explorer extraction for UN Environment Programme,19.57695
2021,A,E,,Global Surface Water Explorer extraction for UN Environment Programme,Change in maximum river flow (%) [6.6.1],,Percent,Normal value,Estimated,,Global Surface Water Explorer extraction for UN Environment Programme,31.17809
2022,A,E,,Global Surface Water Explorer extraction for UN Environment Programme,Change in maximum river flow (%) [6.6.1],,Percent,Normal value,Estimated,,Global Surface Water Explorer extraction for UN Environment Programme,26.35553
2023,A,E,,Global Surface Water Explorer extraction for UN Environment Programme,Change in maximum river flow (%) [6.6.1],,Percent,Normal value,Estimated,,Global Surface Water Explorer extraction for UN Environment Programme,20.97619
2024,A,E,,Global Surface Water Explorer extraction for UN Environment Programme,Change in maximum river flow (%) [6.6.1],,Percent,Normal value,Estimated,,Global Surface Water Explorer extraction for UN Environment Programme,10.33301
2005,A,E,,Global Surface Water Explorer extraction for UN Environment Programme,River flow maximum (m3/s) [6.6.1],,cubic meters per second (m3/s),Normal value,Estimated,,Global Surface Water Explorer extraction for UN Environment Programme,100031.6016
2006,A,E,,Global Surface Water Explorer extraction for UN Environment Programme,River flow maximum (m3/s) [6.6.1],,cubic meters per second (m3/s),Normal value,Estimated,,Global Surface Water Explorer extraction for UN Environment Programme,101988
2007,A,E,,Global Surface Water Explorer extraction for UN Environment Programme,River flow maximum (m3/s) [6.6.1],,cubic meters per second (m3/s),Normal value,Estimated,,Global Surface Water Explorer extraction for UN Environment Programme,106046.7031
2008,A,E,,Global Surface Water Explorer extraction for UN Environment Programme,River flow maximum (m3/s) [6.6.1],,cubic meters per second (m3/s),Normal value,Estimated,,Global Surface Water Explorer extraction for UN Environment Programme,109285
2009,A,E,,Global Surface Water Explorer extraction for UN Environment Programme,River flow maximum (m3/s) [6.6.1],,cubic meters per second (m3/s),Normal value,Estimated,,Global Surface Water Explorer extraction for UN Environment Programme,98441.95313
2010,A,E,,Global Surface Water Explorer extraction for UN Environment Programme,River flow maximum (m3/s) [6.6.1],,cubic meters per second (m3/s),Normal value,Estimated,,Global Surface Water Explorer extraction for UN Environment Programme,89102.00781
2011,A,E,,Global Surface Water Explorer extraction for UN Environment Programme,River flow maximum (m3/s) [6.6.1],,cubic meters per second (m3/s),Normal value,Estimated,,Global Surface Water Explorer extraction for UN Environment Programme,94636.42188
2012,A,E,,Global Surface Water Explorer extraction for UN Environment Programme,River flow maximum (m3/s) [6.6.1],,cubic meters per second (m3/s),Normal value,Estimated,,Global Surface Water Explorer extraction for UN Environment Programme,93303.54688
2013,A,E,,Global Surface Water Explorer extraction for UN Environment Programme,River flow maximum (m3/s) [6.6.1],,cubic meters per second (m3/s),Normal value,Estimated,,Global Surface Water Explorer extraction for UN Environment Programme,96132.75781
2014,A,E,,Global Surface Water Explorer extraction for UN Environment Programme,River flow maximum (m3/s) [6.6.1],,cubic meters per second (m3/s),Normal value,Estimated,,Global Surface Water Explorer extraction for UN Environment Programme,110257.7031
2015,A,E,,Global Surface Water Explorer extraction for UN Environment Programme,River flow maximum (m3/s) [6.6.1],,cubic meters per second (m3/s),Normal value,Estimated,,Global Surface Water Explorer extraction for UN Environment Programme,117795.6016
2016,A,E,,Global Surface Water Explorer extraction for UN Environment Programme,River flow maximum (m3/s) [6.6.1],,cubic meters per second (m3/s),Normal value,Estimated,,Global Surface Water Explorer extraction for UN Environment Programme,113836.1016
2017,A,E,,Global Surface Water Explorer extraction for UN Environment Programme,River flow maximum (m3/s) [6.6.1],,cubic meters per second (m3/s),Normal value,Estimated,,Global Surface Water Explorer extraction for UN Environment Programme,113542
2018,A,E,,Global Surface Water Explorer extraction for UN Environment Programme,River flow maximum (m3/s) [6.6.1],,cubic meters per second (m3/s),Normal value,Estimated,,Global Surface Water Explorer extraction for UN Environment Programme,110663.6016
2019,A,E,,Global Surface Water Explorer extraction for UN Environment Programme,River flow maximum (m3/s) [6.6.1],,cubic meters per second (m3/s),Normal value,Estimated,,Global Surface Water Explorer extraction for UN Environment Programme,115676.3984
2020,A,E,,Global Surface Water Explorer extraction for UN Environment Programme,River flow maximum (m3/s) [6.6.1],,cubic meters per second (m3/s),Normal value,Estimated,,Global Surface Water Explorer extraction for UN Environment Programme,130879.6016
2021,A,E,,Global Surface Water Explorer extraction for UN Environment Programme,River flow maximum (m3/s) [6.6.1],,cubic meters per second (m3/s),Normal value,Estimated,,Global Surface Water Explorer extraction for UN Environment Programme,143577.2969
2022,A,E,,Global Surface Water Explorer extraction for UN Environment Programme,River flow maximum (m3/s) [6.6.1],,cubic meters per second (m3/s),Normal value,Estimated,,Global Surface Water Explorer extraction for UN Environment Programme,138298.9063
2023,A,E,,Global Surface Water Explorer extraction for UN Environment Programme,River flow maximum (m3/s) [6.6.1],,cubic meters per second (m3/s),Normal value,Estimated,,Global Surface Water Explorer extraction for UN Environment Programme,132411.0938
2024,A,E,,Global Surface Water Explorer extraction for UN Environment Programme,River flow maximum (m3/s) [6.6.1],,cubic meters per second (m3/s),Normal value,Estimated,,Global Surface Water Explorer extraction for UN Environment Programme,120761.8984
2021,A,C,,Ramsar National Report COP14,Extent of inland wetlands (square kilometres) [6.6.1],,Square kilometers,Normal value,Country Data,,Ramsar National Report COP14,26416.90
2007,A,E,,Global Surface Water Explorer extraction for UN Environment Programme,Mangrove total area change (%) [6.6.1],,Percent,Normal value,Estimated,,Global Surface Water Explorer extraction for UN Environment Programme,-1.1104
2008,A,E,,Global Surface Water Explorer extraction for UN Environment Programme,Mangrove total area change (%) [6.6.1],,Percent,Normal value,Estimated,,Global Surface Water Explorer extraction for UN Environment Programme,-1.61913
2009,A,E,,Global Surface Water Explorer extraction for UN Environment Programme,Mangrove total area change (%) [6.6.1],,Percent,Normal value,Estimated,,Global Surface Water Explorer extraction for UN Environment Programme,-1.17326
2010,A,E,,Global Surface Water Explorer extraction for UN Environment Programme,Mangrove total area change (%) [6.6.1],,Percent,Normal value,Estimated,,Global Surface Water Explorer extraction for UN Environment Programme,-1.05022
2015,A,E,,Global Surface Water Explorer extraction for UN Environment Programme,Mangrove total area change (%) [6.6.1],,Percent,Normal value,Estimated,,Global Surface Water Explorer extraction for UN Environment Programme,-1.5563
2016,A,E,,Global Surface Water Explorer extraction for UN Environment Programme,Mangrove total area change (%) [6.6.1],,Percent,Normal value,Estimated,,Global Surface Water Explorer extraction for UN Environment Programme,-2.07049
2017,A,E,,Global Surface Water Explorer extraction for UN Environment Programme,Mangrove total area change (%) [6.6.1],,Percent,Normal value,Estimated,,Global Surface Water Explorer extraction for UN Environment Programme,-1.88349
2018,A,E,,Global Surface Water Explorer extraction for UN Environment Programme,Mangrove total area change (%) [6.6.1],,Percent,Normal value,Estimated,,Global Surface Water Explorer extraction for UN Environment Programme,-1.20539
2019,A,E,,Global Surface Water Explorer extraction for UN Environment Programme,Mangrove total area change (%) [6.6.1],,Percent,Normal value,Estimated,,Global Surface Water Explorer extraction for UN Environment Programme,-0.8474
2020,A,E,,Global Surface Water Explorer extraction for UN Environment Programme,Mangrove total area change (%) [6.6.1],,Percent,Normal value,Estimated,,Global Surface Water Explorer extraction for UN Environment Programme,-1.02008
2000,A,E,Represent 1996 proxy,Global Surface Water Explorer extraction for UN Environment Programme,Mangrove area (square kilometres) [6.6.1],,Square kilometers,Normal value,Estimated,Represent 1996 proxy,Global Surface Water Explorer extraction for UN Environment Programme,549.90448
2007,A,E,,Global Surface Water Explorer extraction for UN Environment Programme,Mangrove area (square kilometres) [6.6.1],,Square kilometers,Normal value,Estimated,Represent 1996 proxy,Global Surface Water Explorer extraction for UN Environment Programme,543.79832
2008,A,E,,Global Surface Water Explorer extraction for UN Environment Programme,Mangrove area (square kilometres) [6.6.1],,Square kilometers,Normal value,Estimated,Represent 1996 proxy,Global Surface Water Explorer extraction for UN Environment Programme,541.00081
2009,A,E,,Global Surface Water Explorer extraction for UN Environment Programme,Mangrove area (square kilometres) [6.6.1],,Square kilometers,Normal value,Estimated,Represent 1996 proxy,Global Surface Water Explorer extraction for UN Environment Programme,543.45267
2010,A,E,,Global Surface Water Explorer extraction for UN Environment Programme,Mangrove area (square kilometres) [6.6.1],,Square kilometers,Normal value,Estimated,Represent 1996 proxy,Global Surface Water Explorer extraction for UN Environment Programme,544.12925
2015,A,E,,Global Surface Water Explorer extraction for UN Environment Programme,Mangrove area (square kilometres) [6.6.1],,Square kilometers,Normal value,Estimated,Represent 1996 proxy,Global Surface Water Explorer extraction for UN Environment Programme,541.3463
2016,A,E,,Global Surface Water Explorer extraction for UN Environment Programme,Mangrove area (square kilometres) [6.6.1],,Square kilometers,Normal value,Estimated,Represent 1996 proxy,Global Surface Water Explorer extraction for UN Environment Programme,538.51877
2017,A,E,,Global Surface Water Explorer extraction for UN Environment Programme,Mangrove area (square kilometres) [6.6.1],,Square kilometers,Normal value,Estimated,Represent 1996 proxy,Global Surface Water Explorer extraction for UN Environment Programme,539.5471
2018,A,E,,Global Surface Water Explorer extraction for UN Environment Programme,Mangrove area (square kilometres) [6.6.1],,Square kilometers,Normal value,Estimated,Represent 1996 proxy,Global Surface Water Explorer extraction for UN Environment Programme,543.276
2019,A,E,,Global Surface Water Explorer extraction for UN Environment Programme,Mangrove area (square kilometres) [6.6.1],,Square kilometers,Normal value,Estimated,Represent 1996 proxy,Global Surface Water Explorer extraction for UN Environment Programme,545.2446
2020,A,E,,Global Surface Water Explorer extraction for UN Environment Programme,Mangrove area (square kilometres) [6.6.1],,Square kilometers,Normal value,Estimated,Represent 1996 proxy,Global Surface Water Explorer extraction for UN Environment Programme,544.29503
2017,A,C,,Environment Live,Nationally derived quantity of groundwater (millions of cubic metres per annum) [6.6.1],,Million of cubic metres per annum,Normal value,Country Data,,Environment Live,NaN
2017,A,C,,Environment Live,Nationally derived quantity of rivers (million of cubic metres per annum) [6.6.1],,Million of cubic metres per annum,Normal value,Country Data,,Environment Live,NaN
2017,A,E,,Global Surface Water Explorer extraction for UN Environment Programme,Wetlands area (square kilometres) [6.6.1],,Square kilometers,Normal value,Estimated,,Global Surface Water Explorer extraction for UN Environment Programme,4348.9564
2017,A,E,,Global Surface Water Explorer extraction for UN Environment Programme,Wetlands area (% of total land area) [6.6.1],,Percent,Normal value,Estimated,,Global Surface Water Explorer extraction for UN Environment Programme,0.74
