Year,SDG Series,Type of product,Unit of measure,BASE_PER,Base period,Value
2000,"Domestic material consumption per capita, by type of raw material [8.4.2,12.2.2]",,Metric Tons,,,3.80056
2001,"Domestic material consumption per capita, by type of raw material [8.4.2,12.2.2]",,Metric Tons,,,3.84714
2002,"Domestic material consumption per capita, by type of raw material [8.4.2,12.2.2]",,Metric Tons,,,2.82722
2003,"Domestic material consumption per capita, by type of raw material [8.4.2,12.2.2]",,Metric Tons,,,2.73042
2004,"Domestic material consumption per capita, by type of raw material [8.4.2,12.2.2]",,Metric Tons,,,2.79886
2005,"Domestic material consumption per capita, by type of raw material [8.4.2,12.2.2]",,Metric Tons,,,3.03785
2006,"Domestic material consumption per capita, by type of raw material [8.4.2,12.2.2]",,Metric Tons,,,3.03005
2007,"Domestic material consumption per capita, by type of raw material [8.4.2,12.2.2]",,Metric Tons,,,3.70315
2008,"Domestic material consumption per capita, by type of raw material [8.4.2,12.2.2]",,Metric Tons,,,3.59602
2009,"Domestic material consumption per capita, by type of raw material [8.4.2,12.2.2]",,Metric Tons,,,3.61763
2010,"Domestic material consumption per capita, by type of raw material [8.4.2,12.2.2]",,Metric Tons,,,3.81881
2011,"Domestic material consumption per capita, by type of raw material [8.4.2,12.2.2]",,Metric Tons,,,3.5368
2012,"Domestic material consumption per capita, by type of raw material [8.4.2,12.2.2]",,Metric Tons,,,3.79993
2013,"Domestic material consumption per capita, by type of raw material [8.4.2,12.2.2]",,Metric Tons,,,3.90889
2014,"Domestic material consumption per capita, by type of raw material [8.4.2,12.2.2]",,Metric Tons,,,3.74288
2015,"Domestic material consumption per capita, by type of raw material [8.4.2,12.2.2]",,Metric Tons,,,4.20665
2016,"Domestic material consumption per capita, by type of raw material [8.4.2,12.2.2]",,Metric Tons,,,4.00636
2017,"Domestic material consumption per capita, by type of raw material [8.4.2,12.2.2]",,Metric Tons,,,3.70708
2018,"Domestic material consumption per capita, by type of raw material [8.4.2,12.2.2]",,Metric Tons,,,4.02828
2019,"Domestic material consumption per capita, by type of raw material [8.4.2,12.2.2]",,Metric Tons,,,4.19433
2020,"Domestic material consumption per capita, by type of raw material [8.4.2,12.2.2]",,Metric Tons,,,4.40362
2021,"Domestic material consumption per capita, by type of raw material [8.4.2,12.2.2]",,Metric Tons,,,4.15986
2022,"Domestic material consumption per capita, by type of raw material [8.4.2,12.2.2]",,Metric Tons,,,4.15553
2023,"Domestic material consumption per capita, by type of raw material [8.4.2,12.2.2]",,Metric Tons,,,4.04903
2000,"Domestic material consumption per capita, by type of raw material [8.4.2,12.2.2]",Non-metallic minerals - construction dominant (material flows),Metric Tons,,,1.30491
2001,"Domestic material consumption per capita, by type of raw material [8.4.2,12.2.2]",Non-metallic minerals - construction dominant (material flows),Metric Tons,,,1.2375
2002,"Domestic material consumption per capita, by type of raw material [8.4.2,12.2.2]",Non-metallic minerals - construction dominant (material flows),Metric Tons,,,0.3211
2003,"Domestic material consumption per capita, by type of raw material [8.4.2,12.2.2]",Non-metallic minerals - construction dominant (material flows),Metric Tons,,,0.24737
2004,"Domestic material consumption per capita, by type of raw material [8.4.2,12.2.2]",Non-metallic minerals - construction dominant (material flows),Metric Tons,,,0.29069
2005,"Domestic material consumption per capita, by type of raw material [8.4.2,12.2.2]",Non-metallic minerals - construction dominant (material flows),Metric Tons,,,0.38766
2006,"Domestic material consumption per capita, by type of raw material [8.4.2,12.2.2]",Non-metallic minerals - construction dominant (material flows),Metric Tons,,,0.42226
2007,"Domestic material consumption per capita, by type of raw material [8.4.2,12.2.2]",Non-metallic minerals - construction dominant (material flows),Metric Tons,,,0.49674
2008,"Domestic material consumption per capita, by type of raw material [8.4.2,12.2.2]",Non-metallic minerals - construction dominant (material flows),Metric Tons,,,0.48778
2009,"Domestic material consumption per capita, by type of raw material [8.4.2,12.2.2]",Non-metallic minerals - construction dominant (material flows),Metric Tons,,,0.61001
2010,"Domestic material consumption per capita, by type of raw material [8.4.2,12.2.2]",Non-metallic minerals - construction dominant (material flows),Metric Tons,,,0.70475
2011,"Domestic material consumption per capita, by type of raw material [8.4.2,12.2.2]",Non-metallic minerals - construction dominant (material flows),Metric Tons,,,0.55626
2012,"Domestic material consumption per capita, by type of raw material [8.4.2,12.2.2]",Non-metallic minerals - construction dominant (material flows),Metric Tons,,,0.79334
2013,"Domestic material consumption per capita, by type of raw material [8.4.2,12.2.2]",Non-metallic minerals - construction dominant (material flows),Metric Tons,,,0.92187
2014,"Domestic material consumption per capita, by type of raw material [8.4.2,12.2.2]",Non-metallic minerals - construction dominant (material flows),Metric Tons,,,0.94283
2015,"Domestic material consumption per capita, by type of raw material [8.4.2,12.2.2]",Non-metallic minerals - construction dominant (material flows),Metric Tons,,,1.17743
2016,"Domestic material consumption per capita, by type of raw material [8.4.2,12.2.2]",Non-metallic minerals - construction dominant (material flows),Metric Tons,,,1.02522
2017,"Domestic material consumption per capita, by type of raw material [8.4.2,12.2.2]",Non-metallic minerals - construction dominant (material flows),Metric Tons,,,0.86418
2018,"Domestic material consumption per capita, by type of raw material [8.4.2,12.2.2]",Non-metallic minerals - construction dominant (material flows),Metric Tons,,,1.08519
2019,"Domestic material consumption per capita, by type of raw material [8.4.2,12.2.2]",Non-metallic minerals - construction dominant (material flows),Metric Tons,,,1.08215
2020,"Domestic material consumption per capita, by type of raw material [8.4.2,12.2.2]",Non-metallic minerals - construction dominant (material flows),Metric Tons,,,1.05335
2021,"Domestic material consumption per capita, by type of raw material [8.4.2,12.2.2]",Non-metallic minerals - construction dominant (material flows),Metric Tons,,,1.09477
2022,"Domestic material consumption per capita, by type of raw material [8.4.2,12.2.2]",Non-metallic minerals - construction dominant (material flows),Metric Tons,,,1.11174
2023,"Domestic material consumption per capita, by type of raw material [8.4.2,12.2.2]",Non-metallic minerals - construction dominant (material flows),Metric Tons,,,1.10081
2000,"Domestic material consumption per capita, by type of raw material [8.4.2,12.2.2]",Non-metallic minerals - industrial or agricultural dominant (material flows),Metric Tons,,,0.01446
2001,"Domestic material consumption per capita, by type of raw material [8.4.2,12.2.2]",Non-metallic minerals - industrial or agricultural dominant (material flows),Metric Tons,,,0.01753
2002,"Domestic material consumption per capita, by type of raw material [8.4.2,12.2.2]",Non-metallic minerals - industrial or agricultural dominant (material flows),Metric Tons,,,0.01646
2003,"Domestic material consumption per capita, by type of raw material [8.4.2,12.2.2]",Non-metallic minerals - industrial or agricultural dominant (material flows),Metric Tons,,,0.00539
2004,"Domestic material consumption per capita, by type of raw material [8.4.2,12.2.2]",Non-metallic minerals - industrial or agricultural dominant (material flows),Metric Tons,,,0.00665
2005,"Domestic material consumption per capita, by type of raw material [8.4.2,12.2.2]",Non-metallic minerals - industrial or agricultural dominant (material flows),Metric Tons,,,0.01945
2006,"Domestic material consumption per capita, by type of raw material [8.4.2,12.2.2]",Non-metallic minerals - industrial or agricultural dominant (material flows),Metric Tons,,,0.02042
2007,"Domestic material consumption per capita, by type of raw material [8.4.2,12.2.2]",Non-metallic minerals - industrial or agricultural dominant (material flows),Metric Tons,,,0.01637
2008,"Domestic material consumption per capita, by type of raw material [8.4.2,12.2.2]",Non-metallic minerals - industrial or agricultural dominant (material flows),Metric Tons,,,0.02246
2009,"Domestic material consumption per capita, by type of raw material [8.4.2,12.2.2]",Non-metallic minerals - industrial or agricultural dominant (material flows),Metric Tons,,,0.01951
2010,"Domestic material consumption per capita, by type of raw material [8.4.2,12.2.2]",Non-metallic minerals - industrial or agricultural dominant (material flows),Metric Tons,,,0.02049
2011,"Domestic material consumption per capita, by type of raw material [8.4.2,12.2.2]",Non-metallic minerals - industrial or agricultural dominant (material flows),Metric Tons,,,0.01549
2012,"Domestic material consumption per capita, by type of raw material [8.4.2,12.2.2]",Non-metallic minerals - industrial or agricultural dominant (material flows),Metric Tons,,,0.01355
2013,"Domestic material consumption per capita, by type of raw material [8.4.2,12.2.2]",Non-metallic minerals - industrial or agricultural dominant (material flows),Metric Tons,,,0.02442
2014,"Domestic material consumption per capita, by type of raw material [8.4.2,12.2.2]",Non-metallic minerals - industrial or agricultural dominant (material flows),Metric Tons,,,0.01243
2015,"Domestic material consumption per capita, by type of raw material [8.4.2,12.2.2]",Non-metallic minerals - industrial or agricultural dominant (material flows),Metric Tons,,,0.01727
2016,"Domestic material consumption per capita, by type of raw material [8.4.2,12.2.2]",Non-metallic minerals - industrial or agricultural dominant (material flows),Metric Tons,,,0.01698
2017,"Domestic material consumption per capita, by type of raw material [8.4.2,12.2.2]",Non-metallic minerals - industrial or agricultural dominant (material flows),Metric Tons,,,0.019
2018,"Domestic material consumption per capita, by type of raw material [8.4.2,12.2.2]",Non-metallic minerals - industrial or agricultural dominant (material flows),Metric Tons,,,0.01425
2019,"Domestic material consumption per capita, by type of raw material [8.4.2,12.2.2]",Non-metallic minerals - industrial or agricultural dominant (material flows),Metric Tons,,,0.01401
2020,"Domestic material consumption per capita, by type of raw material [8.4.2,12.2.2]",Non-metallic minerals - industrial or agricultural dominant (material flows),Metric Tons,,,0.01296
2021,"Domestic material consumption per capita, by type of raw material [8.4.2,12.2.2]",Non-metallic minerals - industrial or agricultural dominant (material flows),Metric Tons,,,0.01343
2022,"Domestic material consumption per capita, by type of raw material [8.4.2,12.2.2]",Non-metallic minerals - industrial or agricultural dominant (material flows),Metric Tons,,,0.01364
2023,"Domestic material consumption per capita, by type of raw material [8.4.2,12.2.2]",Non-metallic minerals - industrial or agricultural dominant (material flows),Metric Tons,,,0.01337
2000,"Domestic material consumption per capita, by type of raw material [8.4.2,12.2.2]",Biomass (material flows),Metric Tons,,,2.33142
2001,"Domestic material consumption per capita, by type of raw material [8.4.2,12.2.2]",Biomass (material flows),Metric Tons,,,2.41482
2002,"Domestic material consumption per capita, by type of raw material [8.4.2,12.2.2]",Biomass (material flows),Metric Tons,,,2.36921
2003,"Domestic material consumption per capita, by type of raw material [8.4.2,12.2.2]",Biomass (material flows),Metric Tons,,,2.37133
2004,"Domestic material consumption per capita, by type of raw material [8.4.2,12.2.2]",Biomass (material flows),Metric Tons,,,2.3924
2005,"Domestic material consumption per capita, by type of raw material [8.4.2,12.2.2]",Biomass (material flows),Metric Tons,,,2.52906
2006,"Domestic material consumption per capita, by type of raw material [8.4.2,12.2.2]",Biomass (material flows),Metric Tons,,,2.46857
2007,"Domestic material consumption per capita, by type of raw material [8.4.2,12.2.2]",Biomass (material flows),Metric Tons,,,3.00776
2008,"Domestic material consumption per capita, by type of raw material [8.4.2,12.2.2]",Biomass (material flows),Metric Tons,,,2.96813
2009,"Domestic material consumption per capita, by type of raw material [8.4.2,12.2.2]",Biomass (material flows),Metric Tons,,,2.84285
2010,"Domestic material consumption per capita, by type of raw material [8.4.2,12.2.2]",Biomass (material flows),Metric Tons,,,2.91189
2011,"Domestic material consumption per capita, by type of raw material [8.4.2,12.2.2]",Biomass (material flows),Metric Tons,,,2.82235
2012,"Domestic material consumption per capita, by type of raw material [8.4.2,12.2.2]",Biomass (material flows),Metric Tons,,,2.83467
2013,"Domestic material consumption per capita, by type of raw material [8.4.2,12.2.2]",Biomass (material flows),Metric Tons,,,2.74366
2014,"Domestic material consumption per capita, by type of raw material [8.4.2,12.2.2]",Biomass (material flows),Metric Tons,,,2.6821
2015,"Domestic material consumption per capita, by type of raw material [8.4.2,12.2.2]",Biomass (material flows),Metric Tons,,,2.71666
2016,"Domestic material consumption per capita, by type of raw material [8.4.2,12.2.2]",Biomass (material flows),Metric Tons,,,2.66115
2017,"Domestic material consumption per capita, by type of raw material [8.4.2,12.2.2]",Biomass (material flows),Metric Tons,,,2.49562
2018,"Domestic material consumption per capita, by type of raw material [8.4.2,12.2.2]",Biomass (material flows),Metric Tons,,,2.60092
2019,"Domestic material consumption per capita, by type of raw material [8.4.2,12.2.2]",Biomass (material flows),Metric Tons,,,2.76132
2020,"Domestic material consumption per capita, by type of raw material [8.4.2,12.2.2]",Biomass (material flows),Metric Tons,,,3.01284
2021,"Domestic material consumption per capita, by type of raw material [8.4.2,12.2.2]",Biomass (material flows),Metric Tons,,,2.72305
2022,"Domestic material consumption per capita, by type of raw material [8.4.2,12.2.2]",Biomass (material flows),Metric Tons,,,2.70087
2023,"Domestic material consumption per capita, by type of raw material [8.4.2,12.2.2]",Biomass (material flows),Metric Tons,,,2.6124
2000,"Domestic material consumption per capita, by type of raw material [8.4.2,12.2.2]",Crops (material flows),Metric Tons,,,0.48352
2001,"Domestic material consumption per capita, by type of raw material [8.4.2,12.2.2]",Crops (material flows),Metric Tons,,,0.52447
2002,"Domestic material consumption per capita, by type of raw material [8.4.2,12.2.2]",Crops (material flows),Metric Tons,,,0.50291
2003,"Domestic material consumption per capita, by type of raw material [8.4.2,12.2.2]",Crops (material flows),Metric Tons,,,0.49188
2004,"Domestic material consumption per capita, by type of raw material [8.4.2,12.2.2]",Crops (material flows),Metric Tons,,,0.48611
2005,"Domestic material consumption per capita, by type of raw material [8.4.2,12.2.2]",Crops (material flows),Metric Tons,,,0.55425
2006,"Domestic material consumption per capita, by type of raw material [8.4.2,12.2.2]",Crops (material flows),Metric Tons,,,0.5652
2007,"Domestic material consumption per capita, by type of raw material [8.4.2,12.2.2]",Crops (material flows),Metric Tons,,,0.54873
2008,"Domestic material consumption per capita, by type of raw material [8.4.2,12.2.2]",Crops (material flows),Metric Tons,,,0.53571
2009,"Domestic material consumption per capita, by type of raw material [8.4.2,12.2.2]",Crops (material flows),Metric Tons,,,0.57333
2010,"Domestic material consumption per capita, by type of raw material [8.4.2,12.2.2]",Crops (material flows),Metric Tons,,,0.57467
2011,"Domestic material consumption per capita, by type of raw material [8.4.2,12.2.2]",Crops (material flows),Metric Tons,,,0.54118
2012,"Domestic material consumption per capita, by type of raw material [8.4.2,12.2.2]",Crops (material flows),Metric Tons,,,0.57829
2013,"Domestic material consumption per capita, by type of raw material [8.4.2,12.2.2]",Crops (material flows),Metric Tons,,,0.57595
2014,"Domestic material consumption per capita, by type of raw material [8.4.2,12.2.2]",Crops (material flows),Metric Tons,,,0.57128
2015,"Domestic material consumption per capita, by type of raw material [8.4.2,12.2.2]",Crops (material flows),Metric Tons,,,0.58796
2016,"Domestic material consumption per capita, by type of raw material [8.4.2,12.2.2]",Crops (material flows),Metric Tons,,,0.53241
2017,"Domestic material consumption per capita, by type of raw material [8.4.2,12.2.2]",Crops (material flows),Metric Tons,,,0.53748
2018,"Domestic material consumption per capita, by type of raw material [8.4.2,12.2.2]",Crops (material flows),Metric Tons,,,0.54278
2019,"Domestic material consumption per capita, by type of raw material [8.4.2,12.2.2]",Crops (material flows),Metric Tons,,,0.53406
2020,"Domestic material consumption per capita, by type of raw material [8.4.2,12.2.2]",Crops (material flows),Metric Tons,,,0.59466
2021,"Domestic material consumption per capita, by type of raw material [8.4.2,12.2.2]",Crops (material flows),Metric Tons,,,0.57268
2022,"Domestic material consumption per capita, by type of raw material [8.4.2,12.2.2]",Crops (material flows),Metric Tons,,,0.57363
2023,"Domestic material consumption per capita, by type of raw material [8.4.2,12.2.2]",Crops (material flows),Metric Tons,,,0.56134
2000,"Domestic material consumption per capita, by type of raw material [8.4.2,12.2.2]",Crop residues (material flows),Metric Tons,,,0.38566
2001,"Domestic material consumption per capita, by type of raw material [8.4.2,12.2.2]",Crop residues (material flows),Metric Tons,,,0.4553
2002,"Domestic material consumption per capita, by type of raw material [8.4.2,12.2.2]",Crop residues (material flows),Metric Tons,,,0.42079
2003,"Domestic material consumption per capita, by type of raw material [8.4.2,12.2.2]",Crop residues (material flows),Metric Tons,,,0.43786
2004,"Domestic material consumption per capita, by type of raw material [8.4.2,12.2.2]",Crop residues (material flows),Metric Tons,,,0.41807
2005,"Domestic material consumption per capita, by type of raw material [8.4.2,12.2.2]",Crop residues (material flows),Metric Tons,,,0.47203
2006,"Domestic material consumption per capita, by type of raw material [8.4.2,12.2.2]",Crop residues (material flows),Metric Tons,,,0.49369
2007,"Domestic material consumption per capita, by type of raw material [8.4.2,12.2.2]",Crop residues (material flows),Metric Tons,,,0.45187
2008,"Domestic material consumption per capita, by type of raw material [8.4.2,12.2.2]",Crop residues (material flows),Metric Tons,,,0.39613
2009,"Domestic material consumption per capita, by type of raw material [8.4.2,12.2.2]",Crop residues (material flows),Metric Tons,,,0.39064
2010,"Domestic material consumption per capita, by type of raw material [8.4.2,12.2.2]",Crop residues (material flows),Metric Tons,,,0.47837
2011,"Domestic material consumption per capita, by type of raw material [8.4.2,12.2.2]",Crop residues (material flows),Metric Tons,,,0.44365
2012,"Domestic material consumption per capita, by type of raw material [8.4.2,12.2.2]",Crop residues (material flows),Metric Tons,,,0.49888
2013,"Domestic material consumption per capita, by type of raw material [8.4.2,12.2.2]",Crop residues (material flows),Metric Tons,,,0.4732
2014,"Domestic material consumption per capita, by type of raw material [8.4.2,12.2.2]",Crop residues (material flows),Metric Tons,,,0.43299
2015,"Domestic material consumption per capita, by type of raw material [8.4.2,12.2.2]",Crop residues (material flows),Metric Tons,,,0.46621
2016,"Domestic material consumption per capita, by type of raw material [8.4.2,12.2.2]",Crop residues (material flows),Metric Tons,,,0.39351
2017,"Domestic material consumption per capita, by type of raw material [8.4.2,12.2.2]",Crop residues (material flows),Metric Tons,,,0.35028
2018,"Domestic material consumption per capita, by type of raw material [8.4.2,12.2.2]",Crop residues (material flows),Metric Tons,,,0.42345
2019,"Domestic material consumption per capita, by type of raw material [8.4.2,12.2.2]",Crop residues (material flows),Metric Tons,,,0.39509
2020,"Domestic material consumption per capita, by type of raw material [8.4.2,12.2.2]",Crop residues (material flows),Metric Tons,,,0.42433
2021,"Domestic material consumption per capita, by type of raw material [8.4.2,12.2.2]",Crop residues (material flows),Metric Tons,,,0.37788
2022,"Domestic material consumption per capita, by type of raw material [8.4.2,12.2.2]",Crop residues (material flows),Metric Tons,,,0.37738
2023,"Domestic material consumption per capita, by type of raw material [8.4.2,12.2.2]",Crop residues (material flows),Metric Tons,,,0.37042
2000,"Domestic material consumption per capita, by type of raw material [8.4.2,12.2.2]",Grazed biomass and fodder crops (material flows),Metric Tons,,,0.98638
2001,"Domestic material consumption per capita, by type of raw material [8.4.2,12.2.2]",Grazed biomass and fodder crops (material flows),Metric Tons,,,0.9729
2002,"Domestic material consumption per capita, by type of raw material [8.4.2,12.2.2]",Grazed biomass and fodder crops (material flows),Metric Tons,,,0.99474
2003,"Domestic material consumption per capita, by type of raw material [8.4.2,12.2.2]",Grazed biomass and fodder crops (material flows),Metric Tons,,,1.0005
2004,"Domestic material consumption per capita, by type of raw material [8.4.2,12.2.2]",Grazed biomass and fodder crops (material flows),Metric Tons,,,1.05593
2005,"Domestic material consumption per capita, by type of raw material [8.4.2,12.2.2]",Grazed biomass and fodder crops (material flows),Metric Tons,,,1.00472
2006,"Domestic material consumption per capita, by type of raw material [8.4.2,12.2.2]",Grazed biomass and fodder crops (material flows),Metric Tons,,,0.90799
2007,"Domestic material consumption per capita, by type of raw material [8.4.2,12.2.2]",Grazed biomass and fodder crops (material flows),Metric Tons,,,1.52011
2008,"Domestic material consumption per capita, by type of raw material [8.4.2,12.2.2]",Grazed biomass and fodder crops (material flows),Metric Tons,,,1.56316
2009,"Domestic material consumption per capita, by type of raw material [8.4.2,12.2.2]",Grazed biomass and fodder crops (material flows),Metric Tons,,,1.41994
2010,"Domestic material consumption per capita, by type of raw material [8.4.2,12.2.2]",Grazed biomass and fodder crops (material flows),Metric Tons,,,1.41009
2011,"Domestic material consumption per capita, by type of raw material [8.4.2,12.2.2]",Grazed biomass and fodder crops (material flows),Metric Tons,,,1.39863
2012,"Domestic material consumption per capita, by type of raw material [8.4.2,12.2.2]",Grazed biomass and fodder crops (material flows),Metric Tons,,,1.33443
2013,"Domestic material consumption per capita, by type of raw material [8.4.2,12.2.2]",Grazed biomass and fodder crops (material flows),Metric Tons,,,1.2804
2014,"Domestic material consumption per capita, by type of raw material [8.4.2,12.2.2]",Grazed biomass and fodder crops (material flows),Metric Tons,,,1.27053
2015,"Domestic material consumption per capita, by type of raw material [8.4.2,12.2.2]",Grazed biomass and fodder crops (material flows),Metric Tons,,,1.26375
2016,"Domestic material consumption per capita, by type of raw material [8.4.2,12.2.2]",Grazed biomass and fodder crops (material flows),Metric Tons,,,1.34569
2017,"Domestic material consumption per capita, by type of raw material [8.4.2,12.2.2]",Grazed biomass and fodder crops (material flows),Metric Tons,,,1.22655
2018,"Domestic material consumption per capita, by type of raw material [8.4.2,12.2.2]",Grazed biomass and fodder crops (material flows),Metric Tons,,,1.26029
2019,"Domestic material consumption per capita, by type of raw material [8.4.2,12.2.2]",Grazed biomass and fodder crops (material flows),Metric Tons,,,1.46542
2020,"Domestic material consumption per capita, by type of raw material [8.4.2,12.2.2]",Grazed biomass and fodder crops (material flows),Metric Tons,,,1.65348
2021,"Domestic material consumption per capita, by type of raw material [8.4.2,12.2.2]",Grazed biomass and fodder crops (material flows),Metric Tons,,,1.43774
2022,"Domestic material consumption per capita, by type of raw material [8.4.2,12.2.2]",Grazed biomass and fodder crops (material flows),Metric Tons,,,1.43118
2023,"Domestic material consumption per capita, by type of raw material [8.4.2,12.2.2]",Grazed biomass and fodder crops (material flows),Metric Tons,,,1.38513
2000,"Domestic material consumption per capita, by type of raw material [8.4.2,12.2.2]",Wood (material flows),Metric Tons,,,0.46894
2001,"Domestic material consumption per capita, by type of raw material [8.4.2,12.2.2]",Wood (material flows),Metric Tons,,,0.45689
2002,"Domestic material consumption per capita, by type of raw material [8.4.2,12.2.2]",Wood (material flows),Metric Tons,,,0.44668
2003,"Domestic material consumption per capita, by type of raw material [8.4.2,12.2.2]",Wood (material flows),Metric Tons,,,0.43777
2004,"Domestic material consumption per capita, by type of raw material [8.4.2,12.2.2]",Wood (material flows),Metric Tons,,,0.42865
2005,"Domestic material consumption per capita, by type of raw material [8.4.2,12.2.2]",Wood (material flows),Metric Tons,,,0.49355
2006,"Domestic material consumption per capita, by type of raw material [8.4.2,12.2.2]",Wood (material flows),Metric Tons,,,0.49683
2007,"Domestic material consumption per capita, by type of raw material [8.4.2,12.2.2]",Wood (material flows),Metric Tons,,,0.4832
2008,"Domestic material consumption per capita, by type of raw material [8.4.2,12.2.2]",Wood (material flows),Metric Tons,,,0.46945
2009,"Domestic material consumption per capita, by type of raw material [8.4.2,12.2.2]",Wood (material flows),Metric Tons,,,0.45545
2010,"Domestic material consumption per capita, by type of raw material [8.4.2,12.2.2]",Wood (material flows),Metric Tons,,,0.44523
2011,"Domestic material consumption per capita, by type of raw material [8.4.2,12.2.2]",Wood (material flows),Metric Tons,,,0.43443
2012,"Domestic material consumption per capita, by type of raw material [8.4.2,12.2.2]",Wood (material flows),Metric Tons,,,0.41919
2013,"Domestic material consumption per capita, by type of raw material [8.4.2,12.2.2]",Wood (material flows),Metric Tons,,,0.41024
2014,"Domestic material consumption per capita, by type of raw material [8.4.2,12.2.2]",Wood (material flows),Metric Tons,,,0.4032
2015,"Domestic material consumption per capita, by type of raw material [8.4.2,12.2.2]",Wood (material flows),Metric Tons,,,0.3948
2016,"Domestic material consumption per capita, by type of raw material [8.4.2,12.2.2]",Wood (material flows),Metric Tons,,,0.38613
2017,"Domestic material consumption per capita, by type of raw material [8.4.2,12.2.2]",Wood (material flows),Metric Tons,,,0.37824
2018,"Domestic material consumption per capita, by type of raw material [8.4.2,12.2.2]",Wood (material flows),Metric Tons,,,0.37133
2019,"Domestic material consumption per capita, by type of raw material [8.4.2,12.2.2]",Wood (material flows),Metric Tons,,,0.3639
2020,"Domestic material consumption per capita, by type of raw material [8.4.2,12.2.2]",Wood (material flows),Metric Tons,,,0.3377
2021,"Domestic material consumption per capita, by type of raw material [8.4.2,12.2.2]",Wood (material flows),Metric Tons,,,0.332
2022,"Domestic material consumption per capita, by type of raw material [8.4.2,12.2.2]",Wood (material flows),Metric Tons,,,0.31592
2023,"Domestic material consumption per capita, by type of raw material [8.4.2,12.2.2]",Wood (material flows),Metric Tons,,,0.29279
2000,"Domestic material consumption per capita, by type of raw material [8.4.2,12.2.2]",Wild catch and harvest (material flows),Metric Tons,,,0.00692
2001,"Domestic material consumption per capita, by type of raw material [8.4.2,12.2.2]",Wild catch and harvest (material flows),Metric Tons,,,0.00526
2002,"Domestic material consumption per capita, by type of raw material [8.4.2,12.2.2]",Wild catch and harvest (material flows),Metric Tons,,,0.00408
2003,"Domestic material consumption per capita, by type of raw material [8.4.2,12.2.2]",Wild catch and harvest (material flows),Metric Tons,,,0.00331
2004,"Domestic material consumption per capita, by type of raw material [8.4.2,12.2.2]",Wild catch and harvest (material flows),Metric Tons,,,0.00365
2005,"Domestic material consumption per capita, by type of raw material [8.4.2,12.2.2]",Wild catch and harvest (material flows),Metric Tons,,,0.00451
2006,"Domestic material consumption per capita, by type of raw material [8.4.2,12.2.2]",Wild catch and harvest (material flows),Metric Tons,,,0.00486
2007,"Domestic material consumption per capita, by type of raw material [8.4.2,12.2.2]",Wild catch and harvest (material flows),Metric Tons,,,0.00386
2008,"Domestic material consumption per capita, by type of raw material [8.4.2,12.2.2]",Wild catch and harvest (material flows),Metric Tons,,,0.00367
2009,"Domestic material consumption per capita, by type of raw material [8.4.2,12.2.2]",Wild catch and harvest (material flows),Metric Tons,,,0.00349
2010,"Domestic material consumption per capita, by type of raw material [8.4.2,12.2.2]",Wild catch and harvest (material flows),Metric Tons,,,0.00352
2011,"Domestic material consumption per capita, by type of raw material [8.4.2,12.2.2]",Wild catch and harvest (material flows),Metric Tons,,,0.00446
2012,"Domestic material consumption per capita, by type of raw material [8.4.2,12.2.2]",Wild catch and harvest (material flows),Metric Tons,,,0.00388
2013,"Domestic material consumption per capita, by type of raw material [8.4.2,12.2.2]",Wild catch and harvest (material flows),Metric Tons,,,0.00387
2014,"Domestic material consumption per capita, by type of raw material [8.4.2,12.2.2]",Wild catch and harvest (material flows),Metric Tons,,,0.00409
2015,"Domestic material consumption per capita, by type of raw material [8.4.2,12.2.2]",Wild catch and harvest (material flows),Metric Tons,,,0.00394
2016,"Domestic material consumption per capita, by type of raw material [8.4.2,12.2.2]",Wild catch and harvest (material flows),Metric Tons,,,0.00342
2017,"Domestic material consumption per capita, by type of raw material [8.4.2,12.2.2]",Wild catch and harvest (material flows),Metric Tons,,,0.00308
2018,"Domestic material consumption per capita, by type of raw material [8.4.2,12.2.2]",Wild catch and harvest (material flows),Metric Tons,,,0.00307
2019,"Domestic material consumption per capita, by type of raw material [8.4.2,12.2.2]",Wild catch and harvest (material flows),Metric Tons,,,0.00286
2020,"Domestic material consumption per capita, by type of raw material [8.4.2,12.2.2]",Wild catch and harvest (material flows),Metric Tons,,,0.00266
2021,"Domestic material consumption per capita, by type of raw material [8.4.2,12.2.2]",Wild catch and harvest (material flows),Metric Tons,,,0.00275
2022,"Domestic material consumption per capita, by type of raw material [8.4.2,12.2.2]",Wild catch and harvest (material flows),Metric Tons,,,0.00277
2023,"Domestic material consumption per capita, by type of raw material [8.4.2,12.2.2]",Wild catch and harvest (material flows),Metric Tons,,,0.00272
2000,"Domestic material consumption per capita, by type of raw material [8.4.2,12.2.2]",Metal ores (material flows),Metric Tons,,,0.0348
2001,"Domestic material consumption per capita, by type of raw material [8.4.2,12.2.2]",Metal ores (material flows),Metric Tons,,,0.04331
2002,"Domestic material consumption per capita, by type of raw material [8.4.2,12.2.2]",Metal ores (material flows),Metric Tons,,,0.0445
2003,"Domestic material consumption per capita, by type of raw material [8.4.2,12.2.2]",Metal ores (material flows),Metric Tons,,,0.03905
2004,"Domestic material consumption per capita, by type of raw material [8.4.2,12.2.2]",Metal ores (material flows),Metric Tons,,,0.02501
2005,"Domestic material consumption per capita, by type of raw material [8.4.2,12.2.2]",Metal ores (material flows),Metric Tons,,,0.02124
2006,"Domestic material consumption per capita, by type of raw material [8.4.2,12.2.2]",Metal ores (material flows),Metric Tons,,,0.01918
2007,"Domestic material consumption per capita, by type of raw material [8.4.2,12.2.2]",Metal ores (material flows),Metric Tons,,,0.06344
2008,"Domestic material consumption per capita, by type of raw material [8.4.2,12.2.2]",Metal ores (material flows),Metric Tons,,,0.01669
2009,"Domestic material consumption per capita, by type of raw material [8.4.2,12.2.2]",Metal ores (material flows),Metric Tons,,,0.03263
2010,"Domestic material consumption per capita, by type of raw material [8.4.2,12.2.2]",Metal ores (material flows),Metric Tons,,,0.05173
2011,"Domestic material consumption per capita, by type of raw material [8.4.2,12.2.2]",Metal ores (material flows),Metric Tons,,,0.03001
2012,"Domestic material consumption per capita, by type of raw material [8.4.2,12.2.2]",Metal ores (material flows),Metric Tons,,,0.05605
2013,"Domestic material consumption per capita, by type of raw material [8.4.2,12.2.2]",Metal ores (material flows),Metric Tons,,,0.06247
2014,"Domestic material consumption per capita, by type of raw material [8.4.2,12.2.2]",Metal ores (material flows),Metric Tons,,,0.01088
2015,"Domestic material consumption per capita, by type of raw material [8.4.2,12.2.2]",Metal ores (material flows),Metric Tons,,,0.04003
2016,"Domestic material consumption per capita, by type of raw material [8.4.2,12.2.2]",Metal ores (material flows),Metric Tons,,,0.03146
2017,"Domestic material consumption per capita, by type of raw material [8.4.2,12.2.2]",Metal ores (material flows),Metric Tons,,,0.03708
2018,"Domestic material consumption per capita, by type of raw material [8.4.2,12.2.2]",Metal ores (material flows),Metric Tons,,,0.03191
2019,"Domestic material consumption per capita, by type of raw material [8.4.2,12.2.2]",Metal ores (material flows),Metric Tons,,,0.03153
2020,"Domestic material consumption per capita, by type of raw material [8.4.2,12.2.2]",Metal ores (material flows),Metric Tons,,,0.02724
2021,"Domestic material consumption per capita, by type of raw material [8.4.2,12.2.2]",Metal ores (material flows),Metric Tons,,,0.02767
2022,"Domestic material consumption per capita, by type of raw material [8.4.2,12.2.2]",Metal ores (material flows),Metric Tons,,,0.02859
2023,"Domestic material consumption per capita, by type of raw material [8.4.2,12.2.2]",Metal ores (material flows),Metric Tons,,,0.02877
2000,"Domestic material consumption per capita, by type of raw material [8.4.2,12.2.2]",Ferrous ores (material flows),Metric Tons,,,0.00777
2001,"Domestic material consumption per capita, by type of raw material [8.4.2,12.2.2]",Ferrous ores (material flows),Metric Tons,,,0.01032
2002,"Domestic material consumption per capita, by type of raw material [8.4.2,12.2.2]",Ferrous ores (material flows),Metric Tons,,,0.01439
2003,"Domestic material consumption per capita, by type of raw material [8.4.2,12.2.2]",Ferrous ores (material flows),Metric Tons,,,0.00949
2004,"Domestic material consumption per capita, by type of raw material [8.4.2,12.2.2]",Ferrous ores (material flows),Metric Tons,,,0.01284
2005,"Domestic material consumption per capita, by type of raw material [8.4.2,12.2.2]",Ferrous ores (material flows),Metric Tons,,,0.00832
2006,"Domestic material consumption per capita, by type of raw material [8.4.2,12.2.2]",Ferrous ores (material flows),Metric Tons,,,0.01027
2007,"Domestic material consumption per capita, by type of raw material [8.4.2,12.2.2]",Ferrous ores (material flows),Metric Tons,,,0.01176
2008,"Domestic material consumption per capita, by type of raw material [8.4.2,12.2.2]",Ferrous ores (material flows),Metric Tons,,,0.01059
2009,"Domestic material consumption per capita, by type of raw material [8.4.2,12.2.2]",Ferrous ores (material flows),Metric Tons,,,0.01457
2010,"Domestic material consumption per capita, by type of raw material [8.4.2,12.2.2]",Ferrous ores (material flows),Metric Tons,,,0.0147
2011,"Domestic material consumption per capita, by type of raw material [8.4.2,12.2.2]",Ferrous ores (material flows),Metric Tons,,,0.00578
2012,"Domestic material consumption per capita, by type of raw material [8.4.2,12.2.2]",Ferrous ores (material flows),Metric Tons,,,0.00346
2013,"Domestic material consumption per capita, by type of raw material [8.4.2,12.2.2]",Ferrous ores (material flows),Metric Tons,,,0.03126
2014,"Domestic material consumption per capita, by type of raw material [8.4.2,12.2.2]",Ferrous ores (material flows),Metric Tons,,,0.0
2015,"Domestic material consumption per capita, by type of raw material [8.4.2,12.2.2]",Ferrous ores (material flows),Metric Tons,,,0.03341
2016,"Domestic material consumption per capita, by type of raw material [8.4.2,12.2.2]",Ferrous ores (material flows),Metric Tons,,,0.03153
2017,"Domestic material consumption per capita, by type of raw material [8.4.2,12.2.2]",Ferrous ores (material flows),Metric Tons,,,0.02846
2018,"Domestic material consumption per capita, by type of raw material [8.4.2,12.2.2]",Ferrous ores (material flows),Metric Tons,,,0.02356
2019,"Domestic material consumption per capita, by type of raw material [8.4.2,12.2.2]",Ferrous ores (material flows),Metric Tons,,,0.02322
2020,"Domestic material consumption per capita, by type of raw material [8.4.2,12.2.2]",Ferrous ores (material flows),Metric Tons,,,0.02285
2021,"Domestic material consumption per capita, by type of raw material [8.4.2,12.2.2]",Ferrous ores (material flows),Metric Tons,,,0.02337
2022,"Domestic material consumption per capita, by type of raw material [8.4.2,12.2.2]",Ferrous ores (material flows),Metric Tons,,,0.02396
2023,"Domestic material consumption per capita, by type of raw material [8.4.2,12.2.2]",Ferrous ores (material flows),Metric Tons,,,0.024
2000,"Domestic material consumption per capita, by type of raw material [8.4.2,12.2.2]",Non-ferrous ores (material flows),Metric Tons,,,0.02704
2001,"Domestic material consumption per capita, by type of raw material [8.4.2,12.2.2]",Non-ferrous ores (material flows),Metric Tons,,,0.03299
2002,"Domestic material consumption per capita, by type of raw material [8.4.2,12.2.2]",Non-ferrous ores (material flows),Metric Tons,,,0.0301
2003,"Domestic material consumption per capita, by type of raw material [8.4.2,12.2.2]",Non-ferrous ores (material flows),Metric Tons,,,0.02956
2004,"Domestic material consumption per capita, by type of raw material [8.4.2,12.2.2]",Non-ferrous ores (material flows),Metric Tons,,,0.01217
2005,"Domestic material consumption per capita, by type of raw material [8.4.2,12.2.2]",Non-ferrous ores (material flows),Metric Tons,,,0.01293
2006,"Domestic material consumption per capita, by type of raw material [8.4.2,12.2.2]",Non-ferrous ores (material flows),Metric Tons,,,0.00891
2007,"Domestic material consumption per capita, by type of raw material [8.4.2,12.2.2]",Non-ferrous ores (material flows),Metric Tons,,,0.05168
2008,"Domestic material consumption per capita, by type of raw material [8.4.2,12.2.2]",Non-ferrous ores (material flows),Metric Tons,,,0.0061
2009,"Domestic material consumption per capita, by type of raw material [8.4.2,12.2.2]",Non-ferrous ores (material flows),Metric Tons,,,0.01805
2010,"Domestic material consumption per capita, by type of raw material [8.4.2,12.2.2]",Non-ferrous ores (material flows),Metric Tons,,,0.03702
2011,"Domestic material consumption per capita, by type of raw material [8.4.2,12.2.2]",Non-ferrous ores (material flows),Metric Tons,,,0.02423
2012,"Domestic material consumption per capita, by type of raw material [8.4.2,12.2.2]",Non-ferrous ores (material flows),Metric Tons,,,0.05259
2013,"Domestic material consumption per capita, by type of raw material [8.4.2,12.2.2]",Non-ferrous ores (material flows),Metric Tons,,,0.03121
2014,"Domestic material consumption per capita, by type of raw material [8.4.2,12.2.2]",Non-ferrous ores (material flows),Metric Tons,,,0.01088
2015,"Domestic material consumption per capita, by type of raw material [8.4.2,12.2.2]",Non-ferrous ores (material flows),Metric Tons,,,0.00662
2016,"Domestic material consumption per capita, by type of raw material [8.4.2,12.2.2]",Non-ferrous ores (material flows),Metric Tons,,,-7e-05
2017,"Domestic material consumption per capita, by type of raw material [8.4.2,12.2.2]",Non-ferrous ores (material flows),Metric Tons,,,0.00863
2018,"Domestic material consumption per capita, by type of raw material [8.4.2,12.2.2]",Non-ferrous ores (material flows),Metric Tons,,,0.00835
2019,"Domestic material consumption per capita, by type of raw material [8.4.2,12.2.2]",Non-ferrous ores (material flows),Metric Tons,,,0.0083
2020,"Domestic material consumption per capita, by type of raw material [8.4.2,12.2.2]",Non-ferrous ores (material flows),Metric Tons,,,0.00439
2021,"Domestic material consumption per capita, by type of raw material [8.4.2,12.2.2]",Non-ferrous ores (material flows),Metric Tons,,,0.00429
2022,"Domestic material consumption per capita, by type of raw material [8.4.2,12.2.2]",Non-ferrous ores (material flows),Metric Tons,,,0.00462
2023,"Domestic material consumption per capita, by type of raw material [8.4.2,12.2.2]",Non-ferrous ores (material flows),Metric Tons,,,0.00476
2000,"Domestic material consumption per capita, by type of raw material [8.4.2,12.2.2]",Non-metallic minerals (material flows),Metric Tons,,,1.31937
2001,"Domestic material consumption per capita, by type of raw material [8.4.2,12.2.2]",Non-metallic minerals (material flows),Metric Tons,,,1.25503
2002,"Domestic material consumption per capita, by type of raw material [8.4.2,12.2.2]",Non-metallic minerals (material flows),Metric Tons,,,0.33755
2003,"Domestic material consumption per capita, by type of raw material [8.4.2,12.2.2]",Non-metallic minerals (material flows),Metric Tons,,,0.25276
2004,"Domestic material consumption per capita, by type of raw material [8.4.2,12.2.2]",Non-metallic minerals (material flows),Metric Tons,,,0.29734
2005,"Domestic material consumption per capita, by type of raw material [8.4.2,12.2.2]",Non-metallic minerals (material flows),Metric Tons,,,0.4071
2006,"Domestic material consumption per capita, by type of raw material [8.4.2,12.2.2]",Non-metallic minerals (material flows),Metric Tons,,,0.44268
2007,"Domestic material consumption per capita, by type of raw material [8.4.2,12.2.2]",Non-metallic minerals (material flows),Metric Tons,,,0.51311
2008,"Domestic material consumption per capita, by type of raw material [8.4.2,12.2.2]",Non-metallic minerals (material flows),Metric Tons,,,0.51023
2009,"Domestic material consumption per capita, by type of raw material [8.4.2,12.2.2]",Non-metallic minerals (material flows),Metric Tons,,,0.62951
2010,"Domestic material consumption per capita, by type of raw material [8.4.2,12.2.2]",Non-metallic minerals (material flows),Metric Tons,,,0.72524
2011,"Domestic material consumption per capita, by type of raw material [8.4.2,12.2.2]",Non-metallic minerals (material flows),Metric Tons,,,0.57175
2012,"Domestic material consumption per capita, by type of raw material [8.4.2,12.2.2]",Non-metallic minerals (material flows),Metric Tons,,,0.8069
2013,"Domestic material consumption per capita, by type of raw material [8.4.2,12.2.2]",Non-metallic minerals (material flows),Metric Tons,,,0.94629
2014,"Domestic material consumption per capita, by type of raw material [8.4.2,12.2.2]",Non-metallic minerals (material flows),Metric Tons,,,0.95527
2015,"Domestic material consumption per capita, by type of raw material [8.4.2,12.2.2]",Non-metallic minerals (material flows),Metric Tons,,,1.1947
2016,"Domestic material consumption per capita, by type of raw material [8.4.2,12.2.2]",Non-metallic minerals (material flows),Metric Tons,,,1.0422
2017,"Domestic material consumption per capita, by type of raw material [8.4.2,12.2.2]",Non-metallic minerals (material flows),Metric Tons,,,0.88318
2018,"Domestic material consumption per capita, by type of raw material [8.4.2,12.2.2]",Non-metallic minerals (material flows),Metric Tons,,,1.09944
2019,"Domestic material consumption per capita, by type of raw material [8.4.2,12.2.2]",Non-metallic minerals (material flows),Metric Tons,,,1.09616
2020,"Domestic material consumption per capita, by type of raw material [8.4.2,12.2.2]",Non-metallic minerals (material flows),Metric Tons,,,1.06631
2021,"Domestic material consumption per capita, by type of raw material [8.4.2,12.2.2]",Non-metallic minerals (material flows),Metric Tons,,,1.1082
2022,"Domestic material consumption per capita, by type of raw material [8.4.2,12.2.2]",Non-metallic minerals (material flows),Metric Tons,,,1.12538
2023,"Domestic material consumption per capita, by type of raw material [8.4.2,12.2.2]",Non-metallic minerals (material flows),Metric Tons,,,1.11418
2000,"Domestic material consumption per capita, by type of raw material [8.4.2,12.2.2]",Fossil fuels (material flows),Metric Tons,,,0.08162
2001,"Domestic material consumption per capita, by type of raw material [8.4.2,12.2.2]",Fossil fuels (material flows),Metric Tons,,,0.0639
2002,"Domestic material consumption per capita, by type of raw material [8.4.2,12.2.2]",Fossil fuels (material flows),Metric Tons,,,0.04857
2003,"Domestic material consumption per capita, by type of raw material [8.4.2,12.2.2]",Fossil fuels (material flows),Metric Tons,,,0.04863
2004,"Domestic material consumption per capita, by type of raw material [8.4.2,12.2.2]",Fossil fuels (material flows),Metric Tons,,,0.06185
2005,"Domestic material consumption per capita, by type of raw material [8.4.2,12.2.2]",Fossil fuels (material flows),Metric Tons,,,0.05298
2006,"Domestic material consumption per capita, by type of raw material [8.4.2,12.2.2]",Fossil fuels (material flows),Metric Tons,,,0.04902
2007,"Domestic material consumption per capita, by type of raw material [8.4.2,12.2.2]",Fossil fuels (material flows),Metric Tons,,,0.04601
2008,"Domestic material consumption per capita, by type of raw material [8.4.2,12.2.2]",Fossil fuels (material flows),Metric Tons,,,0.0492
2009,"Domestic material consumption per capita, by type of raw material [8.4.2,12.2.2]",Fossil fuels (material flows),Metric Tons,,,0.04375
2010,"Domestic material consumption per capita, by type of raw material [8.4.2,12.2.2]",Fossil fuels (material flows),Metric Tons,,,0.04114
2011,"Domestic material consumption per capita, by type of raw material [8.4.2,12.2.2]",Fossil fuels (material flows),Metric Tons,,,0.04846
2012,"Domestic material consumption per capita, by type of raw material [8.4.2,12.2.2]",Fossil fuels (material flows),Metric Tons,,,0.03003
2013,"Domestic material consumption per capita, by type of raw material [8.4.2,12.2.2]",Fossil fuels (material flows),Metric Tons,,,0.02072
2014,"Domestic material consumption per capita, by type of raw material [8.4.2,12.2.2]",Fossil fuels (material flows),Metric Tons,,,0.01025
2015,"Domestic material consumption per capita, by type of raw material [8.4.2,12.2.2]",Fossil fuels (material flows),Metric Tons,,,0.01063
2016,"Domestic material consumption per capita, by type of raw material [8.4.2,12.2.2]",Fossil fuels (material flows),Metric Tons,,,0.01025
2017,"Domestic material consumption per capita, by type of raw material [8.4.2,12.2.2]",Fossil fuels (material flows),Metric Tons,,,0.00946
2018,"Domestic material consumption per capita, by type of raw material [8.4.2,12.2.2]",Fossil fuels (material flows),Metric Tons,,,0.01387
2019,"Domestic material consumption per capita, by type of raw material [8.4.2,12.2.2]",Fossil fuels (material flows),Metric Tons,,,0.01201
2020,"Domestic material consumption per capita, by type of raw material [8.4.2,12.2.2]",Fossil fuels (material flows),Metric Tons,,,0.01581
2021,"Domestic material consumption per capita, by type of raw material [8.4.2,12.2.2]",Fossil fuels (material flows),Metric Tons,,,0.01582
2022,"Domestic material consumption per capita, by type of raw material [8.4.2,12.2.2]",Fossil fuels (material flows),Metric Tons,,,0.01545
2023,"Domestic material consumption per capita, by type of raw material [8.4.2,12.2.2]",Fossil fuels (material flows),Metric Tons,,,0.01473
2000,"Domestic material consumption per capita, by type of raw material [8.4.2,12.2.2]",Coal (material flows),Metric Tons,,,0.00214
2001,"Domestic material consumption per capita, by type of raw material [8.4.2,12.2.2]",Coal (material flows),Metric Tons,,,0.00208
2002,"Domestic material consumption per capita, by type of raw material [8.4.2,12.2.2]",Coal (material flows),Metric Tons,,,0.00302
2003,"Domestic material consumption per capita, by type of raw material [8.4.2,12.2.2]",Coal (material flows),Metric Tons,,,0.00272
2004,"Domestic material consumption per capita, by type of raw material [8.4.2,12.2.2]",Coal (material flows),Metric Tons,,,0.0031
2005,"Domestic material consumption per capita, by type of raw material [8.4.2,12.2.2]",Coal (material flows),Metric Tons,,,0.00349
2006,"Domestic material consumption per capita, by type of raw material [8.4.2,12.2.2]",Coal (material flows),Metric Tons,,,0.00452
2007,"Domestic material consumption per capita, by type of raw material [8.4.2,12.2.2]",Coal (material flows),Metric Tons,,,0.00397
2008,"Domestic material consumption per capita, by type of raw material [8.4.2,12.2.2]",Coal (material flows),Metric Tons,,,0.00396
2009,"Domestic material consumption per capita, by type of raw material [8.4.2,12.2.2]",Coal (material flows),Metric Tons,,,0.00342
2010,"Domestic material consumption per capita, by type of raw material [8.4.2,12.2.2]",Coal (material flows),Metric Tons,,,0.00568
2011,"Domestic material consumption per capita, by type of raw material [8.4.2,12.2.2]",Coal (material flows),Metric Tons,,,0.00898
2012,"Domestic material consumption per capita, by type of raw material [8.4.2,12.2.2]",Coal (material flows),Metric Tons,,,0.00784
2013,"Domestic material consumption per capita, by type of raw material [8.4.2,12.2.2]",Coal (material flows),Metric Tons,,,0.00846
2014,"Domestic material consumption per capita, by type of raw material [8.4.2,12.2.2]",Coal (material flows),Metric Tons,,,0.01025
2015,"Domestic material consumption per capita, by type of raw material [8.4.2,12.2.2]",Coal (material flows),Metric Tons,,,0.01063
2016,"Domestic material consumption per capita, by type of raw material [8.4.2,12.2.2]",Coal (material flows),Metric Tons,,,0.01025
2017,"Domestic material consumption per capita, by type of raw material [8.4.2,12.2.2]",Coal (material flows),Metric Tons,,,0.00946
2018,"Domestic material consumption per capita, by type of raw material [8.4.2,12.2.2]",Coal (material flows),Metric Tons,,,0.01387
2019,"Domestic material consumption per capita, by type of raw material [8.4.2,12.2.2]",Coal (material flows),Metric Tons,,,0.01201
2020,"Domestic material consumption per capita, by type of raw material [8.4.2,12.2.2]",Coal (material flows),Metric Tons,,,0.01581
2021,"Domestic material consumption per capita, by type of raw material [8.4.2,12.2.2]",Coal (material flows),Metric Tons,,,0.01582
2022,"Domestic material consumption per capita, by type of raw material [8.4.2,12.2.2]",Coal (material flows),Metric Tons,,,0.01545
2023,"Domestic material consumption per capita, by type of raw material [8.4.2,12.2.2]",Coal (material flows),Metric Tons,,,0.01473
2000,"Domestic material consumption per capita, by type of raw material [8.4.2,12.2.2]",Petroleum (material flows),Metric Tons,,,0.07948
2001,"Domestic material consumption per capita, by type of raw material [8.4.2,12.2.2]",Petroleum (material flows),Metric Tons,,,0.06182
2002,"Domestic material consumption per capita, by type of raw material [8.4.2,12.2.2]",Petroleum (material flows),Metric Tons,,,0.04555
2003,"Domestic material consumption per capita, by type of raw material [8.4.2,12.2.2]",Petroleum (material flows),Metric Tons,,,0.0459
2004,"Domestic material consumption per capita, by type of raw material [8.4.2,12.2.2]",Petroleum (material flows),Metric Tons,,,0.05875
2005,"Domestic material consumption per capita, by type of raw material [8.4.2,12.2.2]",Petroleum (material flows),Metric Tons,,,0.04949
2006,"Domestic material consumption per capita, by type of raw material [8.4.2,12.2.2]",Petroleum (material flows),Metric Tons,,,0.0445
2007,"Domestic material consumption per capita, by type of raw material [8.4.2,12.2.2]",Petroleum (material flows),Metric Tons,,,0.04204
2008,"Domestic material consumption per capita, by type of raw material [8.4.2,12.2.2]",Petroleum (material flows),Metric Tons,,,0.04524
2009,"Domestic material consumption per capita, by type of raw material [8.4.2,12.2.2]",Petroleum (material flows),Metric Tons,,,0.04033
2010,"Domestic material consumption per capita, by type of raw material [8.4.2,12.2.2]",Petroleum (material flows),Metric Tons,,,0.03545
2011,"Domestic material consumption per capita, by type of raw material [8.4.2,12.2.2]",Petroleum (material flows),Metric Tons,,,0.03947
2012,"Domestic material consumption per capita, by type of raw material [8.4.2,12.2.2]",Petroleum (material flows),Metric Tons,,,0.02218
2013,"Domestic material consumption per capita, by type of raw material [8.4.2,12.2.2]",Petroleum (material flows),Metric Tons,,,0.01226
2014,"Domestic material consumption per capita, by type of raw material [8.4.2,12.2.2]",Petroleum (material flows),Metric Tons,,,0.0
2015,"Domestic material consumption per capita, by type of raw material [8.4.2,12.2.2]",Petroleum (material flows),Metric Tons,,,0.0
2016,"Domestic material consumption per capita, by type of raw material [8.4.2,12.2.2]",Petroleum (material flows),Metric Tons,,,0.0
2017,"Domestic material consumption per capita, by type of raw material [8.4.2,12.2.2]",Petroleum (material flows),Metric Tons,,,0.0
2018,"Domestic material consumption per capita, by type of raw material [8.4.2,12.2.2]",Petroleum (material flows),Metric Tons,,,0.0
2019,"Domestic material consumption per capita, by type of raw material [8.4.2,12.2.2]",Petroleum (material flows),Metric Tons,,,0.0
2020,"Domestic material consumption per capita, by type of raw material [8.4.2,12.2.2]",Petroleum (material flows),Metric Tons,,,0.0
2021,"Domestic material consumption per capita, by type of raw material [8.4.2,12.2.2]",Petroleum (material flows),Metric Tons,,,0.0
2022,"Domestic material consumption per capita, by type of raw material [8.4.2,12.2.2]",Petroleum (material flows),Metric Tons,,,0.0
2023,"Domestic material consumption per capita, by type of raw material [8.4.2,12.2.2]",Petroleum (material flows),Metric Tons,,,0.0
2000,"Domestic material consumption per unit of GDP [8.4.2,12.2.2]",,Kilograms per constant USD,2015,2015,3.35689
2001,"Domestic material consumption per unit of GDP [8.4.2,12.2.2]",,Kilograms per constant USD,2015,2015,3.35275
2002,"Domestic material consumption per unit of GDP [8.4.2,12.2.2]",,Kilograms per constant USD,2015,2015,2.52535
2003,"Domestic material consumption per unit of GDP [8.4.2,12.2.2]",,Kilograms per constant USD,2015,2015,2.44142
2004,"Domestic material consumption per unit of GDP [8.4.2,12.2.2]",,Kilograms per constant USD,2015,2015,2.45334
2005,"Domestic material consumption per unit of GDP [8.4.2,12.2.2]",,Kilograms per constant USD,2015,2015,2.59015
2006,"Domestic material consumption per unit of GDP [8.4.2,12.2.2]",,Kilograms per constant USD,2015,2015,2.50316
2007,"Domestic material consumption per unit of GDP [8.4.2,12.2.2]",,Kilograms per constant USD,2015,2015,2.94925
2008,"Domestic material consumption per unit of GDP [8.4.2,12.2.2]",,Kilograms per constant USD,2015,2015,2.94369
2009,"Domestic material consumption per unit of GDP [8.4.2,12.2.2]",,Kilograms per constant USD,2015,2015,2.8294
2010,"Domestic material consumption per unit of GDP [8.4.2,12.2.2]",,Kilograms per constant USD,2015,2015,2.843
2011,"Domestic material consumption per unit of GDP [8.4.2,12.2.2]",,Kilograms per constant USD,2015,2015,2.57218
2012,"Domestic material consumption per unit of GDP [8.4.2,12.2.2]",,Kilograms per constant USD,2015,2015,2.71332
2013,"Domestic material consumption per unit of GDP [8.4.2,12.2.2]",,Kilograms per constant USD,2015,2015,2.75418
2014,"Domestic material consumption per unit of GDP [8.4.2,12.2.2]",,Kilograms per constant USD,2015,2015,2.56885
2015,"Domestic material consumption per unit of GDP [8.4.2,12.2.2]",,Kilograms per constant USD,2015,2015,2.8107
2016,"Domestic material consumption per unit of GDP [8.4.2,12.2.2]",,Kilograms per constant USD,2015,2015,2.62493
2017,"Domestic material consumption per unit of GDP [8.4.2,12.2.2]",,Kilograms per constant USD,2015,2015,2.39104
2018,"Domestic material consumption per unit of GDP [8.4.2,12.2.2]",,Kilograms per constant USD,2015,2015,2.51026
2019,"Domestic material consumption per unit of GDP [8.4.2,12.2.2]",,Kilograms per constant USD,2015,2015,2.53526
2020,"Domestic material consumption per unit of GDP [8.4.2,12.2.2]",,Kilograms per constant USD,2015,2015,2.72323
2021,"Domestic material consumption per unit of GDP [8.4.2,12.2.2]",,Kilograms per constant USD,2015,2015,2.4379
2022,"Domestic material consumption per unit of GDP [8.4.2,12.2.2]",,Kilograms per constant USD,2015,2015,2.36726
2023,"Domestic material consumption per unit of GDP [8.4.2,12.2.2]",,Kilograms per constant USD,2015,2015,2.22859
2000,"Domestic material consumption per unit of GDP [8.4.2,12.2.2]",Non-metallic minerals - construction dominant (material flows),Kilograms per constant USD,2015,2015,1.15257
2001,"Domestic material consumption per unit of GDP [8.4.2,12.2.2]",Non-metallic minerals - construction dominant (material flows),Kilograms per constant USD,2015,2015,1.07847
2002,"Domestic material consumption per unit of GDP [8.4.2,12.2.2]",Non-metallic minerals - construction dominant (material flows),Kilograms per constant USD,2015,2015,0.28681
2003,"Domestic material consumption per unit of GDP [8.4.2,12.2.2]",Non-metallic minerals - construction dominant (material flows),Kilograms per constant USD,2015,2015,0.22119
2004,"Domestic material consumption per unit of GDP [8.4.2,12.2.2]",Non-metallic minerals - construction dominant (material flows),Kilograms per constant USD,2015,2015,0.2548
2005,"Domestic material consumption per unit of GDP [8.4.2,12.2.2]",Non-metallic minerals - construction dominant (material flows),Kilograms per constant USD,2015,2015,0.33053
2006,"Domestic material consumption per unit of GDP [8.4.2,12.2.2]",Non-metallic minerals - construction dominant (material flows),Kilograms per constant USD,2015,2015,0.34883
2007,"Domestic material consumption per unit of GDP [8.4.2,12.2.2]",Non-metallic minerals - construction dominant (material flows),Kilograms per constant USD,2015,2015,0.39561
2008,"Domestic material consumption per unit of GDP [8.4.2,12.2.2]",Non-metallic minerals - construction dominant (material flows),Kilograms per constant USD,2015,2015,0.39929
2009,"Domestic material consumption per unit of GDP [8.4.2,12.2.2]",Non-metallic minerals - construction dominant (material flows),Kilograms per constant USD,2015,2015,0.4771
2010,"Domestic material consumption per unit of GDP [8.4.2,12.2.2]",Non-metallic minerals - construction dominant (material flows),Kilograms per constant USD,2015,2015,0.52467
2011,"Domestic material consumption per unit of GDP [8.4.2,12.2.2]",Non-metallic minerals - construction dominant (material flows),Kilograms per constant USD,2015,2015,0.40455
2012,"Domestic material consumption per unit of GDP [8.4.2,12.2.2]",Non-metallic minerals - construction dominant (material flows),Kilograms per constant USD,2015,2015,0.56648
2013,"Domestic material consumption per unit of GDP [8.4.2,12.2.2]",Non-metallic minerals - construction dominant (material flows),Kilograms per constant USD,2015,2015,0.64955
2014,"Domestic material consumption per unit of GDP [8.4.2,12.2.2]",Non-metallic minerals - construction dominant (material flows),Kilograms per constant USD,2015,2015,0.6471
2015,"Domestic material consumption per unit of GDP [8.4.2,12.2.2]",Non-metallic minerals - construction dominant (material flows),Kilograms per constant USD,2015,2015,0.78671
2016,"Domestic material consumption per unit of GDP [8.4.2,12.2.2]",Non-metallic minerals - construction dominant (material flows),Kilograms per constant USD,2015,2015,0.67172
2017,"Domestic material consumption per unit of GDP [8.4.2,12.2.2]",Non-metallic minerals - construction dominant (material flows),Kilograms per constant USD,2015,2015,0.55739
2018,"Domestic material consumption per unit of GDP [8.4.2,12.2.2]",Non-metallic minerals - construction dominant (material flows),Kilograms per constant USD,2015,2015,0.67625
2019,"Domestic material consumption per unit of GDP [8.4.2,12.2.2]",Non-metallic minerals - construction dominant (material flows),Kilograms per constant USD,2015,2015,0.6541
2020,"Domestic material consumption per unit of GDP [8.4.2,12.2.2]",Non-metallic minerals - construction dominant (material flows),Kilograms per constant USD,2015,2015,0.6514
2021,"Domestic material consumption per unit of GDP [8.4.2,12.2.2]",Non-metallic minerals - construction dominant (material flows),Kilograms per constant USD,2015,2015,0.64159
2022,"Domestic material consumption per unit of GDP [8.4.2,12.2.2]",Non-metallic minerals - construction dominant (material flows),Kilograms per constant USD,2015,2015,0.63332
2023,"Domestic material consumption per unit of GDP [8.4.2,12.2.2]",Non-metallic minerals - construction dominant (material flows),Kilograms per constant USD,2015,2015,0.60588
2000,"Domestic material consumption per unit of GDP [8.4.2,12.2.2]",Non-metallic minerals - industrial or agricultural dominant (material flows),Kilograms per constant USD,2015,2015,0.01277
2001,"Domestic material consumption per unit of GDP [8.4.2,12.2.2]",Non-metallic minerals - industrial or agricultural dominant (material flows),Kilograms per constant USD,2015,2015,0.01528
2002,"Domestic material consumption per unit of GDP [8.4.2,12.2.2]",Non-metallic minerals - industrial or agricultural dominant (material flows),Kilograms per constant USD,2015,2015,0.0147
2003,"Domestic material consumption per unit of GDP [8.4.2,12.2.2]",Non-metallic minerals - industrial or agricultural dominant (material flows),Kilograms per constant USD,2015,2015,0.00482
2004,"Domestic material consumption per unit of GDP [8.4.2,12.2.2]",Non-metallic minerals - industrial or agricultural dominant (material flows),Kilograms per constant USD,2015,2015,0.00583
2005,"Domestic material consumption per unit of GDP [8.4.2,12.2.2]",Non-metallic minerals - industrial or agricultural dominant (material flows),Kilograms per constant USD,2015,2015,0.01658
2006,"Domestic material consumption per unit of GDP [8.4.2,12.2.2]",Non-metallic minerals - industrial or agricultural dominant (material flows),Kilograms per constant USD,2015,2015,0.01687
2007,"Domestic material consumption per unit of GDP [8.4.2,12.2.2]",Non-metallic minerals - industrial or agricultural dominant (material flows),Kilograms per constant USD,2015,2015,0.01303
2008,"Domestic material consumption per unit of GDP [8.4.2,12.2.2]",Non-metallic minerals - industrial or agricultural dominant (material flows),Kilograms per constant USD,2015,2015,0.01838
2009,"Domestic material consumption per unit of GDP [8.4.2,12.2.2]",Non-metallic minerals - industrial or agricultural dominant (material flows),Kilograms per constant USD,2015,2015,0.01526
2010,"Domestic material consumption per unit of GDP [8.4.2,12.2.2]",Non-metallic minerals - industrial or agricultural dominant (material flows),Kilograms per constant USD,2015,2015,0.01526
2011,"Domestic material consumption per unit of GDP [8.4.2,12.2.2]",Non-metallic minerals - industrial or agricultural dominant (material flows),Kilograms per constant USD,2015,2015,0.01127
2012,"Domestic material consumption per unit of GDP [8.4.2,12.2.2]",Non-metallic minerals - industrial or agricultural dominant (material flows),Kilograms per constant USD,2015,2015,0.00968
2013,"Domestic material consumption per unit of GDP [8.4.2,12.2.2]",Non-metallic minerals - industrial or agricultural dominant (material flows),Kilograms per constant USD,2015,2015,0.0172
2014,"Domestic material consumption per unit of GDP [8.4.2,12.2.2]",Non-metallic minerals - industrial or agricultural dominant (material flows),Kilograms per constant USD,2015,2015,0.00853
2015,"Domestic material consumption per unit of GDP [8.4.2,12.2.2]",Non-metallic minerals - industrial or agricultural dominant (material flows),Kilograms per constant USD,2015,2015,0.01154
2016,"Domestic material consumption per unit of GDP [8.4.2,12.2.2]",Non-metallic minerals - industrial or agricultural dominant (material flows),Kilograms per constant USD,2015,2015,0.01113
2017,"Domestic material consumption per unit of GDP [8.4.2,12.2.2]",Non-metallic minerals - industrial or agricultural dominant (material flows),Kilograms per constant USD,2015,2015,0.01226
2018,"Domestic material consumption per unit of GDP [8.4.2,12.2.2]",Non-metallic minerals - industrial or agricultural dominant (material flows),Kilograms per constant USD,2015,2015,0.00888
2019,"Domestic material consumption per unit of GDP [8.4.2,12.2.2]",Non-metallic minerals - industrial or agricultural dominant (material flows),Kilograms per constant USD,2015,2015,0.00847
2020,"Domestic material consumption per unit of GDP [8.4.2,12.2.2]",Non-metallic minerals - industrial or agricultural dominant (material flows),Kilograms per constant USD,2015,2015,0.00801
2021,"Domestic material consumption per unit of GDP [8.4.2,12.2.2]",Non-metallic minerals - industrial or agricultural dominant (material flows),Kilograms per constant USD,2015,2015,0.00787
2022,"Domestic material consumption per unit of GDP [8.4.2,12.2.2]",Non-metallic minerals - industrial or agricultural dominant (material flows),Kilograms per constant USD,2015,2015,0.00777
2023,"Domestic material consumption per unit of GDP [8.4.2,12.2.2]",Non-metallic minerals - industrial or agricultural dominant (material flows),Kilograms per constant USD,2015,2015,0.00736
2000,"Domestic material consumption per unit of GDP [8.4.2,12.2.2]",Biomass (material flows),Kilograms per constant USD,2015,2015,2.05925
2001,"Domestic material consumption per unit of GDP [8.4.2,12.2.2]",Biomass (material flows),Kilograms per constant USD,2015,2015,2.1045
2002,"Domestic material consumption per unit of GDP [8.4.2,12.2.2]",Biomass (material flows),Kilograms per constant USD,2015,2015,2.11624
2003,"Domestic material consumption per unit of GDP [8.4.2,12.2.2]",Biomass (material flows),Kilograms per constant USD,2015,2015,2.12033
2004,"Domestic material consumption per unit of GDP [8.4.2,12.2.2]",Biomass (material flows),Kilograms per constant USD,2015,2015,2.09707
2005,"Domestic material consumption per unit of GDP [8.4.2,12.2.2]",Biomass (material flows),Kilograms per constant USD,2015,2015,2.15634
2006,"Domestic material consumption per unit of GDP [8.4.2,12.2.2]",Biomass (material flows),Kilograms per constant USD,2015,2015,2.03931
2007,"Domestic material consumption per unit of GDP [8.4.2,12.2.2]",Biomass (material flows),Kilograms per constant USD,2015,2015,2.39543
2008,"Domestic material consumption per unit of GDP [8.4.2,12.2.2]",Biomass (material flows),Kilograms per constant USD,2015,2015,2.4297
2009,"Domestic material consumption per unit of GDP [8.4.2,12.2.2]",Biomass (material flows),Kilograms per constant USD,2015,2015,2.22344
2010,"Domestic material consumption per unit of GDP [8.4.2,12.2.2]",Biomass (material flows),Kilograms per constant USD,2015,2015,2.16782
2011,"Domestic material consumption per unit of GDP [8.4.2,12.2.2]",Biomass (material flows),Kilograms per constant USD,2015,2015,2.05259
2012,"Domestic material consumption per unit of GDP [8.4.2,12.2.2]",Biomass (material flows),Kilograms per constant USD,2015,2015,2.02408
2013,"Domestic material consumption per unit of GDP [8.4.2,12.2.2]",Biomass (material flows),Kilograms per constant USD,2015,2015,1.93317
2014,"Domestic material consumption per unit of GDP [8.4.2,12.2.2]",Biomass (material flows),Kilograms per constant USD,2015,2015,1.8408
2015,"Domestic material consumption per unit of GDP [8.4.2,12.2.2]",Biomass (material flows),Kilograms per constant USD,2015,2015,1.81516
2016,"Domestic material consumption per unit of GDP [8.4.2,12.2.2]",Biomass (material flows),Kilograms per constant USD,2015,2015,1.74356
2017,"Domestic material consumption per unit of GDP [8.4.2,12.2.2]",Biomass (material flows),Kilograms per constant USD,2015,2015,1.60966
2018,"Domestic material consumption per unit of GDP [8.4.2,12.2.2]",Biomass (material flows),Kilograms per constant USD,2015,2015,1.62079
2019,"Domestic material consumption per unit of GDP [8.4.2,12.2.2]",Biomass (material flows),Kilograms per constant USD,2015,2015,1.66908
2020,"Domestic material consumption per unit of GDP [8.4.2,12.2.2]",Biomass (material flows),Kilograms per constant USD,2015,2015,1.86316
2021,"Domestic material consumption per unit of GDP [8.4.2,12.2.2]",Biomass (material flows),Kilograms per constant USD,2015,2015,1.59585
2022,"Domestic material consumption per unit of GDP [8.4.2,12.2.2]",Biomass (material flows),Kilograms per constant USD,2015,2015,1.53859
2023,"Domestic material consumption per unit of GDP [8.4.2,12.2.2]",Biomass (material flows),Kilograms per constant USD,2015,2015,1.43787
2000,"Domestic material consumption per unit of GDP [8.4.2,12.2.2]",Crops (material flows),Kilograms per constant USD,2015,2015,0.42708
2001,"Domestic material consumption per unit of GDP [8.4.2,12.2.2]",Crops (material flows),Kilograms per constant USD,2015,2015,0.45707
2002,"Domestic material consumption per unit of GDP [8.4.2,12.2.2]",Crops (material flows),Kilograms per constant USD,2015,2015,0.44922
2003,"Domestic material consumption per unit of GDP [8.4.2,12.2.2]",Crops (material flows),Kilograms per constant USD,2015,2015,0.43982
2004,"Domestic material consumption per unit of GDP [8.4.2,12.2.2]",Crops (material flows),Kilograms per constant USD,2015,2015,0.4261
2005,"Domestic material consumption per unit of GDP [8.4.2,12.2.2]",Crops (material flows),Kilograms per constant USD,2015,2015,0.47257
2006,"Domestic material consumption per unit of GDP [8.4.2,12.2.2]",Crops (material flows),Kilograms per constant USD,2015,2015,0.46692
2007,"Domestic material consumption per unit of GDP [8.4.2,12.2.2]",Crops (material flows),Kilograms per constant USD,2015,2015,0.43702
2008,"Domestic material consumption per unit of GDP [8.4.2,12.2.2]",Crops (material flows),Kilograms per constant USD,2015,2015,0.43853
2009,"Domestic material consumption per unit of GDP [8.4.2,12.2.2]",Crops (material flows),Kilograms per constant USD,2015,2015,0.44841
2010,"Domestic material consumption per unit of GDP [8.4.2,12.2.2]",Crops (material flows),Kilograms per constant USD,2015,2015,0.42783
2011,"Domestic material consumption per unit of GDP [8.4.2,12.2.2]",Crops (material flows),Kilograms per constant USD,2015,2015,0.39358
2012,"Domestic material consumption per unit of GDP [8.4.2,12.2.2]",Crops (material flows),Kilograms per constant USD,2015,2015,0.41293
2013,"Domestic material consumption per unit of GDP [8.4.2,12.2.2]",Crops (material flows),Kilograms per constant USD,2015,2015,0.40581
2014,"Domestic material consumption per unit of GDP [8.4.2,12.2.2]",Crops (material flows),Kilograms per constant USD,2015,2015,0.39209
2015,"Domestic material consumption per unit of GDP [8.4.2,12.2.2]",Crops (material flows),Kilograms per constant USD,2015,2015,0.39285
2016,"Domestic material consumption per unit of GDP [8.4.2,12.2.2]",Crops (material flows),Kilograms per constant USD,2015,2015,0.34883
2017,"Domestic material consumption per unit of GDP [8.4.2,12.2.2]",Crops (material flows),Kilograms per constant USD,2015,2015,0.34667
2018,"Domestic material consumption per unit of GDP [8.4.2,12.2.2]",Crops (material flows),Kilograms per constant USD,2015,2015,0.33824
2019,"Domestic material consumption per unit of GDP [8.4.2,12.2.2]",Crops (material flows),Kilograms per constant USD,2015,2015,0.32281
2020,"Domestic material consumption per unit of GDP [8.4.2,12.2.2]",Crops (material flows),Kilograms per constant USD,2015,2015,0.36774
2021,"Domestic material consumption per unit of GDP [8.4.2,12.2.2]",Crops (material flows),Kilograms per constant USD,2015,2015,0.33562
2022,"Domestic material consumption per unit of GDP [8.4.2,12.2.2]",Crops (material flows),Kilograms per constant USD,2015,2015,0.32677
2023,"Domestic material consumption per unit of GDP [8.4.2,12.2.2]",Crops (material flows),Kilograms per constant USD,2015,2015,0.30896
2000,"Domestic material consumption per unit of GDP [8.4.2,12.2.2]",Crop residues (material flows),Kilograms per constant USD,2015,2015,0.34064
2001,"Domestic material consumption per unit of GDP [8.4.2,12.2.2]",Crop residues (material flows),Kilograms per constant USD,2015,2015,0.39679
2002,"Domestic material consumption per unit of GDP [8.4.2,12.2.2]",Crop residues (material flows),Kilograms per constant USD,2015,2015,0.37586
2003,"Domestic material consumption per unit of GDP [8.4.2,12.2.2]",Crop residues (material flows),Kilograms per constant USD,2015,2015,0.39151
2004,"Domestic material consumption per unit of GDP [8.4.2,12.2.2]",Crop residues (material flows),Kilograms per constant USD,2015,2015,0.36646
2005,"Domestic material consumption per unit of GDP [8.4.2,12.2.2]",Crop residues (material flows),Kilograms per constant USD,2015,2015,0.40246
2006,"Domestic material consumption per unit of GDP [8.4.2,12.2.2]",Crop residues (material flows),Kilograms per constant USD,2015,2015,0.40784
2007,"Domestic material consumption per unit of GDP [8.4.2,12.2.2]",Crop residues (material flows),Kilograms per constant USD,2015,2015,0.35987
2008,"Domestic material consumption per unit of GDP [8.4.2,12.2.2]",Crop residues (material flows),Kilograms per constant USD,2015,2015,0.32427
2009,"Domestic material consumption per unit of GDP [8.4.2,12.2.2]",Crop residues (material flows),Kilograms per constant USD,2015,2015,0.30553
2010,"Domestic material consumption per unit of GDP [8.4.2,12.2.2]",Crop residues (material flows),Kilograms per constant USD,2015,2015,0.35613
2011,"Domestic material consumption per unit of GDP [8.4.2,12.2.2]",Crop residues (material flows),Kilograms per constant USD,2015,2015,0.32265
2012,"Domestic material consumption per unit of GDP [8.4.2,12.2.2]",Crop residues (material flows),Kilograms per constant USD,2015,2015,0.35622
2013,"Domestic material consumption per unit of GDP [8.4.2,12.2.2]",Crop residues (material flows),Kilograms per constant USD,2015,2015,0.33342
2014,"Domestic material consumption per unit of GDP [8.4.2,12.2.2]",Crop residues (material flows),Kilograms per constant USD,2015,2015,0.29718
2015,"Domestic material consumption per unit of GDP [8.4.2,12.2.2]",Crop residues (material flows),Kilograms per constant USD,2015,2015,0.3115
2016,"Domestic material consumption per unit of GDP [8.4.2,12.2.2]",Crop residues (material flows),Kilograms per constant USD,2015,2015,0.25782
2017,"Domestic material consumption per unit of GDP [8.4.2,12.2.2]",Crop residues (material flows),Kilograms per constant USD,2015,2015,0.22593
2018,"Domestic material consumption per unit of GDP [8.4.2,12.2.2]",Crop residues (material flows),Kilograms per constant USD,2015,2015,0.26388
2019,"Domestic material consumption per unit of GDP [8.4.2,12.2.2]",Crop residues (material flows),Kilograms per constant USD,2015,2015,0.23881
2020,"Domestic material consumption per unit of GDP [8.4.2,12.2.2]",Crop residues (material flows),Kilograms per constant USD,2015,2015,0.26241
2021,"Domestic material consumption per unit of GDP [8.4.2,12.2.2]",Crop residues (material flows),Kilograms per constant USD,2015,2015,0.22146
2022,"Domestic material consumption per unit of GDP [8.4.2,12.2.2]",Crop residues (material flows),Kilograms per constant USD,2015,2015,0.21498
2023,"Domestic material consumption per unit of GDP [8.4.2,12.2.2]",Crop residues (material flows),Kilograms per constant USD,2015,2015,0.20388
2000,"Domestic material consumption per unit of GDP [8.4.2,12.2.2]",Grazed biomass and fodder crops (material flows),Kilograms per constant USD,2015,2015,0.87123
2001,"Domestic material consumption per unit of GDP [8.4.2,12.2.2]",Grazed biomass and fodder crops (material flows),Kilograms per constant USD,2015,2015,0.84787
2002,"Domestic material consumption per unit of GDP [8.4.2,12.2.2]",Grazed biomass and fodder crops (material flows),Kilograms per constant USD,2015,2015,0.88853
2003,"Domestic material consumption per unit of GDP [8.4.2,12.2.2]",Grazed biomass and fodder crops (material flows),Kilograms per constant USD,2015,2015,0.8946
2004,"Domestic material consumption per unit of GDP [8.4.2,12.2.2]",Grazed biomass and fodder crops (material flows),Kilograms per constant USD,2015,2015,0.92558
2005,"Domestic material consumption per unit of GDP [8.4.2,12.2.2]",Grazed biomass and fodder crops (material flows),Kilograms per constant USD,2015,2015,0.85665
2006,"Domestic material consumption per unit of GDP [8.4.2,12.2.2]",Grazed biomass and fodder crops (material flows),Kilograms per constant USD,2015,2015,0.7501
2007,"Domestic material consumption per unit of GDP [8.4.2,12.2.2]",Grazed biomass and fodder crops (material flows),Kilograms per constant USD,2015,2015,1.21064
2008,"Domestic material consumption per unit of GDP [8.4.2,12.2.2]",Grazed biomass and fodder crops (material flows),Kilograms per constant USD,2015,2015,1.27959
2009,"Domestic material consumption per unit of GDP [8.4.2,12.2.2]",Grazed biomass and fodder crops (material flows),Kilograms per constant USD,2015,2015,1.11056
2010,"Domestic material consumption per unit of GDP [8.4.2,12.2.2]",Grazed biomass and fodder crops (material flows),Kilograms per constant USD,2015,2015,1.04977
2011,"Domestic material consumption per unit of GDP [8.4.2,12.2.2]",Grazed biomass and fodder crops (material flows),Kilograms per constant USD,2015,2015,1.01717
2012,"Domestic material consumption per unit of GDP [8.4.2,12.2.2]",Grazed biomass and fodder crops (material flows),Kilograms per constant USD,2015,2015,0.95284
2013,"Domestic material consumption per unit of GDP [8.4.2,12.2.2]",Grazed biomass and fodder crops (material flows),Kilograms per constant USD,2015,2015,0.90217
2014,"Domestic material consumption per unit of GDP [8.4.2,12.2.2]",Grazed biomass and fodder crops (material flows),Kilograms per constant USD,2015,2015,0.872
2015,"Domestic material consumption per unit of GDP [8.4.2,12.2.2]",Grazed biomass and fodder crops (material flows),Kilograms per constant USD,2015,2015,0.84438
2016,"Domestic material consumption per unit of GDP [8.4.2,12.2.2]",Grazed biomass and fodder crops (material flows),Kilograms per constant USD,2015,2015,0.88168
2017,"Domestic material consumption per unit of GDP [8.4.2,12.2.2]",Grazed biomass and fodder crops (material flows),Kilograms per constant USD,2015,2015,0.79111
2018,"Domestic material consumption per unit of GDP [8.4.2,12.2.2]",Grazed biomass and fodder crops (material flows),Kilograms per constant USD,2015,2015,0.78536
2019,"Domestic material consumption per unit of GDP [8.4.2,12.2.2]",Grazed biomass and fodder crops (material flows),Kilograms per constant USD,2015,2015,0.88577
2020,"Domestic material consumption per unit of GDP [8.4.2,12.2.2]",Grazed biomass and fodder crops (material flows),Kilograms per constant USD,2015,2015,1.02252
2021,"Domestic material consumption per unit of GDP [8.4.2,12.2.2]",Grazed biomass and fodder crops (material flows),Kilograms per constant USD,2015,2015,0.84259
2022,"Domestic material consumption per unit of GDP [8.4.2,12.2.2]",Grazed biomass and fodder crops (material flows),Kilograms per constant USD,2015,2015,0.8153
2023,"Domestic material consumption per unit of GDP [8.4.2,12.2.2]",Grazed biomass and fodder crops (material flows),Kilograms per constant USD,2015,2015,0.76238
2000,"Domestic material consumption per unit of GDP [8.4.2,12.2.2]",Wood (material flows),Kilograms per constant USD,2015,2015,0.41419
2001,"Domestic material consumption per unit of GDP [8.4.2,12.2.2]",Wood (material flows),Kilograms per constant USD,2015,2015,0.39818
2002,"Domestic material consumption per unit of GDP [8.4.2,12.2.2]",Wood (material flows),Kilograms per constant USD,2015,2015,0.39899
2003,"Domestic material consumption per unit of GDP [8.4.2,12.2.2]",Wood (material flows),Kilograms per constant USD,2015,2015,0.39143
2004,"Domestic material consumption per unit of GDP [8.4.2,12.2.2]",Wood (material flows),Kilograms per constant USD,2015,2015,0.37573
2005,"Domestic material consumption per unit of GDP [8.4.2,12.2.2]",Wood (material flows),Kilograms per constant USD,2015,2015,0.42081
2006,"Domestic material consumption per unit of GDP [8.4.2,12.2.2]",Wood (material flows),Kilograms per constant USD,2015,2015,0.41044
2007,"Domestic material consumption per unit of GDP [8.4.2,12.2.2]",Wood (material flows),Kilograms per constant USD,2015,2015,0.38483
2008,"Domestic material consumption per unit of GDP [8.4.2,12.2.2]",Wood (material flows),Kilograms per constant USD,2015,2015,0.38429
2009,"Domestic material consumption per unit of GDP [8.4.2,12.2.2]",Wood (material flows),Kilograms per constant USD,2015,2015,0.35621
2010,"Domestic material consumption per unit of GDP [8.4.2,12.2.2]",Wood (material flows),Kilograms per constant USD,2015,2015,0.33146
2011,"Domestic material consumption per unit of GDP [8.4.2,12.2.2]",Wood (material flows),Kilograms per constant USD,2015,2015,0.31595
2012,"Domestic material consumption per unit of GDP [8.4.2,12.2.2]",Wood (material flows),Kilograms per constant USD,2015,2015,0.29932
2013,"Domestic material consumption per unit of GDP [8.4.2,12.2.2]",Wood (material flows),Kilograms per constant USD,2015,2015,0.28905
2014,"Domestic material consumption per unit of GDP [8.4.2,12.2.2]",Wood (material flows),Kilograms per constant USD,2015,2015,0.27673
2015,"Domestic material consumption per unit of GDP [8.4.2,12.2.2]",Wood (material flows),Kilograms per constant USD,2015,2015,0.26379
2016,"Domestic material consumption per unit of GDP [8.4.2,12.2.2]",Wood (material flows),Kilograms per constant USD,2015,2015,0.25299
2017,"Domestic material consumption per unit of GDP [8.4.2,12.2.2]",Wood (material flows),Kilograms per constant USD,2015,2015,0.24396
2018,"Domestic material consumption per unit of GDP [8.4.2,12.2.2]",Wood (material flows),Kilograms per constant USD,2015,2015,0.2314
2019,"Domestic material consumption per unit of GDP [8.4.2,12.2.2]",Wood (material flows),Kilograms per constant USD,2015,2015,0.21996
2020,"Domestic material consumption per unit of GDP [8.4.2,12.2.2]",Wood (material flows),Kilograms per constant USD,2015,2015,0.20884
2021,"Domestic material consumption per unit of GDP [8.4.2,12.2.2]",Wood (material flows),Kilograms per constant USD,2015,2015,0.19457
2022,"Domestic material consumption per unit of GDP [8.4.2,12.2.2]",Wood (material flows),Kilograms per constant USD,2015,2015,0.17997
2023,"Domestic material consumption per unit of GDP [8.4.2,12.2.2]",Wood (material flows),Kilograms per constant USD,2015,2015,0.16115
2000,"Domestic material consumption per unit of GDP [8.4.2,12.2.2]",Wild catch and harvest (material flows),Kilograms per constant USD,2015,2015,0.00612
2001,"Domestic material consumption per unit of GDP [8.4.2,12.2.2]",Wild catch and harvest (material flows),Kilograms per constant USD,2015,2015,0.00459
2002,"Domestic material consumption per unit of GDP [8.4.2,12.2.2]",Wild catch and harvest (material flows),Kilograms per constant USD,2015,2015,0.00364
2003,"Domestic material consumption per unit of GDP [8.4.2,12.2.2]",Wild catch and harvest (material flows),Kilograms per constant USD,2015,2015,0.00296
2004,"Domestic material consumption per unit of GDP [8.4.2,12.2.2]",Wild catch and harvest (material flows),Kilograms per constant USD,2015,2015,0.0032
2005,"Domestic material consumption per unit of GDP [8.4.2,12.2.2]",Wild catch and harvest (material flows),Kilograms per constant USD,2015,2015,0.00384
2006,"Domestic material consumption per unit of GDP [8.4.2,12.2.2]",Wild catch and harvest (material flows),Kilograms per constant USD,2015,2015,0.00402
2007,"Domestic material consumption per unit of GDP [8.4.2,12.2.2]",Wild catch and harvest (material flows),Kilograms per constant USD,2015,2015,0.00307
2008,"Domestic material consumption per unit of GDP [8.4.2,12.2.2]",Wild catch and harvest (material flows),Kilograms per constant USD,2015,2015,0.00301
2009,"Domestic material consumption per unit of GDP [8.4.2,12.2.2]",Wild catch and harvest (material flows),Kilograms per constant USD,2015,2015,0.00273
2010,"Domestic material consumption per unit of GDP [8.4.2,12.2.2]",Wild catch and harvest (material flows),Kilograms per constant USD,2015,2015,0.00262
2011,"Domestic material consumption per unit of GDP [8.4.2,12.2.2]",Wild catch and harvest (material flows),Kilograms per constant USD,2015,2015,0.00324
2012,"Domestic material consumption per unit of GDP [8.4.2,12.2.2]",Wild catch and harvest (material flows),Kilograms per constant USD,2015,2015,0.00277
2013,"Domestic material consumption per unit of GDP [8.4.2,12.2.2]",Wild catch and harvest (material flows),Kilograms per constant USD,2015,2015,0.00272
2014,"Domestic material consumption per unit of GDP [8.4.2,12.2.2]",Wild catch and harvest (material flows),Kilograms per constant USD,2015,2015,0.00281
2015,"Domestic material consumption per unit of GDP [8.4.2,12.2.2]",Wild catch and harvest (material flows),Kilograms per constant USD,2015,2015,0.00263
2016,"Domestic material consumption per unit of GDP [8.4.2,12.2.2]",Wild catch and harvest (material flows),Kilograms per constant USD,2015,2015,0.00224
2017,"Domestic material consumption per unit of GDP [8.4.2,12.2.2]",Wild catch and harvest (material flows),Kilograms per constant USD,2015,2015,0.00198
2018,"Domestic material consumption per unit of GDP [8.4.2,12.2.2]",Wild catch and harvest (material flows),Kilograms per constant USD,2015,2015,0.00191
2019,"Domestic material consumption per unit of GDP [8.4.2,12.2.2]",Wild catch and harvest (material flows),Kilograms per constant USD,2015,2015,0.00173
2020,"Domestic material consumption per unit of GDP [8.4.2,12.2.2]",Wild catch and harvest (material flows),Kilograms per constant USD,2015,2015,0.00165
2021,"Domestic material consumption per unit of GDP [8.4.2,12.2.2]",Wild catch and harvest (material flows),Kilograms per constant USD,2015,2015,0.00161
2022,"Domestic material consumption per unit of GDP [8.4.2,12.2.2]",Wild catch and harvest (material flows),Kilograms per constant USD,2015,2015,0.00158
2023,"Domestic material consumption per unit of GDP [8.4.2,12.2.2]",Wild catch and harvest (material flows),Kilograms per constant USD,2015,2015,0.00149
2000,"Domestic material consumption per unit of GDP [8.4.2,12.2.2]",Metal ores (material flows),Kilograms per constant USD,2015,2015,0.03074
2001,"Domestic material consumption per unit of GDP [8.4.2,12.2.2]",Metal ores (material flows),Kilograms per constant USD,2015,2015,0.03774
2002,"Domestic material consumption per unit of GDP [8.4.2,12.2.2]",Metal ores (material flows),Kilograms per constant USD,2015,2015,0.03975
2003,"Domestic material consumption per unit of GDP [8.4.2,12.2.2]",Metal ores (material flows),Kilograms per constant USD,2015,2015,0.03492
2004,"Domestic material consumption per unit of GDP [8.4.2,12.2.2]",Metal ores (material flows),Kilograms per constant USD,2015,2015,0.02192
2005,"Domestic material consumption per unit of GDP [8.4.2,12.2.2]",Metal ores (material flows),Kilograms per constant USD,2015,2015,0.01811
2006,"Domestic material consumption per unit of GDP [8.4.2,12.2.2]",Metal ores (material flows),Kilograms per constant USD,2015,2015,0.01585
2007,"Domestic material consumption per unit of GDP [8.4.2,12.2.2]",Metal ores (material flows),Kilograms per constant USD,2015,2015,0.05053
2008,"Domestic material consumption per unit of GDP [8.4.2,12.2.2]",Metal ores (material flows),Kilograms per constant USD,2015,2015,0.01367
2009,"Domestic material consumption per unit of GDP [8.4.2,12.2.2]",Metal ores (material flows),Kilograms per constant USD,2015,2015,0.02552
2010,"Domestic material consumption per unit of GDP [8.4.2,12.2.2]",Metal ores (material flows),Kilograms per constant USD,2015,2015,0.03851
2011,"Domestic material consumption per unit of GDP [8.4.2,12.2.2]",Metal ores (material flows),Kilograms per constant USD,2015,2015,0.02182
2012,"Domestic material consumption per unit of GDP [8.4.2,12.2.2]",Metal ores (material flows),Kilograms per constant USD,2015,2015,0.04002
2013,"Domestic material consumption per unit of GDP [8.4.2,12.2.2]",Metal ores (material flows),Kilograms per constant USD,2015,2015,0.04402
2014,"Domestic material consumption per unit of GDP [8.4.2,12.2.2]",Metal ores (material flows),Kilograms per constant USD,2015,2015,0.00747
2015,"Domestic material consumption per unit of GDP [8.4.2,12.2.2]",Metal ores (material flows),Kilograms per constant USD,2015,2015,0.02674
2016,"Domestic material consumption per unit of GDP [8.4.2,12.2.2]",Metal ores (material flows),Kilograms per constant USD,2015,2015,0.02061
2017,"Domestic material consumption per unit of GDP [8.4.2,12.2.2]",Metal ores (material flows),Kilograms per constant USD,2015,2015,0.02392
2018,"Domestic material consumption per unit of GDP [8.4.2,12.2.2]",Metal ores (material flows),Kilograms per constant USD,2015,2015,0.01988
2019,"Domestic material consumption per unit of GDP [8.4.2,12.2.2]",Metal ores (material flows),Kilograms per constant USD,2015,2015,0.01906
2020,"Domestic material consumption per unit of GDP [8.4.2,12.2.2]",Metal ores (material flows),Kilograms per constant USD,2015,2015,0.01684
2021,"Domestic material consumption per unit of GDP [8.4.2,12.2.2]",Metal ores (material flows),Kilograms per constant USD,2015,2015,0.01621
2022,"Domestic material consumption per unit of GDP [8.4.2,12.2.2]",Metal ores (material flows),Kilograms per constant USD,2015,2015,0.01628
2023,"Domestic material consumption per unit of GDP [8.4.2,12.2.2]",Metal ores (material flows),Kilograms per constant USD,2015,2015,0.01583
2000,"Domestic material consumption per unit of GDP [8.4.2,12.2.2]",Ferrous ores (material flows),Kilograms per constant USD,2015,2015,0.00686
2001,"Domestic material consumption per unit of GDP [8.4.2,12.2.2]",Ferrous ores (material flows),Kilograms per constant USD,2015,2015,0.00899
2002,"Domestic material consumption per unit of GDP [8.4.2,12.2.2]",Ferrous ores (material flows),Kilograms per constant USD,2015,2015,0.01286
2003,"Domestic material consumption per unit of GDP [8.4.2,12.2.2]",Ferrous ores (material flows),Kilograms per constant USD,2015,2015,0.00849
2004,"Domestic material consumption per unit of GDP [8.4.2,12.2.2]",Ferrous ores (material flows),Kilograms per constant USD,2015,2015,0.01125
2005,"Domestic material consumption per unit of GDP [8.4.2,12.2.2]",Ferrous ores (material flows),Kilograms per constant USD,2015,2015,0.00709
2006,"Domestic material consumption per unit of GDP [8.4.2,12.2.2]",Ferrous ores (material flows),Kilograms per constant USD,2015,2015,0.00849
2007,"Domestic material consumption per unit of GDP [8.4.2,12.2.2]",Ferrous ores (material flows),Kilograms per constant USD,2015,2015,0.00936
2008,"Domestic material consumption per unit of GDP [8.4.2,12.2.2]",Ferrous ores (material flows),Kilograms per constant USD,2015,2015,0.00867
2009,"Domestic material consumption per unit of GDP [8.4.2,12.2.2]",Ferrous ores (material flows),Kilograms per constant USD,2015,2015,0.0114
2010,"Domestic material consumption per unit of GDP [8.4.2,12.2.2]",Ferrous ores (material flows),Kilograms per constant USD,2015,2015,0.01095
2011,"Domestic material consumption per unit of GDP [8.4.2,12.2.2]",Ferrous ores (material flows),Kilograms per constant USD,2015,2015,0.0042
2012,"Domestic material consumption per unit of GDP [8.4.2,12.2.2]",Ferrous ores (material flows),Kilograms per constant USD,2015,2015,0.00247
2013,"Domestic material consumption per unit of GDP [8.4.2,12.2.2]",Ferrous ores (material flows),Kilograms per constant USD,2015,2015,0.02203
2014,"Domestic material consumption per unit of GDP [8.4.2,12.2.2]",Ferrous ores (material flows),Kilograms per constant USD,2015,2015,0.0
2015,"Domestic material consumption per unit of GDP [8.4.2,12.2.2]",Ferrous ores (material flows),Kilograms per constant USD,2015,2015,0.02232
2016,"Domestic material consumption per unit of GDP [8.4.2,12.2.2]",Ferrous ores (material flows),Kilograms per constant USD,2015,2015,0.02066
2017,"Domestic material consumption per unit of GDP [8.4.2,12.2.2]",Ferrous ores (material flows),Kilograms per constant USD,2015,2015,0.01835
2018,"Domestic material consumption per unit of GDP [8.4.2,12.2.2]",Ferrous ores (material flows),Kilograms per constant USD,2015,2015,0.01468
2019,"Domestic material consumption per unit of GDP [8.4.2,12.2.2]",Ferrous ores (material flows),Kilograms per constant USD,2015,2015,0.01404
2020,"Domestic material consumption per unit of GDP [8.4.2,12.2.2]",Ferrous ores (material flows),Kilograms per constant USD,2015,2015,0.01413
2021,"Domestic material consumption per unit of GDP [8.4.2,12.2.2]",Ferrous ores (material flows),Kilograms per constant USD,2015,2015,0.0137
2022,"Domestic material consumption per unit of GDP [8.4.2,12.2.2]",Ferrous ores (material flows),Kilograms per constant USD,2015,2015,0.01365
2023,"Domestic material consumption per unit of GDP [8.4.2,12.2.2]",Ferrous ores (material flows),Kilograms per constant USD,2015,2015,0.01321
2000,"Domestic material consumption per unit of GDP [8.4.2,12.2.2]",Non-ferrous ores (material flows),Kilograms per constant USD,2015,2015,0.02388
2001,"Domestic material consumption per unit of GDP [8.4.2,12.2.2]",Non-ferrous ores (material flows),Kilograms per constant USD,2015,2015,0.02875
2002,"Domestic material consumption per unit of GDP [8.4.2,12.2.2]",Non-ferrous ores (material flows),Kilograms per constant USD,2015,2015,0.02689
2003,"Domestic material consumption per unit of GDP [8.4.2,12.2.2]",Non-ferrous ores (material flows),Kilograms per constant USD,2015,2015,0.02643
2004,"Domestic material consumption per unit of GDP [8.4.2,12.2.2]",Non-ferrous ores (material flows),Kilograms per constant USD,2015,2015,0.01067
2005,"Domestic material consumption per unit of GDP [8.4.2,12.2.2]",Non-ferrous ores (material flows),Kilograms per constant USD,2015,2015,0.01102
2006,"Domestic material consumption per unit of GDP [8.4.2,12.2.2]",Non-ferrous ores (material flows),Kilograms per constant USD,2015,2015,0.00736
2007,"Domestic material consumption per unit of GDP [8.4.2,12.2.2]",Non-ferrous ores (material flows),Kilograms per constant USD,2015,2015,0.04116
2008,"Domestic material consumption per unit of GDP [8.4.2,12.2.2]",Non-ferrous ores (material flows),Kilograms per constant USD,2015,2015,0.00499
2009,"Domestic material consumption per unit of GDP [8.4.2,12.2.2]",Non-ferrous ores (material flows),Kilograms per constant USD,2015,2015,0.01412
2010,"Domestic material consumption per unit of GDP [8.4.2,12.2.2]",Non-ferrous ores (material flows),Kilograms per constant USD,2015,2015,0.02756
2011,"Domestic material consumption per unit of GDP [8.4.2,12.2.2]",Non-ferrous ores (material flows),Kilograms per constant USD,2015,2015,0.01762
2012,"Domestic material consumption per unit of GDP [8.4.2,12.2.2]",Non-ferrous ores (material flows),Kilograms per constant USD,2015,2015,0.03755
2013,"Domestic material consumption per unit of GDP [8.4.2,12.2.2]",Non-ferrous ores (material flows),Kilograms per constant USD,2015,2015,0.02199
2014,"Domestic material consumption per unit of GDP [8.4.2,12.2.2]",Non-ferrous ores (material flows),Kilograms per constant USD,2015,2015,0.00747
2015,"Domestic material consumption per unit of GDP [8.4.2,12.2.2]",Non-ferrous ores (material flows),Kilograms per constant USD,2015,2015,0.00442
2016,"Domestic material consumption per unit of GDP [8.4.2,12.2.2]",Non-ferrous ores (material flows),Kilograms per constant USD,2015,2015,-5e-05
2017,"Domestic material consumption per unit of GDP [8.4.2,12.2.2]",Non-ferrous ores (material flows),Kilograms per constant USD,2015,2015,0.00556
2018,"Domestic material consumption per unit of GDP [8.4.2,12.2.2]",Non-ferrous ores (material flows),Kilograms per constant USD,2015,2015,0.0052
2019,"Domestic material consumption per unit of GDP [8.4.2,12.2.2]",Non-ferrous ores (material flows),Kilograms per constant USD,2015,2015,0.00502
2020,"Domestic material consumption per unit of GDP [8.4.2,12.2.2]",Non-ferrous ores (material flows),Kilograms per constant USD,2015,2015,0.00271
2021,"Domestic material consumption per unit of GDP [8.4.2,12.2.2]",Non-ferrous ores (material flows),Kilograms per constant USD,2015,2015,0.00251
2022,"Domestic material consumption per unit of GDP [8.4.2,12.2.2]",Non-ferrous ores (material flows),Kilograms per constant USD,2015,2015,0.00263
2023,"Domestic material consumption per unit of GDP [8.4.2,12.2.2]",Non-ferrous ores (material flows),Kilograms per constant USD,2015,2015,0.00262
2000,"Domestic material consumption per unit of GDP [8.4.2,12.2.2]",Non-metallic minerals (material flows),Kilograms per constant USD,2015,2015,1.16535
2001,"Domestic material consumption per unit of GDP [8.4.2,12.2.2]",Non-metallic minerals (material flows),Kilograms per constant USD,2015,2015,1.09375
2002,"Domestic material consumption per unit of GDP [8.4.2,12.2.2]",Non-metallic minerals (material flows),Kilograms per constant USD,2015,2015,0.30151
2003,"Domestic material consumption per unit of GDP [8.4.2,12.2.2]",Non-metallic minerals (material flows),Kilograms per constant USD,2015,2015,0.22601
2004,"Domestic material consumption per unit of GDP [8.4.2,12.2.2]",Non-metallic minerals (material flows),Kilograms per constant USD,2015,2015,0.26063
2005,"Domestic material consumption per unit of GDP [8.4.2,12.2.2]",Non-metallic minerals (material flows),Kilograms per constant USD,2015,2015,0.34711
2006,"Domestic material consumption per unit of GDP [8.4.2,12.2.2]",Non-metallic minerals (material flows),Kilograms per constant USD,2015,2015,0.3657
2007,"Domestic material consumption per unit of GDP [8.4.2,12.2.2]",Non-metallic minerals (material flows),Kilograms per constant USD,2015,2015,0.40865
2008,"Domestic material consumption per unit of GDP [8.4.2,12.2.2]",Non-metallic minerals (material flows),Kilograms per constant USD,2015,2015,0.41768
2009,"Domestic material consumption per unit of GDP [8.4.2,12.2.2]",Non-metallic minerals (material flows),Kilograms per constant USD,2015,2015,0.49235
2010,"Domestic material consumption per unit of GDP [8.4.2,12.2.2]",Non-metallic minerals (material flows),Kilograms per constant USD,2015,2015,0.53992
2011,"Domestic material consumption per unit of GDP [8.4.2,12.2.2]",Non-metallic minerals (material flows),Kilograms per constant USD,2015,2015,0.41581
2012,"Domestic material consumption per unit of GDP [8.4.2,12.2.2]",Non-metallic minerals (material flows),Kilograms per constant USD,2015,2015,0.57616
2013,"Domestic material consumption per unit of GDP [8.4.2,12.2.2]",Non-metallic minerals (material flows),Kilograms per constant USD,2015,2015,0.66675
2014,"Domestic material consumption per unit of GDP [8.4.2,12.2.2]",Non-metallic minerals (material flows),Kilograms per constant USD,2015,2015,0.65563
2015,"Domestic material consumption per unit of GDP [8.4.2,12.2.2]",Non-metallic minerals (material flows),Kilograms per constant USD,2015,2015,0.79825
2016,"Domestic material consumption per unit of GDP [8.4.2,12.2.2]",Non-metallic minerals (material flows),Kilograms per constant USD,2015,2015,0.68284
2017,"Domestic material consumption per unit of GDP [8.4.2,12.2.2]",Non-metallic minerals (material flows),Kilograms per constant USD,2015,2015,0.56964
2018,"Domestic material consumption per unit of GDP [8.4.2,12.2.2]",Non-metallic minerals (material flows),Kilograms per constant USD,2015,2015,0.68512
2019,"Domestic material consumption per unit of GDP [8.4.2,12.2.2]",Non-metallic minerals (material flows),Kilograms per constant USD,2015,2015,0.66257
2020,"Domestic material consumption per unit of GDP [8.4.2,12.2.2]",Non-metallic minerals (material flows),Kilograms per constant USD,2015,2015,0.65941
2021,"Domestic material consumption per unit of GDP [8.4.2,12.2.2]",Non-metallic minerals (material flows),Kilograms per constant USD,2015,2015,0.64946
2022,"Domestic material consumption per unit of GDP [8.4.2,12.2.2]",Non-metallic minerals (material flows),Kilograms per constant USD,2015,2015,0.64109
2023,"Domestic material consumption per unit of GDP [8.4.2,12.2.2]",Non-metallic minerals (material flows),Kilograms per constant USD,2015,2015,0.61324
2000,"Domestic material consumption per unit of GDP [8.4.2,12.2.2]",Fossil fuels (material flows),Kilograms per constant USD,2015,2015,0.07209
2001,"Domestic material consumption per unit of GDP [8.4.2,12.2.2]",Fossil fuels (material flows),Kilograms per constant USD,2015,2015,0.05569
2002,"Domestic material consumption per unit of GDP [8.4.2,12.2.2]",Fossil fuels (material flows),Kilograms per constant USD,2015,2015,0.04338
2003,"Domestic material consumption per unit of GDP [8.4.2,12.2.2]",Fossil fuels (material flows),Kilograms per constant USD,2015,2015,0.04348
2004,"Domestic material consumption per unit of GDP [8.4.2,12.2.2]",Fossil fuels (material flows),Kilograms per constant USD,2015,2015,0.05422
2005,"Domestic material consumption per unit of GDP [8.4.2,12.2.2]",Fossil fuels (material flows),Kilograms per constant USD,2015,2015,0.04517
2006,"Domestic material consumption per unit of GDP [8.4.2,12.2.2]",Fossil fuels (material flows),Kilograms per constant USD,2015,2015,0.04049
2007,"Domestic material consumption per unit of GDP [8.4.2,12.2.2]",Fossil fuels (material flows),Kilograms per constant USD,2015,2015,0.03664
2008,"Domestic material consumption per unit of GDP [8.4.2,12.2.2]",Fossil fuels (material flows),Kilograms per constant USD,2015,2015,0.04028
2009,"Domestic material consumption per unit of GDP [8.4.2,12.2.2]",Fossil fuels (material flows),Kilograms per constant USD,2015,2015,0.03422
2010,"Domestic material consumption per unit of GDP [8.4.2,12.2.2]",Fossil fuels (material flows),Kilograms per constant USD,2015,2015,0.03063
2011,"Domestic material consumption per unit of GDP [8.4.2,12.2.2]",Fossil fuels (material flows),Kilograms per constant USD,2015,2015,0.03524
2012,"Domestic material consumption per unit of GDP [8.4.2,12.2.2]",Fossil fuels (material flows),Kilograms per constant USD,2015,2015,0.02144
2013,"Domestic material consumption per unit of GDP [8.4.2,12.2.2]",Fossil fuels (material flows),Kilograms per constant USD,2015,2015,0.0146
2014,"Domestic material consumption per unit of GDP [8.4.2,12.2.2]",Fossil fuels (material flows),Kilograms per constant USD,2015,2015,0.00704
2015,"Domestic material consumption per unit of GDP [8.4.2,12.2.2]",Fossil fuels (material flows),Kilograms per constant USD,2015,2015,0.0071
2016,"Domestic material consumption per unit of GDP [8.4.2,12.2.2]",Fossil fuels (material flows),Kilograms per constant USD,2015,2015,0.00672
2017,"Domestic material consumption per unit of GDP [8.4.2,12.2.2]",Fossil fuels (material flows),Kilograms per constant USD,2015,2015,0.0061
2018,"Domestic material consumption per unit of GDP [8.4.2,12.2.2]",Fossil fuels (material flows),Kilograms per constant USD,2015,2015,0.00865
2019,"Domestic material consumption per unit of GDP [8.4.2,12.2.2]",Fossil fuels (material flows),Kilograms per constant USD,2015,2015,0.00726
2020,"Domestic material consumption per unit of GDP [8.4.2,12.2.2]",Fossil fuels (material flows),Kilograms per constant USD,2015,2015,0.00978
2021,"Domestic material consumption per unit of GDP [8.4.2,12.2.2]",Fossil fuels (material flows),Kilograms per constant USD,2015,2015,0.00927
2022,"Domestic material consumption per unit of GDP [8.4.2,12.2.2]",Fossil fuels (material flows),Kilograms per constant USD,2015,2015,0.0088
2023,"Domestic material consumption per unit of GDP [8.4.2,12.2.2]",Fossil fuels (material flows),Kilograms per constant USD,2015,2015,0.0081
2000,"Domestic material consumption per unit of GDP [8.4.2,12.2.2]",Coal (material flows),Kilograms per constant USD,2015,2015,0.00189
2001,"Domestic material consumption per unit of GDP [8.4.2,12.2.2]",Coal (material flows),Kilograms per constant USD,2015,2015,0.00181
2002,"Domestic material consumption per unit of GDP [8.4.2,12.2.2]",Coal (material flows),Kilograms per constant USD,2015,2015,0.0027
2003,"Domestic material consumption per unit of GDP [8.4.2,12.2.2]",Coal (material flows),Kilograms per constant USD,2015,2015,0.00244
2004,"Domestic material consumption per unit of GDP [8.4.2,12.2.2]",Coal (material flows),Kilograms per constant USD,2015,2015,0.00272
2005,"Domestic material consumption per unit of GDP [8.4.2,12.2.2]",Coal (material flows),Kilograms per constant USD,2015,2015,0.00297
2006,"Domestic material consumption per unit of GDP [8.4.2,12.2.2]",Coal (material flows),Kilograms per constant USD,2015,2015,0.00374
2007,"Domestic material consumption per unit of GDP [8.4.2,12.2.2]",Coal (material flows),Kilograms per constant USD,2015,2015,0.00316
2008,"Domestic material consumption per unit of GDP [8.4.2,12.2.2]",Coal (material flows),Kilograms per constant USD,2015,2015,0.00324
2009,"Domestic material consumption per unit of GDP [8.4.2,12.2.2]",Coal (material flows),Kilograms per constant USD,2015,2015,0.00267
2010,"Domestic material consumption per unit of GDP [8.4.2,12.2.2]",Coal (material flows),Kilograms per constant USD,2015,2015,0.00423
2011,"Domestic material consumption per unit of GDP [8.4.2,12.2.2]",Coal (material flows),Kilograms per constant USD,2015,2015,0.00653
2012,"Domestic material consumption per unit of GDP [8.4.2,12.2.2]",Coal (material flows),Kilograms per constant USD,2015,2015,0.0056
2013,"Domestic material consumption per unit of GDP [8.4.2,12.2.2]",Coal (material flows),Kilograms per constant USD,2015,2015,0.00596
2014,"Domestic material consumption per unit of GDP [8.4.2,12.2.2]",Coal (material flows),Kilograms per constant USD,2015,2015,0.00704
2015,"Domestic material consumption per unit of GDP [8.4.2,12.2.2]",Coal (material flows),Kilograms per constant USD,2015,2015,0.0071
2016,"Domestic material consumption per unit of GDP [8.4.2,12.2.2]",Coal (material flows),Kilograms per constant USD,2015,2015,0.00672
2017,"Domestic material consumption per unit of GDP [8.4.2,12.2.2]",Coal (material flows),Kilograms per constant USD,2015,2015,0.0061
2018,"Domestic material consumption per unit of GDP [8.4.2,12.2.2]",Coal (material flows),Kilograms per constant USD,2015,2015,0.00865
2019,"Domestic material consumption per unit of GDP [8.4.2,12.2.2]",Coal (material flows),Kilograms per constant USD,2015,2015,0.00726
2020,"Domestic material consumption per unit of GDP [8.4.2,12.2.2]",Coal (material flows),Kilograms per constant USD,2015,2015,0.00978
2021,"Domestic material consumption per unit of GDP [8.4.2,12.2.2]",Coal (material flows),Kilograms per constant USD,2015,2015,0.00927
2022,"Domestic material consumption per unit of GDP [8.4.2,12.2.2]",Coal (material flows),Kilograms per constant USD,2015,2015,0.0088
2023,"Domestic material consumption per unit of GDP [8.4.2,12.2.2]",Coal (material flows),Kilograms per constant USD,2015,2015,0.0081
2000,"Domestic material consumption per unit of GDP [8.4.2,12.2.2]",Petroleum (material flows),Kilograms per constant USD,2015,2015,0.0702
2001,"Domestic material consumption per unit of GDP [8.4.2,12.2.2]",Petroleum (material flows),Kilograms per constant USD,2015,2015,0.05388
2002,"Domestic material consumption per unit of GDP [8.4.2,12.2.2]",Petroleum (material flows),Kilograms per constant USD,2015,2015,0.04068
2003,"Domestic material consumption per unit of GDP [8.4.2,12.2.2]",Petroleum (material flows),Kilograms per constant USD,2015,2015,0.04104
2004,"Domestic material consumption per unit of GDP [8.4.2,12.2.2]",Petroleum (material flows),Kilograms per constant USD,2015,2015,0.0515
2005,"Domestic material consumption per unit of GDP [8.4.2,12.2.2]",Petroleum (material flows),Kilograms per constant USD,2015,2015,0.0422
2006,"Domestic material consumption per unit of GDP [8.4.2,12.2.2]",Petroleum (material flows),Kilograms per constant USD,2015,2015,0.03676
2007,"Domestic material consumption per unit of GDP [8.4.2,12.2.2]",Petroleum (material flows),Kilograms per constant USD,2015,2015,0.03348
2008,"Domestic material consumption per unit of GDP [8.4.2,12.2.2]",Petroleum (material flows),Kilograms per constant USD,2015,2015,0.03704
2009,"Domestic material consumption per unit of GDP [8.4.2,12.2.2]",Petroleum (material flows),Kilograms per constant USD,2015,2015,0.03154
2010,"Domestic material consumption per unit of GDP [8.4.2,12.2.2]",Petroleum (material flows),Kilograms per constant USD,2015,2015,0.02639
2011,"Domestic material consumption per unit of GDP [8.4.2,12.2.2]",Petroleum (material flows),Kilograms per constant USD,2015,2015,0.02871
2012,"Domestic material consumption per unit of GDP [8.4.2,12.2.2]",Petroleum (material flows),Kilograms per constant USD,2015,2015,0.01584
2013,"Domestic material consumption per unit of GDP [8.4.2,12.2.2]",Petroleum (material flows),Kilograms per constant USD,2015,2015,0.00864
2014,"Domestic material consumption per unit of GDP [8.4.2,12.2.2]",Petroleum (material flows),Kilograms per constant USD,2015,2015,0.0
2015,"Domestic material consumption per unit of GDP [8.4.2,12.2.2]",Petroleum (material flows),Kilograms per constant USD,2015,2015,0.0
2016,"Domestic material consumption per unit of GDP [8.4.2,12.2.2]",Petroleum (material flows),Kilograms per constant USD,2015,2015,0.0
2017,"Domestic material consumption per unit of GDP [8.4.2,12.2.2]",Petroleum (material flows),Kilograms per constant USD,2015,2015,0.0
2018,"Domestic material consumption per unit of GDP [8.4.2,12.2.2]",Petroleum (material flows),Kilograms per constant USD,2015,2015,0.0
2019,"Domestic material consumption per unit of GDP [8.4.2,12.2.2]",Petroleum (material flows),Kilograms per constant USD,2015,2015,0.0
2020,"Domestic material consumption per unit of GDP [8.4.2,12.2.2]",Petroleum (material flows),Kilograms per constant USD,2015,2015,0.0
2021,"Domestic material consumption per unit of GDP [8.4.2,12.2.2]",Petroleum (material flows),Kilograms per constant USD,2015,2015,0.0
2022,"Domestic material consumption per unit of GDP [8.4.2,12.2.2]",Petroleum (material flows),Kilograms per constant USD,2015,2015,0.0
2023,"Domestic material consumption per unit of GDP [8.4.2,12.2.2]",Petroleum (material flows),Kilograms per constant USD,2015,2015,0.0
2000,"Domestic material consumption [8.4.2,12.2.2]",,Metric Tons,,,117253392.99947
2001,"Domestic material consumption [8.4.2,12.2.2]",,Metric Tons,,,122340254.29043
2002,"Domestic material consumption [8.4.2,12.2.2]",,Metric Tons,,,92675791.70814
2003,"Domestic material consumption [8.4.2,12.2.2]",,Metric Tons,,,92198587.14149
2004,"Domestic material consumption [8.4.2,12.2.2]",,Metric Tons,,,97377318.53892
2005,"Domestic material consumption [8.4.2,12.2.2]",,Metric Tons,,,108885645.96432
2006,"Domestic material consumption [8.4.2,12.2.2]",,Metric Tons,,,111885354.64692
2007,"Domestic material consumption [8.4.2,12.2.2]",,Metric Tons,,,140855844.3472
2008,"Domestic material consumption [8.4.2,12.2.2]",,Metric Tons,,,140916964.24984
2009,"Domestic material consumption [8.4.2,12.2.2]",,Metric Tons,,,146023470.49483
2010,"Domestic material consumption [8.4.2,12.2.2]",,Metric Tons,,,158548929.96996
2011,"Domestic material consumption [8.4.2,12.2.2]",,Metric Tons,,,150791952.8422
2012,"Domestic material consumption [8.4.2,12.2.2]",,Metric Tons,,,166155016.95359
2013,"Domestic material consumption [8.4.2,12.2.2]",,Metric Tons,,,175088459.59351
2014,"Domestic material consumption [8.4.2,12.2.2]",,Metric Tons,,,171542990.88006
2015,"Domestic material consumption [8.4.2,12.2.2]",,Metric Tons,,,197087995.64167
2016,"Domestic material consumption [8.4.2,12.2.2]",,Metric Tons,,,191883093.67409
2017,"Domestic material consumption [8.4.2,12.2.2]",,Metric Tons,,,181454475.69379
2018,"Domestic material consumption [8.4.2,12.2.2]",,Metric Tons,,,201226001.60498
2019,"Domestic material consumption [8.4.2,12.2.2]",,Metric Tons,,,213707227.96772
2020,"Domestic material consumption [8.4.2,12.2.2]",,Metric Tons,,,228925829.93524
2021,"Domestic material consumption [8.4.2,12.2.2]",,Metric Tons,,,220495850.51775
2022,"Domestic material consumption [8.4.2,12.2.2]",,Metric Tons,,,224512685.32058
2023,"Domestic material consumption [8.4.2,12.2.2]",,Metric Tons,,,223103811.71636
2000,"Domestic material consumption [8.4.2,12.2.2]",Non-metallic minerals - construction dominant (material flows),Metric Tons,,,40258475.1053
2001,"Domestic material consumption [8.4.2,12.2.2]",Non-metallic minerals - construction dominant (material flows),Metric Tons,,,39352927.6418
2002,"Domestic material consumption [8.4.2,12.2.2]",Non-metallic minerals - construction dominant (material flows),Metric Tons,,,10525527.0878
2003,"Domestic material consumption [8.4.2,12.2.2]",Non-metallic minerals - construction dominant (material flows),Metric Tons,,,8352914.7288
2004,"Domestic material consumption [8.4.2,12.2.2]",Non-metallic minerals - construction dominant (material flows),Metric Tons,,,10113610.16615
2005,"Domestic material consumption [8.4.2,12.2.2]",Non-metallic minerals - construction dominant (material flows),Metric Tons,,,13894778.27515
2006,"Domestic material consumption [8.4.2,12.2.2]",Non-metallic minerals - construction dominant (material flows),Metric Tons,,,15591992.4845
2007,"Domestic material consumption [8.4.2,12.2.2]",Non-metallic minerals - construction dominant (material flows),Metric Tons,,,18894493.1013
2008,"Domestic material consumption [8.4.2,12.2.2]",Non-metallic minerals - construction dominant (material flows),Metric Tons,,,19114480.6518
2009,"Domestic material consumption [8.4.2,12.2.2]",Non-metallic minerals - construction dominant (material flows),Metric Tons,,,24622600.3637
2010,"Domestic material consumption [8.4.2,12.2.2]",Non-metallic minerals - construction dominant (material flows),Metric Tons,,,29259816.8786
2011,"Domestic material consumption [8.4.2,12.2.2]",Non-metallic minerals - construction dominant (material flows),Metric Tons,,,23716229.29237
2012,"Domestic material consumption [8.4.2,12.2.2]",Non-metallic minerals - construction dominant (material flows),Metric Tons,,,34689575.21863
2013,"Domestic material consumption [8.4.2,12.2.2]",Non-metallic minerals - construction dominant (material flows),Metric Tons,,,41292920.77705
2014,"Domestic material consumption [8.4.2,12.2.2]",Non-metallic minerals - construction dominant (material flows),Metric Tons,,,43211862.05259
2015,"Domestic material consumption [8.4.2,12.2.2]",Non-metallic minerals - construction dominant (material flows),Metric Tons,,,55164540.38192
2016,"Domestic material consumption [8.4.2,12.2.2]",Non-metallic minerals - construction dominant (material flows),Metric Tons,,,49102657.06068
2017,"Domestic material consumption [8.4.2,12.2.2]",Non-metallic minerals - construction dominant (material flows),Metric Tons,,,42299959.91226
2018,"Domestic material consumption [8.4.2,12.2.2]",Non-metallic minerals - construction dominant (material flows),Metric Tons,,,54208695.70962
2019,"Domestic material consumption [8.4.2,12.2.2]",Non-metallic minerals - construction dominant (material flows),Metric Tons,,,55136943.31873
2020,"Domestic material consumption [8.4.2,12.2.2]",Non-metallic minerals - construction dominant (material flows),Metric Tons,,,54759329.20802
2021,"Domestic material consumption [8.4.2,12.2.2]",Non-metallic minerals - construction dominant (material flows),Metric Tons,,,58028797.8016
2022,"Domestic material consumption [8.4.2,12.2.2]",Non-metallic minerals - construction dominant (material flows),Metric Tons,,,60064748.80014
2023,"Domestic material consumption [8.4.2,12.2.2]",Non-metallic minerals - construction dominant (material flows),Metric Tons,,,60655068.54561
2000,"Domestic material consumption [8.4.2,12.2.2]",Non-metallic minerals - industrial or agricultural dominant (material flows),Metric Tons,,,446217.776
2001,"Domestic material consumption [8.4.2,12.2.2]",Non-metallic minerals - industrial or agricultural dominant (material flows),Metric Tons,,,557550.46
2002,"Domestic material consumption [8.4.2,12.2.2]",Non-metallic minerals - industrial or agricultural dominant (material flows),Metric Tons,,,539418.639
2003,"Domestic material consumption [8.4.2,12.2.2]",Non-metallic minerals - industrial or agricultural dominant (material flows),Metric Tons,,,182173.386
2004,"Domestic material consumption [8.4.2,12.2.2]",Non-metallic minerals - industrial or agricultural dominant (material flows),Metric Tons,,,231358.744
2005,"Domestic material consumption [8.4.2,12.2.2]",Non-metallic minerals - industrial or agricultural dominant (material flows),Metric Tons,,,697001.413
2006,"Domestic material consumption [8.4.2,12.2.2]",Non-metallic minerals - industrial or agricultural dominant (material flows),Metric Tons,,,753965.949
2007,"Domestic material consumption [8.4.2,12.2.2]",Non-metallic minerals - industrial or agricultural dominant (material flows),Metric Tons,,,622505.181
2008,"Domestic material consumption [8.4.2,12.2.2]",Non-metallic minerals - industrial or agricultural dominant (material flows),Metric Tons,,,880004.286
2009,"Domestic material consumption [8.4.2,12.2.2]",Non-metallic minerals - industrial or agricultural dominant (material flows),Metric Tons,,,787416.978
2010,"Domestic material consumption [8.4.2,12.2.2]",Non-metallic minerals - industrial or agricultural dominant (material flows),Metric Tons,,,850754.974
2011,"Domestic material consumption [8.4.2,12.2.2]",Non-metallic minerals - industrial or agricultural dominant (material flows),Metric Tons,,,660549.0
2012,"Domestic material consumption [8.4.2,12.2.2]",Non-metallic minerals - industrial or agricultural dominant (material flows),Metric Tons,,,592669.345
2013,"Domestic material consumption [8.4.2,12.2.2]",Non-metallic minerals - industrial or agricultural dominant (material flows),Metric Tons,,,1093678.71
2014,"Domestic material consumption [8.4.2,12.2.2]",Non-metallic minerals - industrial or agricultural dominant (material flows),Metric Tons,,,569862.37
2015,"Domestic material consumption [8.4.2,12.2.2]",Non-metallic minerals - industrial or agricultural dominant (material flows),Metric Tons,,,809052.667
2016,"Domestic material consumption [8.4.2,12.2.2]",Non-metallic minerals - industrial or agricultural dominant (material flows),Metric Tons,,,813358.234
2017,"Domestic material consumption [8.4.2,12.2.2]",Non-metallic minerals - industrial or agricultural dominant (material flows),Metric Tons,,,930043.2664
2018,"Domestic material consumption [8.4.2,12.2.2]",Non-metallic minerals - industrial or agricultural dominant (material flows),Metric Tons,,,711807.74623
2019,"Domestic material consumption [8.4.2,12.2.2]",Non-metallic minerals - industrial or agricultural dominant (material flows),Metric Tons,,,714021.3072
2020,"Domestic material consumption [8.4.2,12.2.2]",Non-metallic minerals - industrial or agricultural dominant (material flows),Metric Tons,,,673538.44194
2021,"Domestic material consumption [8.4.2,12.2.2]",Non-metallic minerals - industrial or agricultural dominant (material flows),Metric Tons,,,712029.49197
2022,"Domestic material consumption [8.4.2,12.2.2]",Non-metallic minerals - industrial or agricultural dominant (material flows),Metric Tons,,,736900.35988
2023,"Domestic material consumption [8.4.2,12.2.2]",Non-metallic minerals - industrial or agricultural dominant (material flows),Metric Tons,,,736650.67514
2000,"Domestic material consumption [8.4.2,12.2.2]",Biomass (material flows),Metric Tons,,,71928083.2315
2001,"Domestic material consumption [8.4.2,12.2.2]",Biomass (material flows),Metric Tons,,,76792199.9066
2002,"Domestic material consumption [8.4.2,12.2.2]",Biomass (material flows),Metric Tons,,,77662127.3455
2003,"Domestic material consumption [8.4.2,12.2.2]",Biomass (material flows),Metric Tons,,,80073081.5049
2004,"Domestic material consumption [8.4.2,12.2.2]",Biomass (material flows),Metric Tons,,,83236153.3245
2005,"Domestic material consumption [8.4.2,12.2.2]",Biomass (material flows),Metric Tons,,,90649217.304
2006,"Domestic material consumption [8.4.2,12.2.2]",Biomass (material flows),Metric Tons,,,91152504.6434
2007,"Domestic material consumption [8.4.2,12.2.2]",Biomass (material flows),Metric Tons,,,114405503.2209
2008,"Domestic material consumption [8.4.2,12.2.2]",Biomass (material flows),Metric Tons,,,116311807.8911
2009,"Domestic material consumption [8.4.2,12.2.2]",Biomass (material flows),Metric Tons,,,114750176.3891
2010,"Domestic material consumption [8.4.2,12.2.2]",Biomass (material flows),Metric Tons,,,120895407.4478
2011,"Domestic material consumption [8.4.2,12.2.2]",Biomass (material flows),Metric Tons,,,120331449.2574
2012,"Domestic material consumption [8.4.2,12.2.2]",Biomass (material flows),Metric Tons,,,123948193.3396
2013,"Domestic material consumption [8.4.2,12.2.2]",Biomass (material flows),Metric Tons,,,122895058.3146
2014,"Domestic material consumption [8.4.2,12.2.2]",Biomass (material flows),Metric Tons,,,122925626.4218
2015,"Domestic material consumption [8.4.2,12.2.2]",Biomass (material flows),Metric Tons,,,127279696.9409
2016,"Domestic material consumption [8.4.2,12.2.2]",Biomass (material flows),Metric Tons,,,127454698.1928
2017,"Domestic material consumption [8.4.2,12.2.2]",Biomass (material flows),Metric Tons,,,122156092.73589
2018,"Domestic material consumption [8.4.2,12.2.2]",Biomass (material flows),Metric Tons,,,129924560.32808
2019,"Domestic material consumption [8.4.2,12.2.2]",Biomass (material flows),Metric Tons,,,140693435.20487
2020,"Domestic material consumption [8.4.2,12.2.2]",Biomass (material flows),Metric Tons,,,156625004.07345
2021,"Domestic material consumption [8.4.2,12.2.2]",Biomass (material flows),Metric Tons,,,144336850.09477
2022,"Domestic material consumption [8.4.2,12.2.2]",Biomass (material flows),Metric Tons,,,145921157.17806
2023,"Domestic material consumption [8.4.2,12.2.2]",Biomass (material flows),Metric Tons,,,143944725.40341
2000,"Domestic material consumption [8.4.2,12.2.2]",Crops (material flows),Metric Tons,,,14917498.93
2001,"Domestic material consumption [8.4.2,12.2.2]",Crops (material flows),Metric Tons,,,16678212.54
2002,"Domestic material consumption [8.4.2,12.2.2]",Crops (material flows),Metric Tons,,,16485421.6
2003,"Domestic material consumption [8.4.2,12.2.2]",Crops (material flows),Metric Tons,,,16609512.99
2004,"Domestic material consumption [8.4.2,12.2.2]",Crops (material flows),Metric Tons,,,16912633.96
2005,"Domestic material consumption [8.4.2,12.2.2]",Crops (material flows),Metric Tons,,,19866167.31
2006,"Domestic material consumption [8.4.2,12.2.2]",Crops (material flows),Metric Tons,,,20870165.95
2007,"Domestic material consumption [8.4.2,12.2.2]",Crops (material flows),Metric Tons,,,20871779.11
2008,"Domestic material consumption [8.4.2,12.2.2]",Crops (material flows),Metric Tons,,,20992907.1
2009,"Domestic material consumption [8.4.2,12.2.2]",Crops (material flows),Metric Tons,,,23142057.07
2010,"Domestic material consumption [8.4.2,12.2.2]",Crops (material flows),Metric Tons,,,23859078.5
2011,"Domestic material consumption [8.4.2,12.2.2]",Crops (material flows),Metric Tons,,,23073334.95
2012,"Domestic material consumption [8.4.2,12.2.2]",Crops (material flows),Metric Tons,,,25286287.72
2013,"Domestic material consumption [8.4.2,12.2.2]",Crops (material flows),Metric Tons,,,25798023.37
2014,"Domestic material consumption [8.4.2,12.2.2]",Crops (material flows),Metric Tons,,,26182842.35
2015,"Domestic material consumption [8.4.2,12.2.2]",Crops (material flows),Metric Tons,,,27546895.04
2016,"Domestic material consumption [8.4.2,12.2.2]",Crops (material flows),Metric Tons,,,25499521.96
2017,"Domestic material consumption [8.4.2,12.2.2]",Crops (material flows),Metric Tons,,,26308746.46
2018,"Domestic material consumption [8.4.2,12.2.2]",Crops (material flows),Metric Tons,,,27113801.57
2019,"Domestic material consumption [8.4.2,12.2.2]",Crops (material flows),Metric Tons,,,27211235.39
2020,"Domestic material consumption [8.4.2,12.2.2]",Crops (material flows),Metric Tons,,,30914087.04
2021,"Domestic material consumption [8.4.2,12.2.2]",Crops (material flows),Metric Tons,,,30355506.56
2022,"Domestic material consumption [8.4.2,12.2.2]",Crops (material flows),Metric Tons,,,30991557.83866
2023,"Domestic material consumption [8.4.2,12.2.2]",Crops (material flows),Metric Tons,,,30929996.67493
2000,"Domestic material consumption [8.4.2,12.2.2]",Crop residues (material flows),Metric Tons,,,11898287.3505
2001,"Domestic material consumption [8.4.2,12.2.2]",Crop residues (material flows),Metric Tons,,,14478830.3026
2002,"Domestic material consumption [8.4.2,12.2.2]",Crop residues (material flows),Metric Tons,,,13793391.1115
2003,"Domestic material consumption [8.4.2,12.2.2]",Crop residues (material flows),Metric Tons,,,14785313.4349
2004,"Domestic material consumption [8.4.2,12.2.2]",Crop residues (material flows),Metric Tons,,,14545277.0505
2005,"Domestic material consumption [8.4.2,12.2.2]",Crop residues (material flows),Metric Tons,,,16918872.154
2006,"Domestic material consumption [8.4.2,12.2.2]",Crop residues (material flows),Metric Tons,,,18229452.8934
2007,"Domestic material consumption [8.4.2,12.2.2]",Crop residues (material flows),Metric Tons,,,17187503.2709
2008,"Domestic material consumption [8.4.2,12.2.2]",Crop residues (material flows),Metric Tons,,,15523274.2311
2009,"Domestic material consumption [8.4.2,12.2.2]",Crop residues (material flows),Metric Tons,,,15768163.1591
2010,"Domestic material consumption [8.4.2,12.2.2]",Crop residues (material flows),Metric Tons,,,19860969.1478
2011,"Domestic material consumption [8.4.2,12.2.2]",Crop residues (material flows),Metric Tons,,,18914875.9474
2012,"Domestic material consumption [8.4.2,12.2.2]",Crop residues (material flows),Metric Tons,,,21813977.6196
2013,"Domestic material consumption [8.4.2,12.2.2]",Crop residues (material flows),Metric Tons,,,21195854.7046
2014,"Domestic material consumption [8.4.2,12.2.2]",Crop residues (material flows),Metric Tons,,,19844819.3718
2015,"Domestic material consumption [8.4.2,12.2.2]",Crop residues (material flows),Metric Tons,,,21842442.8409
2016,"Domestic material consumption [8.4.2,12.2.2]",Crop residues (material flows),Metric Tons,,,18846804.2328
2017,"Domestic material consumption [8.4.2,12.2.2]",Crop residues (material flows),Metric Tons,,,17145517.746
2018,"Domestic material consumption [8.4.2,12.2.2]",Crop residues (material flows),Metric Tons,,,21152828.4983
2019,"Domestic material consumption [8.4.2,12.2.2]",Crop residues (material flows),Metric Tons,,,20130422.6184
2020,"Domestic material consumption [8.4.2,12.2.2]",Crop residues (material flows),Metric Tons,,,22059292.565
2021,"Domestic material consumption [8.4.2,12.2.2]",Crop residues (material flows),Metric Tons,,,20029554.3952
2022,"Domestic material consumption [8.4.2,12.2.2]",Crop residues (material flows),Metric Tons,,,20388642.54553
2023,"Domestic material consumption [8.4.2,12.2.2]",Crop residues (material flows),Metric Tons,,,20410511.87827
2000,"Domestic material consumption [8.4.2,12.2.2]",Grazed biomass and fodder crops (material flows),Metric Tons,,,30431286.0
2001,"Domestic material consumption [8.4.2,12.2.2]",Grazed biomass and fodder crops (material flows),Metric Tons,,,30938479.3
2002,"Domestic material consumption [8.4.2,12.2.2]",Grazed biomass and fodder crops (material flows),Metric Tons,,,32607447.9
2003,"Domestic material consumption [8.4.2,12.2.2]",Grazed biomass and fodder crops (material flows),Metric Tons,,,33784089.0
2004,"Domestic material consumption [8.4.2,12.2.2]",Grazed biomass and fodder crops (material flows),Metric Tons,,,36737776.4
2005,"Domestic material consumption [8.4.2,12.2.2]",Grazed biomass and fodder crops (material flows),Metric Tons,,,36012359.8
2006,"Domestic material consumption [8.4.2,12.2.2]",Grazed biomass and fodder crops (material flows),Metric Tons,,,33527834.6
2007,"Domestic material consumption [8.4.2,12.2.2]",Grazed biomass and fodder crops (material flows),Metric Tons,,,57820157.4
2008,"Domestic material consumption [8.4.2,12.2.2]",Grazed biomass and fodder crops (material flows),Metric Tons,,,61255272.0
2009,"Domestic material consumption [8.4.2,12.2.2]",Grazed biomass and fodder crops (material flows),Metric Tons,,,57315267.4
2010,"Domestic material consumption [8.4.2,12.2.2]",Grazed biomass and fodder crops (material flows),Metric Tons,,,58543993.6
2011,"Domestic material consumption [8.4.2,12.2.2]",Grazed biomass and fodder crops (material flows),Metric Tons,,,59631001.0
2012,"Domestic material consumption [8.4.2,12.2.2]",Grazed biomass and fodder crops (material flows),Metric Tons,,,58349086.8
2013,"Domestic material consumption [8.4.2,12.2.2]",Grazed biomass and fodder crops (material flows),Metric Tons,,,57352361.2
2014,"Domestic material consumption [8.4.2,12.2.2]",Grazed biomass and fodder crops (material flows),Metric Tons,,,58230747.5
2015,"Domestic material consumption [8.4.2,12.2.2]",Grazed biomass and fodder crops (material flows),Metric Tons,,,59208690.3
2016,"Domestic material consumption [8.4.2,12.2.2]",Grazed biomass and fodder crops (material flows),Metric Tons,,,64451205.8
2017,"Domestic material consumption [8.4.2,12.2.2]",Grazed biomass and fodder crops (material flows),Metric Tons,,,60037099.3
2018,"Domestic material consumption [8.4.2,12.2.2]",Grazed biomass and fodder crops (material flows),Metric Tons,,,62955714.2
2019,"Domestic material consumption [8.4.2,12.2.2]",Grazed biomass and fodder crops (material flows),Metric Tons,,,74665245.1
2020,"Domestic material consumption [8.4.2,12.2.2]",Grazed biomass and fodder crops (material flows),Metric Tons,,,85957604.2
2021,"Domestic material consumption [8.4.2,12.2.2]",Grazed biomass and fodder crops (material flows),Metric Tons,,,76208089.7
2022,"Domestic material consumption [8.4.2,12.2.2]",Grazed biomass and fodder crops (material flows),Metric Tons,,,77323294.717
2023,"Domestic material consumption [8.4.2,12.2.2]",Grazed biomass and fodder crops (material flows),Metric Tons,,,76321716.55846
2000,"Domestic material consumption [8.4.2,12.2.2]",Wood (material flows),Metric Tons,,,14467407.04
2001,"Domestic material consumption [8.4.2,12.2.2]",Wood (material flows),Metric Tons,,,14529310.44
2002,"Domestic material consumption [8.4.2,12.2.2]",Wood (material flows),Metric Tons,,,14642166.4
2003,"Domestic material consumption [8.4.2,12.2.2]",Wood (material flows),Metric Tons,,,14782287.08
2004,"Domestic material consumption [8.4.2,12.2.2]",Wood (material flows),Metric Tons,,,14913556.84
2005,"Domestic material consumption [8.4.2,12.2.2]",Wood (material flows),Metric Tons,,,17690310.04
2006,"Domestic material consumption [8.4.2,12.2.2]",Wood (material flows),Metric Tons,,,18345509.2
2007,"Domestic material consumption [8.4.2,12.2.2]",Wood (material flows),Metric Tons,,,18379218.44
2008,"Domestic material consumption [8.4.2,12.2.2]",Wood (material flows),Metric Tons,,,18396363.56
2009,"Domestic material consumption [8.4.2,12.2.2]",Wood (material flows),Metric Tons,,,18383792.76
2010,"Domestic material consumption [8.4.2,12.2.2]",Wood (material flows),Metric Tons,,,18485189.2
2011,"Domestic material consumption [8.4.2,12.2.2]",Wood (material flows),Metric Tons,,,18522175.36
2012,"Domestic material consumption [8.4.2,12.2.2]",Wood (material flows),Metric Tons,,,18329245.2
2013,"Domestic material consumption [8.4.2,12.2.2]",Wood (material flows),Metric Tons,,,18375672.04
2014,"Domestic material consumption [8.4.2,12.2.2]",Wood (material flows),Metric Tons,,,18479543.2
2015,"Domestic material consumption [8.4.2,12.2.2]",Wood (material flows),Metric Tons,,,18497154.76
2016,"Domestic material consumption [8.4.2,12.2.2]",Wood (material flows),Metric Tons,,,18493445.2
2017,"Domestic material consumption [8.4.2,12.2.2]",Wood (material flows),Metric Tons,,,18514129.22989
2018,"Domestic material consumption [8.4.2,12.2.2]",Wood (material flows),Metric Tons,,,18549083.05978
2019,"Domestic material consumption [8.4.2,12.2.2]",Wood (material flows),Metric Tons,,,18541050.36967
2020,"Domestic material consumption [8.4.2,12.2.2]",Wood (material flows),Metric Tons,,,17555700.69195
2021,"Domestic material consumption [8.4.2,12.2.2]",Wood (material flows),Metric Tons,,,17598026.46746
2022,"Domestic material consumption [8.4.2,12.2.2]",Wood (material flows),Metric Tons,,,17068115.11671
2023,"Domestic material consumption [8.4.2,12.2.2]",Wood (material flows),Metric Tons,,,16132859.46557
2000,"Domestic material consumption [8.4.2,12.2.2]",Wild catch and harvest (material flows),Metric Tons,,,213603.911
2001,"Domestic material consumption [8.4.2,12.2.2]",Wild catch and harvest (material flows),Metric Tons,,,167367.324
2002,"Domestic material consumption [8.4.2,12.2.2]",Wild catch and harvest (material flows),Metric Tons,,,133700.334
2003,"Domestic material consumption [8.4.2,12.2.2]",Wild catch and harvest (material flows),Metric Tons,,,111879.0
2004,"Domestic material consumption [8.4.2,12.2.2]",Wild catch and harvest (material flows),Metric Tons,,,126909.074
2005,"Domestic material consumption [8.4.2,12.2.2]",Wild catch and harvest (material flows),Metric Tons,,,161508.0
2006,"Domestic material consumption [8.4.2,12.2.2]",Wild catch and harvest (material flows),Metric Tons,,,179542.0
2007,"Domestic material consumption [8.4.2,12.2.2]",Wild catch and harvest (material flows),Metric Tons,,,146845.0
2008,"Domestic material consumption [8.4.2,12.2.2]",Wild catch and harvest (material flows),Metric Tons,,,143991.0
2009,"Domestic material consumption [8.4.2,12.2.2]",Wild catch and harvest (material flows),Metric Tons,,,140896.0
2010,"Domestic material consumption [8.4.2,12.2.2]",Wild catch and harvest (material flows),Metric Tons,,,146177.0
2011,"Domestic material consumption [8.4.2,12.2.2]",Wild catch and harvest (material flows),Metric Tons,,,190062.0
2012,"Domestic material consumption [8.4.2,12.2.2]",Wild catch and harvest (material flows),Metric Tons,,,169596.0
2013,"Domestic material consumption [8.4.2,12.2.2]",Wild catch and harvest (material flows),Metric Tons,,,173147.0
2014,"Domestic material consumption [8.4.2,12.2.2]",Wild catch and harvest (material flows),Metric Tons,,,187674.0
2015,"Domestic material consumption [8.4.2,12.2.2]",Wild catch and harvest (material flows),Metric Tons,,,184514.0
2016,"Domestic material consumption [8.4.2,12.2.2]",Wild catch and harvest (material flows),Metric Tons,,,163721.0
2017,"Domestic material consumption [8.4.2,12.2.2]",Wild catch and harvest (material flows),Metric Tons,,,150600.0
2018,"Domestic material consumption [8.4.2,12.2.2]",Wild catch and harvest (material flows),Metric Tons,,,153133.0
2019,"Domestic material consumption [8.4.2,12.2.2]",Wild catch and harvest (material flows),Metric Tons,,,145481.7268
2020,"Domestic material consumption [8.4.2,12.2.2]",Wild catch and harvest (material flows),Metric Tons,,,138319.5765
2021,"Domestic material consumption [8.4.2,12.2.2]",Wild catch and harvest (material flows),Metric Tons,,,145672.97211
2022,"Domestic material consumption [8.4.2,12.2.2]",Wild catch and harvest (material flows),Metric Tons,,,149546.96016
2023,"Domestic material consumption [8.4.2,12.2.2]",Wild catch and harvest (material flows),Metric Tons,,,149640.82617
2000,"Domestic material consumption [8.4.2,12.2.2]",Metal ores (material flows),Metric Tons,,,1073779.75467
2001,"Domestic material consumption [8.4.2,12.2.2]",Metal ores (material flows),Metric Tons,,,1377242.78003
2002,"Domestic material consumption [8.4.2,12.2.2]",Metal ores (material flows),Metric Tons,,,1458611.81184
2003,"Domestic material consumption [8.4.2,12.2.2]",Metal ores (material flows),Metric Tons,,,1318555.57979
2004,"Domestic material consumption [8.4.2,12.2.2]",Metal ores (material flows),Metric Tons,,,870234.72927
2005,"Domestic material consumption [8.4.2,12.2.2]",Metal ores (material flows),Metric Tons,,,761457.98817
2006,"Domestic material consumption [8.4.2,12.2.2]",Metal ores (material flows),Metric Tons,,,708333.75902
2007,"Domestic material consumption [8.4.2,12.2.2]",Metal ores (material flows),Metric Tons,,,2413091.42
2008,"Domestic material consumption [8.4.2,12.2.2]",Metal ores (material flows),Metric Tons,,,654185.26994
2009,"Domestic material consumption [8.4.2,12.2.2]",Metal ores (material flows),Metric Tons,,,1316951.91503
2010,"Domestic material consumption [8.4.2,12.2.2]",Metal ores (material flows),Metric Tons,,,2147564.25256
2011,"Domestic material consumption [8.4.2,12.2.2]",Metal ores (material flows),Metric Tons,,,1279276.91543
2012,"Domestic material consumption [8.4.2,12.2.2]",Metal ores (material flows),Metric Tons,,,2450856.95335
2013,"Domestic material consumption [8.4.2,12.2.2]",Metal ores (material flows),Metric Tons,,,2798148.18786
2014,"Domestic material consumption [8.4.2,12.2.2]",Metal ores (material flows),Metric Tons,,,498660.31067
2015,"Domestic material consumption [8.4.2,12.2.2]",Metal ores (material flows),Metric Tons,,,1875326.39285
2016,"Domestic material consumption [8.4.2,12.2.2]",Metal ores (material flows),Metric Tons,,,1506856.65862
2017,"Domestic material consumption [8.4.2,12.2.2]",Metal ores (material flows),Metric Tons,,,1815175.83324
2018,"Domestic material consumption [8.4.2,12.2.2]",Metal ores (material flows),Metric Tons,,,1593872.54006
2019,"Domestic material consumption [8.4.2,12.2.2]",Metal ores (material flows),Metric Tons,,,1606283.38772
2020,"Domestic material consumption [8.4.2,12.2.2]",Metal ores (material flows),Metric Tons,,,1415981.28481
2021,"Domestic material consumption [8.4.2,12.2.2]",Metal ores (material flows),Metric Tons,,,1466452.14688
2022,"Domestic material consumption [8.4.2,12.2.2]",Metal ores (material flows),Metric Tons,,,1544465.84832
2023,"Domestic material consumption [8.4.2,12.2.2]",Metal ores (material flows),Metric Tons,,,1584981.97954
2000,"Domestic material consumption [8.4.2,12.2.2]",Ferrous ores (material flows),Metric Tons,,,239669.345
2001,"Domestic material consumption [8.4.2,12.2.2]",Ferrous ores (material flows),Metric Tons,,,328088.351
2002,"Domestic material consumption [8.4.2,12.2.2]",Ferrous ores (material flows),Metric Tons,,,471789.935
2003,"Domestic material consumption [8.4.2,12.2.2]",Ferrous ores (material flows),Metric Tons,,,320545.563
2004,"Domestic material consumption [8.4.2,12.2.2]",Ferrous ores (material flows),Metric Tons,,,446688.871
2005,"Domestic material consumption [8.4.2,12.2.2]",Ferrous ores (material flows),Metric Tons,,,298170.557
2006,"Domestic material consumption [8.4.2,12.2.2]",Ferrous ores (material flows),Metric Tons,,,379364.808
2007,"Domestic material consumption [8.4.2,12.2.2]",Ferrous ores (material flows),Metric Tons,,,447202.14
2008,"Domestic material consumption [8.4.2,12.2.2]",Ferrous ores (material flows),Metric Tons,,,415140.324
2009,"Domestic material consumption [8.4.2,12.2.2]",Ferrous ores (material flows),Metric Tons,,,588223.901
2010,"Domestic material consumption [8.4.2,12.2.2]",Ferrous ores (material flows),Metric Tons,,,610498.808
2011,"Domestic material consumption [8.4.2,12.2.2]",Ferrous ores (material flows),Metric Tons,,,246260.51044
2012,"Domestic material consumption [8.4.2,12.2.2]",Ferrous ores (material flows),Metric Tons,,,151195.73882
2013,"Domestic material consumption [8.4.2,12.2.2]",Ferrous ores (material flows),Metric Tons,,,1400178.715
2014,"Domestic material consumption [8.4.2,12.2.2]",Ferrous ores (material flows),Metric Tons,,,0.0
2015,"Domestic material consumption [8.4.2,12.2.2]",Ferrous ores (material flows),Metric Tons,,,1565372.248
2016,"Domestic material consumption [8.4.2,12.2.2]",Ferrous ores (material flows),Metric Tons,,,1510308.215
2017,"Domestic material consumption [8.4.2,12.2.2]",Ferrous ores (material flows),Metric Tons,,,1392887.601
2018,"Domestic material consumption [8.4.2,12.2.2]",Ferrous ores (material flows),Metric Tons,,,1176685.268
2019,"Domestic material consumption [8.4.2,12.2.2]",Ferrous ores (material flows),Metric Tons,,,1183208.72273
2020,"Domestic material consumption [8.4.2,12.2.2]",Ferrous ores (material flows),Metric Tons,,,1187907.01373
2021,"Domestic material consumption [8.4.2,12.2.2]",Ferrous ores (material flows),Metric Tons,,,1239005.53181
2022,"Domestic material consumption [8.4.2,12.2.2]",Ferrous ores (material flows),Metric Tons,,,1294665.24278
2023,"Domestic material consumption [8.4.2,12.2.2]",Ferrous ores (material flows),Metric Tons,,,1322516.51366
2000,"Domestic material consumption [8.4.2,12.2.2]",Non-ferrous ores (material flows),Metric Tons,,,834110.40967
2001,"Domestic material consumption [8.4.2,12.2.2]",Non-ferrous ores (material flows),Metric Tons,,,1049154.42903
2002,"Domestic material consumption [8.4.2,12.2.2]",Non-ferrous ores (material flows),Metric Tons,,,986821.87684
2003,"Domestic material consumption [8.4.2,12.2.2]",Non-ferrous ores (material flows),Metric Tons,,,998010.01679
2004,"Domestic material consumption [8.4.2,12.2.2]",Non-ferrous ores (material flows),Metric Tons,,,423545.85827
2005,"Domestic material consumption [8.4.2,12.2.2]",Non-ferrous ores (material flows),Metric Tons,,,463287.43117
2006,"Domestic material consumption [8.4.2,12.2.2]",Non-ferrous ores (material flows),Metric Tons,,,328968.95102
2007,"Domestic material consumption [8.4.2,12.2.2]",Non-ferrous ores (material flows),Metric Tons,,,1965889.28
2008,"Domestic material consumption [8.4.2,12.2.2]",Non-ferrous ores (material flows),Metric Tons,,,239044.94594
2009,"Domestic material consumption [8.4.2,12.2.2]",Non-ferrous ores (material flows),Metric Tons,,,728728.01403
2010,"Domestic material consumption [8.4.2,12.2.2]",Non-ferrous ores (material flows),Metric Tons,,,1537065.44456
2011,"Domestic material consumption [8.4.2,12.2.2]",Non-ferrous ores (material flows),Metric Tons,,,1033016.40499
2012,"Domestic material consumption [8.4.2,12.2.2]",Non-ferrous ores (material flows),Metric Tons,,,2299661.21453
2013,"Domestic material consumption [8.4.2,12.2.2]",Non-ferrous ores (material flows),Metric Tons,,,1397969.47286
2014,"Domestic material consumption [8.4.2,12.2.2]",Non-ferrous ores (material flows),Metric Tons,,,498660.31067
2015,"Domestic material consumption [8.4.2,12.2.2]",Non-ferrous ores (material flows),Metric Tons,,,309954.14485
2016,"Domestic material consumption [8.4.2,12.2.2]",Non-ferrous ores (material flows),Metric Tons,,,-3451.55638
2017,"Domestic material consumption [8.4.2,12.2.2]",Non-ferrous ores (material flows),Metric Tons,,,422288.23224
2018,"Domestic material consumption [8.4.2,12.2.2]",Non-ferrous ores (material flows),Metric Tons,,,417187.27206
2019,"Domestic material consumption [8.4.2,12.2.2]",Non-ferrous ores (material flows),Metric Tons,,,423074.66498
2020,"Domestic material consumption [8.4.2,12.2.2]",Non-ferrous ores (material flows),Metric Tons,,,228074.27109
2021,"Domestic material consumption [8.4.2,12.2.2]",Non-ferrous ores (material flows),Metric Tons,,,227446.61506
2022,"Domestic material consumption [8.4.2,12.2.2]",Non-ferrous ores (material flows),Metric Tons,,,249800.60554
2023,"Domestic material consumption [8.4.2,12.2.2]",Non-ferrous ores (material flows),Metric Tons,,,262465.46588
2000,"Domestic material consumption [8.4.2,12.2.2]",Non-metallic minerals (material flows),Metric Tons,,,40704692.8813
2001,"Domestic material consumption [8.4.2,12.2.2]",Non-metallic minerals (material flows),Metric Tons,,,39910478.1018
2002,"Domestic material consumption [8.4.2,12.2.2]",Non-metallic minerals (material flows),Metric Tons,,,11064945.7268
2003,"Domestic material consumption [8.4.2,12.2.2]",Non-metallic minerals (material flows),Metric Tons,,,8535088.1148
2004,"Domestic material consumption [8.4.2,12.2.2]",Non-metallic minerals (material flows),Metric Tons,,,10344968.91015
2005,"Domestic material consumption [8.4.2,12.2.2]",Non-metallic minerals (material flows),Metric Tons,,,14591779.68815
2006,"Domestic material consumption [8.4.2,12.2.2]",Non-metallic minerals (material flows),Metric Tons,,,16345958.4335
2007,"Domestic material consumption [8.4.2,12.2.2]",Non-metallic minerals (material flows),Metric Tons,,,19516998.2823
2008,"Domestic material consumption [8.4.2,12.2.2]",Non-metallic minerals (material flows),Metric Tons,,,19994484.9378
2009,"Domestic material consumption [8.4.2,12.2.2]",Non-metallic minerals (material flows),Metric Tons,,,25410017.3417
2010,"Domestic material consumption [8.4.2,12.2.2]",Non-metallic minerals (material flows),Metric Tons,,,30110571.8526
2011,"Domestic material consumption [8.4.2,12.2.2]",Non-metallic minerals (material flows),Metric Tons,,,24376778.29237
2012,"Domestic material consumption [8.4.2,12.2.2]",Non-metallic minerals (material flows),Metric Tons,,,35282244.56363
2013,"Domestic material consumption [8.4.2,12.2.2]",Non-metallic minerals (material flows),Metric Tons,,,42386599.48705
2014,"Domestic material consumption [8.4.2,12.2.2]",Non-metallic minerals (material flows),Metric Tons,,,43781724.42259
2015,"Domestic material consumption [8.4.2,12.2.2]",Non-metallic minerals (material flows),Metric Tons,,,55973593.04892
2016,"Domestic material consumption [8.4.2,12.2.2]",Non-metallic minerals (material flows),Metric Tons,,,49916015.29468
2017,"Domestic material consumption [8.4.2,12.2.2]",Non-metallic minerals (material flows),Metric Tons,,,43230003.17866
2018,"Domestic material consumption [8.4.2,12.2.2]",Non-metallic minerals (material flows),Metric Tons,,,54920503.45584
2019,"Domestic material consumption [8.4.2,12.2.2]",Non-metallic minerals (material flows),Metric Tons,,,55850964.62593
2020,"Domestic material consumption [8.4.2,12.2.2]",Non-metallic minerals (material flows),Metric Tons,,,55432867.64996
2021,"Domestic material consumption [8.4.2,12.2.2]",Non-metallic minerals (material flows),Metric Tons,,,58740827.29357
2022,"Domestic material consumption [8.4.2,12.2.2]",Non-metallic minerals (material flows),Metric Tons,,,60801649.16001
2023,"Domestic material consumption [8.4.2,12.2.2]",Non-metallic minerals (material flows),Metric Tons,,,61391719.22075
2000,"Domestic material consumption [8.4.2,12.2.2]",Fossil fuels (material flows),Metric Tons,,,2518000.0
2001,"Domestic material consumption [8.4.2,12.2.2]",Fossil fuels (material flows),Metric Tons,,,2032000.0
2002,"Domestic material consumption [8.4.2,12.2.2]",Fossil fuels (material flows),Metric Tons,,,1592000.0
2003,"Domestic material consumption [8.4.2,12.2.2]",Fossil fuels (material flows),Metric Tons,,,1642000.0
2004,"Domestic material consumption [8.4.2,12.2.2]",Fossil fuels (material flows),Metric Tons,,,2152000.0
2005,"Domestic material consumption [8.4.2,12.2.2]",Fossil fuels (material flows),Metric Tons,,,1899000.0
2006,"Domestic material consumption [8.4.2,12.2.2]",Fossil fuels (material flows),Metric Tons,,,1810000.0
2007,"Domestic material consumption [8.4.2,12.2.2]",Fossil fuels (material flows),Metric Tons,,,1750000.0
2008,"Domestic material consumption [8.4.2,12.2.2]",Fossil fuels (material flows),Metric Tons,,,1928000.0
2009,"Domestic material consumption [8.4.2,12.2.2]",Fossil fuels (material flows),Metric Tons,,,1766000.0
2010,"Domestic material consumption [8.4.2,12.2.2]",Fossil fuels (material flows),Metric Tons,,,1708000.0
2011,"Domestic material consumption [8.4.2,12.2.2]",Fossil fuels (material flows),Metric Tons,,,2066000.0
2012,"Domestic material consumption [8.4.2,12.2.2]",Fossil fuels (material flows),Metric Tons,,,1313000.0
2013,"Domestic material consumption [8.4.2,12.2.2]",Fossil fuels (material flows),Metric Tons,,,928000.0
2014,"Domestic material consumption [8.4.2,12.2.2]",Fossil fuels (material flows),Metric Tons,,,470000.0
2015,"Domestic material consumption [8.4.2,12.2.2]",Fossil fuels (material flows),Metric Tons,,,498000.0
2016,"Domestic material consumption [8.4.2,12.2.2]",Fossil fuels (material flows),Metric Tons,,,491000.0
2017,"Domestic material consumption [8.4.2,12.2.2]",Fossil fuels (material flows),Metric Tons,,,463000.0
2018,"Domestic material consumption [8.4.2,12.2.2]",Fossil fuels (material flows),Metric Tons,,,693000.0
2019,"Domestic material consumption [8.4.2,12.2.2]",Fossil fuels (material flows),Metric Tons,,,612000.0
2020,"Domestic material consumption [8.4.2,12.2.2]",Fossil fuels (material flows),Metric Tons,,,822000.0
2021,"Domestic material consumption [8.4.2,12.2.2]",Fossil fuels (material flows),Metric Tons,,,838348.55263
2022,"Domestic material consumption [8.4.2,12.2.2]",Fossil fuels (material flows),Metric Tons,,,834717.21554
2023,"Domestic material consumption [8.4.2,12.2.2]",Fossil fuels (material flows),Metric Tons,,,811359.35029
2000,"Domestic material consumption [8.4.2,12.2.2]",Coal (material flows),Metric Tons,,,66000.0
2001,"Domestic material consumption [8.4.2,12.2.2]",Coal (material flows),Metric Tons,,,66000.0
2002,"Domestic material consumption [8.4.2,12.2.2]",Coal (material flows),Metric Tons,,,99000.0
2003,"Domestic material consumption [8.4.2,12.2.2]",Coal (material flows),Metric Tons,,,92000.0
2004,"Domestic material consumption [8.4.2,12.2.2]",Coal (material flows),Metric Tons,,,108000.0
2005,"Domestic material consumption [8.4.2,12.2.2]",Coal (material flows),Metric Tons,,,125000.0
2006,"Domestic material consumption [8.4.2,12.2.2]",Coal (material flows),Metric Tons,,,167000.0
2007,"Domestic material consumption [8.4.2,12.2.2]",Coal (material flows),Metric Tons,,,151000.0
2008,"Domestic material consumption [8.4.2,12.2.2]",Coal (material flows),Metric Tons,,,155000.0
2009,"Domestic material consumption [8.4.2,12.2.2]",Coal (material flows),Metric Tons,,,138000.0
2010,"Domestic material consumption [8.4.2,12.2.2]",Coal (material flows),Metric Tons,,,236000.0
2011,"Domestic material consumption [8.4.2,12.2.2]",Coal (material flows),Metric Tons,,,383000.0
2012,"Domestic material consumption [8.4.2,12.2.2]",Coal (material flows),Metric Tons,,,343000.0
2013,"Domestic material consumption [8.4.2,12.2.2]",Coal (material flows),Metric Tons,,,379000.0
2014,"Domestic material consumption [8.4.2,12.2.2]",Coal (material flows),Metric Tons,,,470000.0
2015,"Domestic material consumption [8.4.2,12.2.2]",Coal (material flows),Metric Tons,,,498000.0
2016,"Domestic material consumption [8.4.2,12.2.2]",Coal (material flows),Metric Tons,,,491000.0
2017,"Domestic material consumption [8.4.2,12.2.2]",Coal (material flows),Metric Tons,,,463000.0
2018,"Domestic material consumption [8.4.2,12.2.2]",Coal (material flows),Metric Tons,,,693000.0
2019,"Domestic material consumption [8.4.2,12.2.2]",Coal (material flows),Metric Tons,,,612000.0
2020,"Domestic material consumption [8.4.2,12.2.2]",Coal (material flows),Metric Tons,,,822000.0
2021,"Domestic material consumption [8.4.2,12.2.2]",Coal (material flows),Metric Tons,,,838348.55263
2022,"Domestic material consumption [8.4.2,12.2.2]",Coal (material flows),Metric Tons,,,834717.21554
2023,"Domestic material consumption [8.4.2,12.2.2]",Coal (material flows),Metric Tons,,,811359.35029
2000,"Domestic material consumption [8.4.2,12.2.2]",Petroleum (material flows),Metric Tons,,,2452000.0
2001,"Domestic material consumption [8.4.2,12.2.2]",Petroleum (material flows),Metric Tons,,,1966000.0
2002,"Domestic material consumption [8.4.2,12.2.2]",Petroleum (material flows),Metric Tons,,,1493000.0
2003,"Domestic material consumption [8.4.2,12.2.2]",Petroleum (material flows),Metric Tons,,,1550000.0
2004,"Domestic material consumption [8.4.2,12.2.2]",Petroleum (material flows),Metric Tons,,,2044000.0
2005,"Domestic material consumption [8.4.2,12.2.2]",Petroleum (material flows),Metric Tons,,,1774000.0
2006,"Domestic material consumption [8.4.2,12.2.2]",Petroleum (material flows),Metric Tons,,,1643000.0
2007,"Domestic material consumption [8.4.2,12.2.2]",Petroleum (material flows),Metric Tons,,,1599000.0
2008,"Domestic material consumption [8.4.2,12.2.2]",Petroleum (material flows),Metric Tons,,,1773000.0
2009,"Domestic material consumption [8.4.2,12.2.2]",Petroleum (material flows),Metric Tons,,,1628000.0
2010,"Domestic material consumption [8.4.2,12.2.2]",Petroleum (material flows),Metric Tons,,,1472000.0
2011,"Domestic material consumption [8.4.2,12.2.2]",Petroleum (material flows),Metric Tons,,,1683000.0
2012,"Domestic material consumption [8.4.2,12.2.2]",Petroleum (material flows),Metric Tons,,,970000.0
2013,"Domestic material consumption [8.4.2,12.2.2]",Petroleum (material flows),Metric Tons,,,549000.0
2014,"Domestic material consumption [8.4.2,12.2.2]",Petroleum (material flows),Metric Tons,,,0.0
2015,"Domestic material consumption [8.4.2,12.2.2]",Petroleum (material flows),Metric Tons,,,0.0
2016,"Domestic material consumption [8.4.2,12.2.2]",Petroleum (material flows),Metric Tons,,,0.0
2017,"Domestic material consumption [8.4.2,12.2.2]",Petroleum (material flows),Metric Tons,,,0.0
2018,"Domestic material consumption [8.4.2,12.2.2]",Petroleum (material flows),Metric Tons,,,0.0
2019,"Domestic material consumption [8.4.2,12.2.2]",Petroleum (material flows),Metric Tons,,,0.0
2020,"Domestic material consumption [8.4.2,12.2.2]",Petroleum (material flows),Metric Tons,,,0.0
2021,"Domestic material consumption [8.4.2,12.2.2]",Petroleum (material flows),Metric Tons,,,0.0
2022,"Domestic material consumption [8.4.2,12.2.2]",Petroleum (material flows),Metric Tons,,,0.0
2023,"Domestic material consumption [8.4.2,12.2.2]",Petroleum (material flows),Metric Tons,,,0.0
