Year,OBS_STATUS,NATURE,COMMENT_OBS,SOURCE_DETAIL,SDG Series,Custom Breakdown,Composite breakdown,Unit of measure,Observation status,Nature of data points,Observation-level footnotes,Source details,Label for custom breakdown,Value
2015,E,E,FAO estimate,Food and Agriculture Organization of the United Nations (FAO),Area of degraded mountain land (square kilometres) [15.4.2],,,Square kilometers,Estimated value,Estimated,FAO estimate,Food and Agriculture Organization of the United Nations (FAO),,6254.1
2021,E,E,FAO estimate,Food and Agriculture Organization of the United Nations (FAO),Area of degraded mountain land (square kilometres) [15.4.2],,,Square kilometers,Estimated value,Estimated,FAO estimate,Food and Agriculture Organization of the United Nations (FAO),,8501
2015,M,N,NaN = Not relevant,NA,Area of degraded mountain land (square kilometres) [15.4.2],Custom code 01,,Square kilometers,Missing value; data cannot exist,Non-relevant,NaN = Not relevant,NA,Nival,NaN
2021,M,N,NaN = Not relevant,NA,Area of degraded mountain land (square kilometres) [15.4.2],Custom code 01,,Square kilometers,Missing value; data cannot exist,Non-relevant,NaN = Not relevant,NA,Nival,NaN
2015,E,E,FAO estimate,Food and Agriculture Organization of the United Nations (FAO),Area of degraded mountain land (square kilometres) [15.4.2],Custom code 02,,Square kilometers,Estimated value,Estimated,FAO estimate,Food and Agriculture Organization of the United Nations (FAO),Alpine,0.9
2021,E,E,FAO estimate,Food and Agriculture Organization of the United Nations (FAO),Area of degraded mountain land (square kilometres) [15.4.2],Custom code 02,,Square kilometers,Estimated value,Estimated,FAO estimate,Food and Agriculture Organization of the United Nations (FAO),Alpine,1.1
2015,E,E,FAO estimate,Food and Agriculture Organization of the United Nations (FAO),Area of degraded mountain land (square kilometres) [15.4.2],Custom code 03,,Square kilometers,Estimated value,Estimated,FAO estimate,Food and Agriculture Organization of the United Nations (FAO),Montane,974.6
2021,E,E,FAO estimate,Food and Agriculture Organization of the United Nations (FAO),Area of degraded mountain land (square kilometres) [15.4.2],Custom code 03,,Square kilometers,Estimated value,Estimated,FAO estimate,Food and Agriculture Organization of the United Nations (FAO),Montane,1308.5
2015,E,E,FAO estimate,Food and Agriculture Organization of the United Nations (FAO),Area of degraded mountain land (square kilometres) [15.4.2],Custom code 04,,Square kilometers,Estimated value,Estimated,FAO estimate,Food and Agriculture Organization of the United Nations (FAO),Remaining mountain area,5278.6
2021,E,E,FAO estimate,Food and Agriculture Organization of the United Nations (FAO),Area of degraded mountain land (square kilometres) [15.4.2],Custom code 04,,Square kilometers,Estimated value,Estimated,FAO estimate,Food and Agriculture Organization of the United Nations (FAO),Remaining mountain area,7191.4
2015,E,E,FAO estimate,Food and Agriculture Organization of the United Nations (FAO),Proportion of degraded mountain land (%) [15.4.2],,,Percent,Estimated value,Estimated,FAO estimate,Food and Agriculture Organization of the United Nations (FAO),,4.4
2021,E,E,FAO estimate,Food and Agriculture Organization of the United Nations (FAO),Proportion of degraded mountain land (%) [15.4.2],,,Percent,Estimated value,Estimated,FAO estimate,Food and Agriculture Organization of the United Nations (FAO),,5.9
2015,M,N,NaN = Not relevant,NA,Proportion of degraded mountain land (%) [15.4.2],Custom code 01,,Percent,Missing value; data cannot exist,Non-relevant,NaN = Not relevant,NA,Nival,NaN
2021,M,N,NaN = Not relevant,NA,Proportion of degraded mountain land (%) [15.4.2],Custom code 01,,Percent,Missing value; data cannot exist,Non-relevant,NaN = Not relevant,NA,Nival,NaN
2015,E,E,FAO estimate,Food and Agriculture Organization of the United Nations (FAO),Proportion of degraded mountain land (%) [15.4.2],Custom code 02,,Percent,Estimated value,Estimated,FAO estimate,Food and Agriculture Organization of the United Nations (FAO),Alpine,0.5
2021,E,E,FAO estimate,Food and Agriculture Organization of the United Nations (FAO),Proportion of degraded mountain land (%) [15.4.2],Custom code 02,,Percent,Estimated value,Estimated,FAO estimate,Food and Agriculture Organization of the United Nations (FAO),Alpine,0.6
2015,E,E,FAO estimate,Food and Agriculture Organization of the United Nations (FAO),Proportion of degraded mountain land (%) [15.4.2],Custom code 03,,Percent,Estimated value,Estimated,FAO estimate,Food and Agriculture Organization of the United Nations (FAO),Montane,8
2021,E,E,FAO estimate,Food and Agriculture Organization of the United Nations (FAO),Proportion of degraded mountain land (%) [15.4.2],Custom code 03,,Percent,Estimated value,Estimated,FAO estimate,Food and Agriculture Organization of the United Nations (FAO),Montane,10.8
2015,E,E,FAO estimate,Food and Agriculture Organization of the United Nations (FAO),Proportion of degraded mountain land (%) [15.4.2],Custom code 04,,Percent,Estimated value,Estimated,FAO estimate,Food and Agriculture Organization of the United Nations (FAO),Remaining mountain area,4
2021,E,E,FAO estimate,Food and Agriculture Organization of the United Nations (FAO),Proportion of degraded mountain land (%) [15.4.2],Custom code 04,,Percent,Estimated value,Estimated,FAO estimate,Food and Agriculture Organization of the United Nations (FAO),Remaining mountain area,5.5
2000,E,E,FAO estimate,Food and Agriculture Organization of the United Nations (FAO),Mountain green cover area (square kilometres) [15.4.2],,Land Cover: Artificial surfaces,Square kilometers,Estimated value,Estimated,FAO estimate,Food and Agriculture Organization of the United Nations (FAO),,2862.7
2005,E,E,FAO estimate,Food and Agriculture Organization of the United Nations (FAO),Mountain green cover area (square kilometres) [15.4.2],,Land Cover: Artificial surfaces,Square kilometers,Estimated value,Estimated,FAO estimate,Food and Agriculture Organization of the United Nations (FAO),,3014.1
2010,E,E,FAO estimate,Food and Agriculture Organization of the United Nations (FAO),Mountain green cover area (square kilometres) [15.4.2],,Land Cover: Artificial surfaces,Square kilometers,Estimated value,Estimated,FAO estimate,Food and Agriculture Organization of the United Nations (FAO),,3073.2
2015,E,E,FAO estimate,Food and Agriculture Organization of the United Nations (FAO),Mountain green cover area (square kilometres) [15.4.2],,Land Cover: Artificial surfaces,Square kilometers,Estimated value,Estimated,FAO estimate,Food and Agriculture Organization of the United Nations (FAO),,3311.7
2018,E,E,FAO estimate,Food and Agriculture Organization of the United Nations (FAO),Mountain green cover area (square kilometres) [15.4.2],,Land Cover: Artificial surfaces,Square kilometers,Estimated value,Estimated,FAO estimate,Food and Agriculture Organization of the United Nations (FAO),,3778.6
2021,E,E,FAO estimate,Food and Agriculture Organization of the United Nations (FAO),Mountain green cover area (square kilometres) [15.4.2],,Land Cover: Artificial surfaces,Square kilometers,Estimated value,Estimated,FAO estimate,Food and Agriculture Organization of the United Nations (FAO),,4089.9
2000,E,E,FAO estimate,Food and Agriculture Organization of the United Nations (FAO),Mountain green cover area (square kilometres) [15.4.2],,Land Cover: Croplands,Square kilometers,Estimated value,Estimated,FAO estimate,Food and Agriculture Organization of the United Nations (FAO),,14057.5
2005,E,E,FAO estimate,Food and Agriculture Organization of the United Nations (FAO),Mountain green cover area (square kilometres) [15.4.2],,Land Cover: Croplands,Square kilometers,Estimated value,Estimated,FAO estimate,Food and Agriculture Organization of the United Nations (FAO),,14768.5
2010,E,E,FAO estimate,Food and Agriculture Organization of the United Nations (FAO),Mountain green cover area (square kilometres) [15.4.2],,Land Cover: Croplands,Square kilometers,Estimated value,Estimated,FAO estimate,Food and Agriculture Organization of the United Nations (FAO),,16352.9
2015,E,E,FAO estimate,Food and Agriculture Organization of the United Nations (FAO),Mountain green cover area (square kilometres) [15.4.2],,Land Cover: Croplands,Square kilometers,Estimated value,Estimated,FAO estimate,Food and Agriculture Organization of the United Nations (FAO),,17593.3
2018,E,E,FAO estimate,Food and Agriculture Organization of the United Nations (FAO),Mountain green cover area (square kilometres) [15.4.2],,Land Cover: Croplands,Square kilometers,Estimated value,Estimated,FAO estimate,Food and Agriculture Organization of the United Nations (FAO),,17923
2021,E,E,FAO estimate,Food and Agriculture Organization of the United Nations (FAO),Mountain green cover area (square kilometres) [15.4.2],,Land Cover: Croplands,Square kilometers,Estimated value,Estimated,FAO estimate,Food and Agriculture Organization of the United Nations (FAO),,18142.8
2000,E,E,FAO estimate,Food and Agriculture Organization of the United Nations (FAO),Mountain green cover area (square kilometres) [15.4.2],,Land Cover: Grassland,Square kilometers,Estimated value,Estimated,FAO estimate,Food and Agriculture Organization of the United Nations (FAO),,95832.3
2005,E,E,FAO estimate,Food and Agriculture Organization of the United Nations (FAO),Mountain green cover area (square kilometres) [15.4.2],,Land Cover: Grassland,Square kilometers,Estimated value,Estimated,FAO estimate,Food and Agriculture Organization of the United Nations (FAO),,95291.7
2010,E,E,FAO estimate,Food and Agriculture Organization of the United Nations (FAO),Mountain green cover area (square kilometres) [15.4.2],,Land Cover: Grassland,Square kilometers,Estimated value,Estimated,FAO estimate,Food and Agriculture Organization of the United Nations (FAO),,94098.9
2015,E,E,FAO estimate,Food and Agriculture Organization of the United Nations (FAO),Mountain green cover area (square kilometres) [15.4.2],,Land Cover: Grassland,Square kilometers,Estimated value,Estimated,FAO estimate,Food and Agriculture Organization of the United Nations (FAO),,93163.3
2018,E,E,FAO estimate,Food and Agriculture Organization of the United Nations (FAO),Mountain green cover area (square kilometres) [15.4.2],,Land Cover: Grassland,Square kilometers,Estimated value,Estimated,FAO estimate,Food and Agriculture Organization of the United Nations (FAO),,92482.3
2021,E,E,FAO estimate,Food and Agriculture Organization of the United Nations (FAO),Mountain green cover area (square kilometres) [15.4.2],,Land Cover: Grassland,Square kilometers,Estimated value,Estimated,FAO estimate,Food and Agriculture Organization of the United Nations (FAO),,92028.3
2000,E,E,FAO estimate,Food and Agriculture Organization of the United Nations (FAO),Mountain green cover area (square kilometres) [15.4.2],,Land Cover: Inland water bodies,Square kilometers,Estimated value,Estimated,FAO estimate,Food and Agriculture Organization of the United Nations (FAO),,1189.5
2005,E,E,FAO estimate,Food and Agriculture Organization of the United Nations (FAO),Mountain green cover area (square kilometres) [15.4.2],,Land Cover: Inland water bodies,Square kilometers,Estimated value,Estimated,FAO estimate,Food and Agriculture Organization of the United Nations (FAO),,1205.1
2010,E,E,FAO estimate,Food and Agriculture Organization of the United Nations (FAO),Mountain green cover area (square kilometres) [15.4.2],,Land Cover: Inland water bodies,Square kilometers,Estimated value,Estimated,FAO estimate,Food and Agriculture Organization of the United Nations (FAO),,1221.1
2015,E,E,FAO estimate,Food and Agriculture Organization of the United Nations (FAO),Mountain green cover area (square kilometres) [15.4.2],,Land Cover: Inland water bodies,Square kilometers,Estimated value,Estimated,FAO estimate,Food and Agriculture Organization of the United Nations (FAO),,1264.9
2018,E,E,FAO estimate,Food and Agriculture Organization of the United Nations (FAO),Mountain green cover area (square kilometres) [15.4.2],,Land Cover: Inland water bodies,Square kilometers,Estimated value,Estimated,FAO estimate,Food and Agriculture Organization of the United Nations (FAO),,1305.6
2021,E,E,FAO estimate,Food and Agriculture Organization of the United Nations (FAO),Mountain green cover area (square kilometres) [15.4.2],,Land Cover: Inland water bodies,Square kilometers,Estimated value,Estimated,FAO estimate,Food and Agriculture Organization of the United Nations (FAO),,1332.8
2000,E,E,FAO estimate,Food and Agriculture Organization of the United Nations (FAO),Mountain green cover area (square kilometres) [15.4.2],,Land Cover: MGCI,Square kilometers,Estimated value,Estimated,FAO estimate,Food and Agriculture Organization of the United Nations (FAO),,136512.2
2005,E,E,FAO estimate,Food and Agriculture Organization of the United Nations (FAO),Mountain green cover area (square kilometres) [15.4.2],,Land Cover: MGCI,Square kilometers,Estimated value,Estimated,FAO estimate,Food and Agriculture Organization of the United Nations (FAO),,136330.9
2010,E,E,FAO estimate,Food and Agriculture Organization of the United Nations (FAO),Mountain green cover area (square kilometres) [15.4.2],,Land Cover: MGCI,Square kilometers,Estimated value,Estimated,FAO estimate,Food and Agriculture Organization of the United Nations (FAO),,136222.9
2015,E,E,FAO estimate,Food and Agriculture Organization of the United Nations (FAO),Mountain green cover area (square kilometres) [15.4.2],,Land Cover: MGCI,Square kilometers,Estimated value,Estimated,FAO estimate,Food and Agriculture Organization of the United Nations (FAO),,135922.5
2018,E,E,FAO estimate,Food and Agriculture Organization of the United Nations (FAO),Mountain green cover area (square kilometres) [15.4.2],,Land Cover: MGCI,Square kilometers,Estimated value,Estimated,FAO estimate,Food and Agriculture Organization of the United Nations (FAO),,135337.5
2021,E,E,FAO estimate,Food and Agriculture Organization of the United Nations (FAO),Mountain green cover area (square kilometres) [15.4.2],,Land Cover: MGCI,Square kilometers,Estimated value,Estimated,FAO estimate,Food and Agriculture Organization of the United Nations (FAO),,134947.5
2000,E,E,FAO estimate,Food and Agriculture Organization of the United Nations (FAO),Mountain green cover area (square kilometres) [15.4.2],,Land Cover: Permanent snow and glaciers,Square kilometers,Estimated value,Estimated,FAO estimate,Food and Agriculture Organization of the United Nations (FAO),,0
2005,E,E,FAO estimate,Food and Agriculture Organization of the United Nations (FAO),Mountain green cover area (square kilometres) [15.4.2],,Land Cover: Permanent snow and glaciers,Square kilometers,Estimated value,Estimated,FAO estimate,Food and Agriculture Organization of the United Nations (FAO),,0
2010,E,E,FAO estimate,Food and Agriculture Organization of the United Nations (FAO),Mountain green cover area (square kilometres) [15.4.2],,Land Cover: Permanent snow and glaciers,Square kilometers,Estimated value,Estimated,FAO estimate,Food and Agriculture Organization of the United Nations (FAO),,0
2015,E,E,FAO estimate,Food and Agriculture Organization of the United Nations (FAO),Mountain green cover area (square kilometres) [15.4.2],,Land Cover: Permanent snow and glaciers,Square kilometers,Estimated value,Estimated,FAO estimate,Food and Agriculture Organization of the United Nations (FAO),,0
2018,E,E,FAO estimate,Food and Agriculture Organization of the United Nations (FAO),Mountain green cover area (square kilometres) [15.4.2],,Land Cover: Permanent snow and glaciers,Square kilometers,Estimated value,Estimated,FAO estimate,Food and Agriculture Organization of the United Nations (FAO),,0
2021,E,E,FAO estimate,Food and Agriculture Organization of the United Nations (FAO),Mountain green cover area (square kilometres) [15.4.2],,Land Cover: Permanent snow and glaciers,Square kilometers,Estimated value,Estimated,FAO estimate,Food and Agriculture Organization of the United Nations (FAO),,0
2000,E,E,FAO estimate,Food and Agriculture Organization of the United Nations (FAO),Mountain green cover area (square kilometres) [15.4.2],,"Land Cover: Shrubs and/or herbaceous vegetation, aquatic or regularly flooded",Square kilometers,Estimated value,Estimated,FAO estimate,Food and Agriculture Organization of the United Nations (FAO),,733
2005,E,E,FAO estimate,Food and Agriculture Organization of the United Nations (FAO),Mountain green cover area (square kilometres) [15.4.2],,"Land Cover: Shrubs and/or herbaceous vegetation, aquatic or regularly flooded",Square kilometers,Estimated value,Estimated,FAO estimate,Food and Agriculture Organization of the United Nations (FAO),,718.1
2010,E,E,FAO estimate,Food and Agriculture Organization of the United Nations (FAO),Mountain green cover area (square kilometres) [15.4.2],,"Land Cover: Shrubs and/or herbaceous vegetation, aquatic or regularly flooded",Square kilometers,Estimated value,Estimated,FAO estimate,Food and Agriculture Organization of the United Nations (FAO),,702.5
2015,E,E,FAO estimate,Food and Agriculture Organization of the United Nations (FAO),Mountain green cover area (square kilometres) [15.4.2],,"Land Cover: Shrubs and/or herbaceous vegetation, aquatic or regularly flooded",Square kilometers,Estimated value,Estimated,FAO estimate,Food and Agriculture Organization of the United Nations (FAO),,665.7
2018,E,E,FAO estimate,Food and Agriculture Organization of the United Nations (FAO),Mountain green cover area (square kilometres) [15.4.2],,"Land Cover: Shrubs and/or herbaceous vegetation, aquatic or regularly flooded",Square kilometers,Estimated value,Estimated,FAO estimate,Food and Agriculture Organization of the United Nations (FAO),,635.4
2021,E,E,FAO estimate,Food and Agriculture Organization of the United Nations (FAO),Mountain green cover area (square kilometres) [15.4.2],,"Land Cover: Shrubs and/or herbaceous vegetation, aquatic or regularly flooded",Square kilometers,Estimated value,Estimated,FAO estimate,Food and Agriculture Organization of the United Nations (FAO),,615.2
2000,E,E,FAO estimate,Food and Agriculture Organization of the United Nations (FAO),Mountain green cover area (square kilometres) [15.4.2],,Land Cover: Shrub-covered areas,Square kilometers,Estimated value,Estimated,FAO estimate,Food and Agriculture Organization of the United Nations (FAO),,2853.4
2005,E,E,FAO estimate,Food and Agriculture Organization of the United Nations (FAO),Mountain green cover area (square kilometres) [15.4.2],,Land Cover: Shrub-covered areas,Square kilometers,Estimated value,Estimated,FAO estimate,Food and Agriculture Organization of the United Nations (FAO),,2916
2010,E,E,FAO estimate,Food and Agriculture Organization of the United Nations (FAO),Mountain green cover area (square kilometres) [15.4.2],,Land Cover: Shrub-covered areas,Square kilometers,Estimated value,Estimated,FAO estimate,Food and Agriculture Organization of the United Nations (FAO),,2823.8
2015,E,E,FAO estimate,Food and Agriculture Organization of the United Nations (FAO),Mountain green cover area (square kilometres) [15.4.2],,Land Cover: Shrub-covered areas,Square kilometers,Estimated value,Estimated,FAO estimate,Food and Agriculture Organization of the United Nations (FAO),,2702.4
2018,E,E,FAO estimate,Food and Agriculture Organization of the United Nations (FAO),Mountain green cover area (square kilometres) [15.4.2],,Land Cover: Shrub-covered areas,Square kilometers,Estimated value,Estimated,FAO estimate,Food and Agriculture Organization of the United Nations (FAO),,2662.8
2021,E,E,FAO estimate,Food and Agriculture Organization of the United Nations (FAO),Mountain green cover area (square kilometres) [15.4.2],,Land Cover: Shrub-covered areas,Square kilometers,Estimated value,Estimated,FAO estimate,Food and Agriculture Organization of the United Nations (FAO),,2636.3
2000,E,E,FAO estimate,Food and Agriculture Organization of the United Nations (FAO),Mountain green cover area (square kilometres) [15.4.2],,Land Cover: Sparsely natural vegetated areas,Square kilometers,Estimated value,Estimated,FAO estimate,Food and Agriculture Organization of the United Nations (FAO),,1716.8
2005,E,E,FAO estimate,Food and Agriculture Organization of the United Nations (FAO),Mountain green cover area (square kilometres) [15.4.2],,Land Cover: Sparsely natural vegetated areas,Square kilometers,Estimated value,Estimated,FAO estimate,Food and Agriculture Organization of the United Nations (FAO),,1739.4
2010,E,E,FAO estimate,Food and Agriculture Organization of the United Nations (FAO),Mountain green cover area (square kilometres) [15.4.2],,Land Cover: Sparsely natural vegetated areas,Square kilometers,Estimated value,Estimated,FAO estimate,Food and Agriculture Organization of the United Nations (FAO),,1773.9
2015,E,E,FAO estimate,Food and Agriculture Organization of the United Nations (FAO),Mountain green cover area (square kilometres) [15.4.2],,Land Cover: Sparsely natural vegetated areas,Square kilometers,Estimated value,Estimated,FAO estimate,Food and Agriculture Organization of the United Nations (FAO),,1787.7
2018,E,E,FAO estimate,Food and Agriculture Organization of the United Nations (FAO),Mountain green cover area (square kilometres) [15.4.2],,Land Cover: Sparsely natural vegetated areas,Square kilometers,Estimated value,Estimated,FAO estimate,Food and Agriculture Organization of the United Nations (FAO),,1840.3
2021,E,E,FAO estimate,Food and Agriculture Organization of the United Nations (FAO),Mountain green cover area (square kilometres) [15.4.2],,Land Cover: Sparsely natural vegetated areas,Square kilometers,Estimated value,Estimated,FAO estimate,Food and Agriculture Organization of the United Nations (FAO),,1875.4
2000,E,E,FAO estimate,Food and Agriculture Organization of the United Nations (FAO),Mountain green cover area (square kilometres) [15.4.2],,Land Cover: Terrestrial barren land,Square kilometers,Estimated value,Estimated,FAO estimate,Food and Agriculture Organization of the United Nations (FAO),,1219.3
2005,E,E,FAO estimate,Food and Agriculture Organization of the United Nations (FAO),Mountain green cover area (square kilometres) [15.4.2],,Land Cover: Terrestrial barren land,Square kilometers,Estimated value,Estimated,FAO estimate,Food and Agriculture Organization of the United Nations (FAO),,1211
2010,E,E,FAO estimate,Food and Agriculture Organization of the United Nations (FAO),Mountain green cover area (square kilometres) [15.4.2],,Land Cover: Terrestrial barren land,Square kilometers,Estimated value,Estimated,FAO estimate,Food and Agriculture Organization of the United Nations (FAO),,1209.3
2015,E,E,FAO estimate,Food and Agriculture Organization of the United Nations (FAO),Mountain green cover area (square kilometres) [15.4.2],,Land Cover: Terrestrial barren land,Square kilometers,Estimated value,Estimated,FAO estimate,Food and Agriculture Organization of the United Nations (FAO),,1213.7
2018,E,E,FAO estimate,Food and Agriculture Organization of the United Nations (FAO),Mountain green cover area (square kilometres) [15.4.2],,Land Cover: Terrestrial barren land,Square kilometers,Estimated value,Estimated,FAO estimate,Food and Agriculture Organization of the United Nations (FAO),,1238.4
2021,E,E,FAO estimate,Food and Agriculture Organization of the United Nations (FAO),Mountain green cover area (square kilometres) [15.4.2],,Land Cover: Terrestrial barren land,Square kilometers,Estimated value,Estimated,FAO estimate,Food and Agriculture Organization of the United Nations (FAO),,1254.8
2000,E,E,FAO estimate,Food and Agriculture Organization of the United Nations (FAO),Mountain green cover area (square kilometres) [15.4.2],,Land Cover: Tree-covered areas,Square kilometers,Estimated value,Estimated,FAO estimate,Food and Agriculture Organization of the United Nations (FAO),,23036.1
2005,E,E,FAO estimate,Food and Agriculture Organization of the United Nations (FAO),Mountain green cover area (square kilometres) [15.4.2],,Land Cover: Tree-covered areas,Square kilometers,Estimated value,Estimated,FAO estimate,Food and Agriculture Organization of the United Nations (FAO),,22636.6
2010,E,E,FAO estimate,Food and Agriculture Organization of the United Nations (FAO),Mountain green cover area (square kilometres) [15.4.2],,Land Cover: Tree-covered areas,Square kilometers,Estimated value,Estimated,FAO estimate,Food and Agriculture Organization of the United Nations (FAO),,22244.8
2015,E,E,FAO estimate,Food and Agriculture Organization of the United Nations (FAO),Mountain green cover area (square kilometres) [15.4.2],,Land Cover: Tree-covered areas,Square kilometers,Estimated value,Estimated,FAO estimate,Food and Agriculture Organization of the United Nations (FAO),,21797.8
2018,E,E,FAO estimate,Food and Agriculture Organization of the United Nations (FAO),Mountain green cover area (square kilometres) [15.4.2],,Land Cover: Tree-covered areas,Square kilometers,Estimated value,Estimated,FAO estimate,Food and Agriculture Organization of the United Nations (FAO),,21634.1
2021,E,E,FAO estimate,Food and Agriculture Organization of the United Nations (FAO),Mountain green cover area (square kilometres) [15.4.2],,Land Cover: Tree-covered areas,Square kilometers,Estimated value,Estimated,FAO estimate,Food and Agriculture Organization of the United Nations (FAO),,21524.9
2000,M,N,NaN = Not relevant,NA,Mountain green cover area (square kilometres) [15.4.2],Custom code 01,Land Cover: Artificial surfaces,Square kilometers,Missing value; data cannot exist,Non-relevant,NaN = Not relevant,NA,Nival,NaN
2005,M,N,NaN = Not relevant,NA,Mountain green cover area (square kilometres) [15.4.2],Custom code 01,Land Cover: Artificial surfaces,Square kilometers,Missing value; data cannot exist,Non-relevant,NaN = Not relevant,NA,Nival,NaN
2010,M,N,NaN = Not relevant,NA,Mountain green cover area (square kilometres) [15.4.2],Custom code 01,Land Cover: Artificial surfaces,Square kilometers,Missing value; data cannot exist,Non-relevant,NaN = Not relevant,NA,Nival,NaN
2015,M,N,NaN = Not relevant,NA,Mountain green cover area (square kilometres) [15.4.2],Custom code 01,Land Cover: Artificial surfaces,Square kilometers,Missing value; data cannot exist,Non-relevant,NaN = Not relevant,NA,Nival,NaN
2018,M,N,NaN = Not relevant,NA,Mountain green cover area (square kilometres) [15.4.2],Custom code 01,Land Cover: Artificial surfaces,Square kilometers,Missing value; data cannot exist,Non-relevant,NaN = Not relevant,NA,Nival,NaN
2021,M,N,NaN = Not relevant,NA,Mountain green cover area (square kilometres) [15.4.2],Custom code 01,Land Cover: Artificial surfaces,Square kilometers,Missing value; data cannot exist,Non-relevant,NaN = Not relevant,NA,Nival,NaN
2000,M,N,NaN = Not relevant,NA,Mountain green cover area (square kilometres) [15.4.2],Custom code 01,Land Cover: Croplands,Square kilometers,Missing value; data cannot exist,Non-relevant,NaN = Not relevant,NA,Nival,NaN
2005,M,N,NaN = Not relevant,NA,Mountain green cover area (square kilometres) [15.4.2],Custom code 01,Land Cover: Croplands,Square kilometers,Missing value; data cannot exist,Non-relevant,NaN = Not relevant,NA,Nival,NaN
2010,M,N,NaN = Not relevant,NA,Mountain green cover area (square kilometres) [15.4.2],Custom code 01,Land Cover: Croplands,Square kilometers,Missing value; data cannot exist,Non-relevant,NaN = Not relevant,NA,Nival,NaN
2015,M,N,NaN = Not relevant,NA,Mountain green cover area (square kilometres) [15.4.2],Custom code 01,Land Cover: Croplands,Square kilometers,Missing value; data cannot exist,Non-relevant,NaN = Not relevant,NA,Nival,NaN
2018,M,N,NaN = Not relevant,NA,Mountain green cover area (square kilometres) [15.4.2],Custom code 01,Land Cover: Croplands,Square kilometers,Missing value; data cannot exist,Non-relevant,NaN = Not relevant,NA,Nival,NaN
2021,M,N,NaN = Not relevant,NA,Mountain green cover area (square kilometres) [15.4.2],Custom code 01,Land Cover: Croplands,Square kilometers,Missing value; data cannot exist,Non-relevant,NaN = Not relevant,NA,Nival,NaN
2000,M,N,NaN = Not relevant,NA,Mountain green cover area (square kilometres) [15.4.2],Custom code 01,Land Cover: Grassland,Square kilometers,Missing value; data cannot exist,Non-relevant,NaN = Not relevant,NA,Nival,NaN
2005,M,N,NaN = Not relevant,NA,Mountain green cover area (square kilometres) [15.4.2],Custom code 01,Land Cover: Grassland,Square kilometers,Missing value; data cannot exist,Non-relevant,NaN = Not relevant,NA,Nival,NaN
2010,M,N,NaN = Not relevant,NA,Mountain green cover area (square kilometres) [15.4.2],Custom code 01,Land Cover: Grassland,Square kilometers,Missing value; data cannot exist,Non-relevant,NaN = Not relevant,NA,Nival,NaN
2015,M,N,NaN = Not relevant,NA,Mountain green cover area (square kilometres) [15.4.2],Custom code 01,Land Cover: Grassland,Square kilometers,Missing value; data cannot exist,Non-relevant,NaN = Not relevant,NA,Nival,NaN
2018,M,N,NaN = Not relevant,NA,Mountain green cover area (square kilometres) [15.4.2],Custom code 01,Land Cover: Grassland,Square kilometers,Missing value; data cannot exist,Non-relevant,NaN = Not relevant,NA,Nival,NaN
2021,M,N,NaN = Not relevant,NA,Mountain green cover area (square kilometres) [15.4.2],Custom code 01,Land Cover: Grassland,Square kilometers,Missing value; data cannot exist,Non-relevant,NaN = Not relevant,NA,Nival,NaN
2000,M,N,NaN = Not relevant,NA,Mountain green cover area (square kilometres) [15.4.2],Custom code 01,Land Cover: Inland water bodies,Square kilometers,Missing value; data cannot exist,Non-relevant,NaN = Not relevant,NA,Nival,NaN
2005,M,N,NaN = Not relevant,NA,Mountain green cover area (square kilometres) [15.4.2],Custom code 01,Land Cover: Inland water bodies,Square kilometers,Missing value; data cannot exist,Non-relevant,NaN = Not relevant,NA,Nival,NaN
2010,M,N,NaN = Not relevant,NA,Mountain green cover area (square kilometres) [15.4.2],Custom code 01,Land Cover: Inland water bodies,Square kilometers,Missing value; data cannot exist,Non-relevant,NaN = Not relevant,NA,Nival,NaN
2015,M,N,NaN = Not relevant,NA,Mountain green cover area (square kilometres) [15.4.2],Custom code 01,Land Cover: Inland water bodies,Square kilometers,Missing value; data cannot exist,Non-relevant,NaN = Not relevant,NA,Nival,NaN
2018,M,N,NaN = Not relevant,NA,Mountain green cover area (square kilometres) [15.4.2],Custom code 01,Land Cover: Inland water bodies,Square kilometers,Missing value; data cannot exist,Non-relevant,NaN = Not relevant,NA,Nival,NaN
2021,M,N,NaN = Not relevant,NA,Mountain green cover area (square kilometres) [15.4.2],Custom code 01,Land Cover: Inland water bodies,Square kilometers,Missing value; data cannot exist,Non-relevant,NaN = Not relevant,NA,Nival,NaN
2000,M,N,NaN = Not relevant,NA,Mountain green cover area (square kilometres) [15.4.2],Custom code 01,Land Cover: MGCI,Square kilometers,Missing value; data cannot exist,Non-relevant,NaN = Not relevant,NA,Nival,NaN
2005,M,N,NaN = Not relevant,NA,Mountain green cover area (square kilometres) [15.4.2],Custom code 01,Land Cover: MGCI,Square kilometers,Missing value; data cannot exist,Non-relevant,NaN = Not relevant,NA,Nival,NaN
2010,M,N,NaN = Not relevant,NA,Mountain green cover area (square kilometres) [15.4.2],Custom code 01,Land Cover: MGCI,Square kilometers,Missing value; data cannot exist,Non-relevant,NaN = Not relevant,NA,Nival,NaN
2015,M,N,NaN = Not relevant,NA,Mountain green cover area (square kilometres) [15.4.2],Custom code 01,Land Cover: MGCI,Square kilometers,Missing value; data cannot exist,Non-relevant,NaN = Not relevant,NA,Nival,NaN
2018,M,N,NaN = Not relevant,NA,Mountain green cover area (square kilometres) [15.4.2],Custom code 01,Land Cover: MGCI,Square kilometers,Missing value; data cannot exist,Non-relevant,NaN = Not relevant,NA,Nival,NaN
2021,M,N,NaN = Not relevant,NA,Mountain green cover area (square kilometres) [15.4.2],Custom code 01,Land Cover: MGCI,Square kilometers,Missing value; data cannot exist,Non-relevant,NaN = Not relevant,NA,Nival,NaN
2000,M,N,NaN = Not relevant,NA,Mountain green cover area (square kilometres) [15.4.2],Custom code 01,Land Cover: Permanent snow and glaciers,Square kilometers,Missing value; data cannot exist,Non-relevant,NaN = Not relevant,NA,Nival,NaN
2005,M,N,NaN = Not relevant,NA,Mountain green cover area (square kilometres) [15.4.2],Custom code 01,Land Cover: Permanent snow and glaciers,Square kilometers,Missing value; data cannot exist,Non-relevant,NaN = Not relevant,NA,Nival,NaN
2010,M,N,NaN = Not relevant,NA,Mountain green cover area (square kilometres) [15.4.2],Custom code 01,Land Cover: Permanent snow and glaciers,Square kilometers,Missing value; data cannot exist,Non-relevant,NaN = Not relevant,NA,Nival,NaN
2015,M,N,NaN = Not relevant,NA,Mountain green cover area (square kilometres) [15.4.2],Custom code 01,Land Cover: Permanent snow and glaciers,Square kilometers,Missing value; data cannot exist,Non-relevant,NaN = Not relevant,NA,Nival,NaN
2018,M,N,NaN = Not relevant,NA,Mountain green cover area (square kilometres) [15.4.2],Custom code 01,Land Cover: Permanent snow and glaciers,Square kilometers,Missing value; data cannot exist,Non-relevant,NaN = Not relevant,NA,Nival,NaN
2021,M,N,NaN = Not relevant,NA,Mountain green cover area (square kilometres) [15.4.2],Custom code 01,Land Cover: Permanent snow and glaciers,Square kilometers,Missing value; data cannot exist,Non-relevant,NaN = Not relevant,NA,Nival,NaN
2000,M,N,NaN = Not relevant,NA,Mountain green cover area (square kilometres) [15.4.2],Custom code 01,"Land Cover: Shrubs and/or herbaceous vegetation, aquatic or regularly flooded",Square kilometers,Missing value; data cannot exist,Non-relevant,NaN = Not relevant,NA,Nival,NaN
2005,M,N,NaN = Not relevant,NA,Mountain green cover area (square kilometres) [15.4.2],Custom code 01,"Land Cover: Shrubs and/or herbaceous vegetation, aquatic or regularly flooded",Square kilometers,Missing value; data cannot exist,Non-relevant,NaN = Not relevant,NA,Nival,NaN
2010,M,N,NaN = Not relevant,NA,Mountain green cover area (square kilometres) [15.4.2],Custom code 01,"Land Cover: Shrubs and/or herbaceous vegetation, aquatic or regularly flooded",Square kilometers,Missing value; data cannot exist,Non-relevant,NaN = Not relevant,NA,Nival,NaN
2015,M,N,NaN = Not relevant,NA,Mountain green cover area (square kilometres) [15.4.2],Custom code 01,"Land Cover: Shrubs and/or herbaceous vegetation, aquatic or regularly flooded",Square kilometers,Missing value; data cannot exist,Non-relevant,NaN = Not relevant,NA,Nival,NaN
2018,M,N,NaN = Not relevant,NA,Mountain green cover area (square kilometres) [15.4.2],Custom code 01,"Land Cover: Shrubs and/or herbaceous vegetation, aquatic or regularly flooded",Square kilometers,Missing value; data cannot exist,Non-relevant,NaN = Not relevant,NA,Nival,NaN
2021,M,N,NaN = Not relevant,NA,Mountain green cover area (square kilometres) [15.4.2],Custom code 01,"Land Cover: Shrubs and/or herbaceous vegetation, aquatic or regularly flooded",Square kilometers,Missing value; data cannot exist,Non-relevant,NaN = Not relevant,NA,Nival,NaN
2000,M,N,NaN = Not relevant,NA,Mountain green cover area (square kilometres) [15.4.2],Custom code 01,Land Cover: Shrub-covered areas,Square kilometers,Missing value; data cannot exist,Non-relevant,NaN = Not relevant,NA,Nival,NaN
2005,M,N,NaN = Not relevant,NA,Mountain green cover area (square kilometres) [15.4.2],Custom code 01,Land Cover: Shrub-covered areas,Square kilometers,Missing value; data cannot exist,Non-relevant,NaN = Not relevant,NA,Nival,NaN
2010,M,N,NaN = Not relevant,NA,Mountain green cover area (square kilometres) [15.4.2],Custom code 01,Land Cover: Shrub-covered areas,Square kilometers,Missing value; data cannot exist,Non-relevant,NaN = Not relevant,NA,Nival,NaN
2015,M,N,NaN = Not relevant,NA,Mountain green cover area (square kilometres) [15.4.2],Custom code 01,Land Cover: Shrub-covered areas,Square kilometers,Missing value; data cannot exist,Non-relevant,NaN = Not relevant,NA,Nival,NaN
2018,M,N,NaN = Not relevant,NA,Mountain green cover area (square kilometres) [15.4.2],Custom code 01,Land Cover: Shrub-covered areas,Square kilometers,Missing value; data cannot exist,Non-relevant,NaN = Not relevant,NA,Nival,NaN
2021,M,N,NaN = Not relevant,NA,Mountain green cover area (square kilometres) [15.4.2],Custom code 01,Land Cover: Shrub-covered areas,Square kilometers,Missing value; data cannot exist,Non-relevant,NaN = Not relevant,NA,Nival,NaN
2000,M,N,NaN = Not relevant,NA,Mountain green cover area (square kilometres) [15.4.2],Custom code 01,Land Cover: Sparsely natural vegetated areas,Square kilometers,Missing value; data cannot exist,Non-relevant,NaN = Not relevant,NA,Nival,NaN
2005,M,N,NaN = Not relevant,NA,Mountain green cover area (square kilometres) [15.4.2],Custom code 01,Land Cover: Sparsely natural vegetated areas,Square kilometers,Missing value; data cannot exist,Non-relevant,NaN = Not relevant,NA,Nival,NaN
2010,M,N,NaN = Not relevant,NA,Mountain green cover area (square kilometres) [15.4.2],Custom code 01,Land Cover: Sparsely natural vegetated areas,Square kilometers,Missing value; data cannot exist,Non-relevant,NaN = Not relevant,NA,Nival,NaN
2015,M,N,NaN = Not relevant,NA,Mountain green cover area (square kilometres) [15.4.2],Custom code 01,Land Cover: Sparsely natural vegetated areas,Square kilometers,Missing value; data cannot exist,Non-relevant,NaN = Not relevant,NA,Nival,NaN
2018,M,N,NaN = Not relevant,NA,Mountain green cover area (square kilometres) [15.4.2],Custom code 01,Land Cover: Sparsely natural vegetated areas,Square kilometers,Missing value; data cannot exist,Non-relevant,NaN = Not relevant,NA,Nival,NaN
2021,M,N,NaN = Not relevant,NA,Mountain green cover area (square kilometres) [15.4.2],Custom code 01,Land Cover: Sparsely natural vegetated areas,Square kilometers,Missing value; data cannot exist,Non-relevant,NaN = Not relevant,NA,Nival,NaN
2000,M,N,NaN = Not relevant,NA,Mountain green cover area (square kilometres) [15.4.2],Custom code 01,Land Cover: Terrestrial barren land,Square kilometers,Missing value; data cannot exist,Non-relevant,NaN = Not relevant,NA,Nival,NaN
2005,M,N,NaN = Not relevant,NA,Mountain green cover area (square kilometres) [15.4.2],Custom code 01,Land Cover: Terrestrial barren land,Square kilometers,Missing value; data cannot exist,Non-relevant,NaN = Not relevant,NA,Nival,NaN
2010,M,N,NaN = Not relevant,NA,Mountain green cover area (square kilometres) [15.4.2],Custom code 01,Land Cover: Terrestrial barren land,Square kilometers,Missing value; data cannot exist,Non-relevant,NaN = Not relevant,NA,Nival,NaN
2015,M,N,NaN = Not relevant,NA,Mountain green cover area (square kilometres) [15.4.2],Custom code 01,Land Cover: Terrestrial barren land,Square kilometers,Missing value; data cannot exist,Non-relevant,NaN = Not relevant,NA,Nival,NaN
2018,M,N,NaN = Not relevant,NA,Mountain green cover area (square kilometres) [15.4.2],Custom code 01,Land Cover: Terrestrial barren land,Square kilometers,Missing value; data cannot exist,Non-relevant,NaN = Not relevant,NA,Nival,NaN
2021,M,N,NaN = Not relevant,NA,Mountain green cover area (square kilometres) [15.4.2],Custom code 01,Land Cover: Terrestrial barren land,Square kilometers,Missing value; data cannot exist,Non-relevant,NaN = Not relevant,NA,Nival,NaN
2000,M,N,NaN = Not relevant,NA,Mountain green cover area (square kilometres) [15.4.2],Custom code 01,Land Cover: Tree-covered areas,Square kilometers,Missing value; data cannot exist,Non-relevant,NaN = Not relevant,NA,Nival,NaN
2005,M,N,NaN = Not relevant,NA,Mountain green cover area (square kilometres) [15.4.2],Custom code 01,Land Cover: Tree-covered areas,Square kilometers,Missing value; data cannot exist,Non-relevant,NaN = Not relevant,NA,Nival,NaN
2010,M,N,NaN = Not relevant,NA,Mountain green cover area (square kilometres) [15.4.2],Custom code 01,Land Cover: Tree-covered areas,Square kilometers,Missing value; data cannot exist,Non-relevant,NaN = Not relevant,NA,Nival,NaN
2015,M,N,NaN = Not relevant,NA,Mountain green cover area (square kilometres) [15.4.2],Custom code 01,Land Cover: Tree-covered areas,Square kilometers,Missing value; data cannot exist,Non-relevant,NaN = Not relevant,NA,Nival,NaN
2018,M,N,NaN = Not relevant,NA,Mountain green cover area (square kilometres) [15.4.2],Custom code 01,Land Cover: Tree-covered areas,Square kilometers,Missing value; data cannot exist,Non-relevant,NaN = Not relevant,NA,Nival,NaN
2021,M,N,NaN = Not relevant,NA,Mountain green cover area (square kilometres) [15.4.2],Custom code 01,Land Cover: Tree-covered areas,Square kilometers,Missing value; data cannot exist,Non-relevant,NaN = Not relevant,NA,Nival,NaN
2000,E,E,FAO estimate,Food and Agriculture Organization of the United Nations (FAO),Mountain green cover area (square kilometres) [15.4.2],Custom code 02,Land Cover: Artificial surfaces,Square kilometers,Estimated value,Estimated,FAO estimate,Food and Agriculture Organization of the United Nations (FAO),Alpine,0
2005,E,E,FAO estimate,Food and Agriculture Organization of the United Nations (FAO),Mountain green cover area (square kilometres) [15.4.2],Custom code 02,Land Cover: Artificial surfaces,Square kilometers,Estimated value,Estimated,FAO estimate,Food and Agriculture Organization of the United Nations (FAO),Alpine,0
2010,E,E,FAO estimate,Food and Agriculture Organization of the United Nations (FAO),Mountain green cover area (square kilometres) [15.4.2],Custom code 02,Land Cover: Artificial surfaces,Square kilometers,Estimated value,Estimated,FAO estimate,Food and Agriculture Organization of the United Nations (FAO),Alpine,0
2015,E,E,FAO estimate,Food and Agriculture Organization of the United Nations (FAO),Mountain green cover area (square kilometres) [15.4.2],Custom code 02,Land Cover: Artificial surfaces,Square kilometers,Estimated value,Estimated,FAO estimate,Food and Agriculture Organization of the United Nations (FAO),Alpine,0
2018,E,E,FAO estimate,Food and Agriculture Organization of the United Nations (FAO),Mountain green cover area (square kilometres) [15.4.2],Custom code 02,Land Cover: Artificial surfaces,Square kilometers,Estimated value,Estimated,FAO estimate,Food and Agriculture Organization of the United Nations (FAO),Alpine,0
2021,E,E,FAO estimate,Food and Agriculture Organization of the United Nations (FAO),Mountain green cover area (square kilometres) [15.4.2],Custom code 02,Land Cover: Artificial surfaces,Square kilometers,Estimated value,Estimated,FAO estimate,Food and Agriculture Organization of the United Nations (FAO),Alpine,0
2000,E,E,FAO estimate,Food and Agriculture Organization of the United Nations (FAO),Mountain green cover area (square kilometres) [15.4.2],Custom code 02,Land Cover: Croplands,Square kilometers,Estimated value,Estimated,FAO estimate,Food and Agriculture Organization of the United Nations (FAO),Alpine,0
2005,E,E,FAO estimate,Food and Agriculture Organization of the United Nations (FAO),Mountain green cover area (square kilometres) [15.4.2],Custom code 02,Land Cover: Croplands,Square kilometers,Estimated value,Estimated,FAO estimate,Food and Agriculture Organization of the United Nations (FAO),Alpine,0
2010,E,E,FAO estimate,Food and Agriculture Organization of the United Nations (FAO),Mountain green cover area (square kilometres) [15.4.2],Custom code 02,Land Cover: Croplands,Square kilometers,Estimated value,Estimated,FAO estimate,Food and Agriculture Organization of the United Nations (FAO),Alpine,0
2015,E,E,FAO estimate,Food and Agriculture Organization of the United Nations (FAO),Mountain green cover area (square kilometres) [15.4.2],Custom code 02,Land Cover: Croplands,Square kilometers,Estimated value,Estimated,FAO estimate,Food and Agriculture Organization of the United Nations (FAO),Alpine,0
2018,E,E,FAO estimate,Food and Agriculture Organization of the United Nations (FAO),Mountain green cover area (square kilometres) [15.4.2],Custom code 02,Land Cover: Croplands,Square kilometers,Estimated value,Estimated,FAO estimate,Food and Agriculture Organization of the United Nations (FAO),Alpine,0
2021,E,E,FAO estimate,Food and Agriculture Organization of the United Nations (FAO),Mountain green cover area (square kilometres) [15.4.2],Custom code 02,Land Cover: Croplands,Square kilometers,Estimated value,Estimated,FAO estimate,Food and Agriculture Organization of the United Nations (FAO),Alpine,0
2000,E,E,FAO estimate,Food and Agriculture Organization of the United Nations (FAO),Mountain green cover area (square kilometres) [15.4.2],Custom code 02,Land Cover: Grassland,Square kilometers,Estimated value,Estimated,FAO estimate,Food and Agriculture Organization of the United Nations (FAO),Alpine,136.2
2005,E,E,FAO estimate,Food and Agriculture Organization of the United Nations (FAO),Mountain green cover area (square kilometres) [15.4.2],Custom code 02,Land Cover: Grassland,Square kilometers,Estimated value,Estimated,FAO estimate,Food and Agriculture Organization of the United Nations (FAO),Alpine,135.9
2010,E,E,FAO estimate,Food and Agriculture Organization of the United Nations (FAO),Mountain green cover area (square kilometres) [15.4.2],Custom code 02,Land Cover: Grassland,Square kilometers,Estimated value,Estimated,FAO estimate,Food and Agriculture Organization of the United Nations (FAO),Alpine,135.8
2015,E,E,FAO estimate,Food and Agriculture Organization of the United Nations (FAO),Mountain green cover area (square kilometres) [15.4.2],Custom code 02,Land Cover: Grassland,Square kilometers,Estimated value,Estimated,FAO estimate,Food and Agriculture Organization of the United Nations (FAO),Alpine,135.8
2018,E,E,FAO estimate,Food and Agriculture Organization of the United Nations (FAO),Mountain green cover area (square kilometres) [15.4.2],Custom code 02,Land Cover: Grassland,Square kilometers,Estimated value,Estimated,FAO estimate,Food and Agriculture Organization of the United Nations (FAO),Alpine,135.8
2021,E,E,FAO estimate,Food and Agriculture Organization of the United Nations (FAO),Mountain green cover area (square kilometres) [15.4.2],Custom code 02,Land Cover: Grassland,Square kilometers,Estimated value,Estimated,FAO estimate,Food and Agriculture Organization of the United Nations (FAO),Alpine,135.8
2000,E,E,FAO estimate,Food and Agriculture Organization of the United Nations (FAO),Mountain green cover area (square kilometres) [15.4.2],Custom code 02,Land Cover: Inland water bodies,Square kilometers,Estimated value,Estimated,FAO estimate,Food and Agriculture Organization of the United Nations (FAO),Alpine,0.5
2005,E,E,FAO estimate,Food and Agriculture Organization of the United Nations (FAO),Mountain green cover area (square kilometres) [15.4.2],Custom code 02,Land Cover: Inland water bodies,Square kilometers,Estimated value,Estimated,FAO estimate,Food and Agriculture Organization of the United Nations (FAO),Alpine,0.4
2010,E,E,FAO estimate,Food and Agriculture Organization of the United Nations (FAO),Mountain green cover area (square kilometres) [15.4.2],Custom code 02,Land Cover: Inland water bodies,Square kilometers,Estimated value,Estimated,FAO estimate,Food and Agriculture Organization of the United Nations (FAO),Alpine,0.5
2015,E,E,FAO estimate,Food and Agriculture Organization of the United Nations (FAO),Mountain green cover area (square kilometres) [15.4.2],Custom code 02,Land Cover: Inland water bodies,Square kilometers,Estimated value,Estimated,FAO estimate,Food and Agriculture Organization of the United Nations (FAO),Alpine,0.6
2018,E,E,FAO estimate,Food and Agriculture Organization of the United Nations (FAO),Mountain green cover area (square kilometres) [15.4.2],Custom code 02,Land Cover: Inland water bodies,Square kilometers,Estimated value,Estimated,FAO estimate,Food and Agriculture Organization of the United Nations (FAO),Alpine,0.6
2021,E,E,FAO estimate,Food and Agriculture Organization of the United Nations (FAO),Mountain green cover area (square kilometres) [15.4.2],Custom code 02,Land Cover: Inland water bodies,Square kilometers,Estimated value,Estimated,FAO estimate,Food and Agriculture Organization of the United Nations (FAO),Alpine,0.6
2000,E,E,FAO estimate,Food and Agriculture Organization of the United Nations (FAO),Mountain green cover area (square kilometres) [15.4.2],Custom code 02,Land Cover: MGCI,Square kilometers,Estimated value,Estimated,FAO estimate,Food and Agriculture Organization of the United Nations (FAO),Alpine,169.5
2005,E,E,FAO estimate,Food and Agriculture Organization of the United Nations (FAO),Mountain green cover area (square kilometres) [15.4.2],Custom code 02,Land Cover: MGCI,Square kilometers,Estimated value,Estimated,FAO estimate,Food and Agriculture Organization of the United Nations (FAO),Alpine,169.6
2010,E,E,FAO estimate,Food and Agriculture Organization of the United Nations (FAO),Mountain green cover area (square kilometres) [15.4.2],Custom code 02,Land Cover: MGCI,Square kilometers,Estimated value,Estimated,FAO estimate,Food and Agriculture Organization of the United Nations (FAO),Alpine,169.6
2015,E,E,FAO estimate,Food and Agriculture Organization of the United Nations (FAO),Mountain green cover area (square kilometres) [15.4.2],Custom code 02,Land Cover: MGCI,Square kilometers,Estimated value,Estimated,FAO estimate,Food and Agriculture Organization of the United Nations (FAO),Alpine,169.4
2018,E,E,FAO estimate,Food and Agriculture Organization of the United Nations (FAO),Mountain green cover area (square kilometres) [15.4.2],Custom code 02,Land Cover: MGCI,Square kilometers,Estimated value,Estimated,FAO estimate,Food and Agriculture Organization of the United Nations (FAO),Alpine,169.3
2021,E,E,FAO estimate,Food and Agriculture Organization of the United Nations (FAO),Mountain green cover area (square kilometres) [15.4.2],Custom code 02,Land Cover: MGCI,Square kilometers,Estimated value,Estimated,FAO estimate,Food and Agriculture Organization of the United Nations (FAO),Alpine,169.3
2000,E,E,FAO estimate,Food and Agriculture Organization of the United Nations (FAO),Mountain green cover area (square kilometres) [15.4.2],Custom code 02,Land Cover: Permanent snow and glaciers,Square kilometers,Estimated value,Estimated,FAO estimate,Food and Agriculture Organization of the United Nations (FAO),Alpine,0
2005,E,E,FAO estimate,Food and Agriculture Organization of the United Nations (FAO),Mountain green cover area (square kilometres) [15.4.2],Custom code 02,Land Cover: Permanent snow and glaciers,Square kilometers,Estimated value,Estimated,FAO estimate,Food and Agriculture Organization of the United Nations (FAO),Alpine,0
2010,E,E,FAO estimate,Food and Agriculture Organization of the United Nations (FAO),Mountain green cover area (square kilometres) [15.4.2],Custom code 02,Land Cover: Permanent snow and glaciers,Square kilometers,Estimated value,Estimated,FAO estimate,Food and Agriculture Organization of the United Nations (FAO),Alpine,0
2015,E,E,FAO estimate,Food and Agriculture Organization of the United Nations (FAO),Mountain green cover area (square kilometres) [15.4.2],Custom code 02,Land Cover: Permanent snow and glaciers,Square kilometers,Estimated value,Estimated,FAO estimate,Food and Agriculture Organization of the United Nations (FAO),Alpine,0
2018,E,E,FAO estimate,Food and Agriculture Organization of the United Nations (FAO),Mountain green cover area (square kilometres) [15.4.2],Custom code 02,Land Cover: Permanent snow and glaciers,Square kilometers,Estimated value,Estimated,FAO estimate,Food and Agriculture Organization of the United Nations (FAO),Alpine,0
2021,E,E,FAO estimate,Food and Agriculture Organization of the United Nations (FAO),Mountain green cover area (square kilometres) [15.4.2],Custom code 02,Land Cover: Permanent snow and glaciers,Square kilometers,Estimated value,Estimated,FAO estimate,Food and Agriculture Organization of the United Nations (FAO),Alpine,0
2000,E,E,FAO estimate,Food and Agriculture Organization of the United Nations (FAO),Mountain green cover area (square kilometres) [15.4.2],Custom code 02,"Land Cover: Shrubs and/or herbaceous vegetation, aquatic or regularly flooded",Square kilometers,Estimated value,Estimated,FAO estimate,Food and Agriculture Organization of the United Nations (FAO),Alpine,0
2005,E,E,FAO estimate,Food and Agriculture Organization of the United Nations (FAO),Mountain green cover area (square kilometres) [15.4.2],Custom code 02,"Land Cover: Shrubs and/or herbaceous vegetation, aquatic or regularly flooded",Square kilometers,Estimated value,Estimated,FAO estimate,Food and Agriculture Organization of the United Nations (FAO),Alpine,0
2010,E,E,FAO estimate,Food and Agriculture Organization of the United Nations (FAO),Mountain green cover area (square kilometres) [15.4.2],Custom code 02,"Land Cover: Shrubs and/or herbaceous vegetation, aquatic or regularly flooded",Square kilometers,Estimated value,Estimated,FAO estimate,Food and Agriculture Organization of the United Nations (FAO),Alpine,0
2015,E,E,FAO estimate,Food and Agriculture Organization of the United Nations (FAO),Mountain green cover area (square kilometres) [15.4.2],Custom code 02,"Land Cover: Shrubs and/or herbaceous vegetation, aquatic or regularly flooded",Square kilometers,Estimated value,Estimated,FAO estimate,Food and Agriculture Organization of the United Nations (FAO),Alpine,0
2018,E,E,FAO estimate,Food and Agriculture Organization of the United Nations (FAO),Mountain green cover area (square kilometres) [15.4.2],Custom code 02,"Land Cover: Shrubs and/or herbaceous vegetation, aquatic or regularly flooded",Square kilometers,Estimated value,Estimated,FAO estimate,Food and Agriculture Organization of the United Nations (FAO),Alpine,0
2021,E,E,FAO estimate,Food and Agriculture Organization of the United Nations (FAO),Mountain green cover area (square kilometres) [15.4.2],Custom code 02,"Land Cover: Shrubs and/or herbaceous vegetation, aquatic or regularly flooded",Square kilometers,Estimated value,Estimated,FAO estimate,Food and Agriculture Organization of the United Nations (FAO),Alpine,0
2000,E,E,FAO estimate,Food and Agriculture Organization of the United Nations (FAO),Mountain green cover area (square kilometres) [15.4.2],Custom code 02,Land Cover: Shrub-covered areas,Square kilometers,Estimated value,Estimated,FAO estimate,Food and Agriculture Organization of the United Nations (FAO),Alpine,8.5
2005,E,E,FAO estimate,Food and Agriculture Organization of the United Nations (FAO),Mountain green cover area (square kilometres) [15.4.2],Custom code 02,Land Cover: Shrub-covered areas,Square kilometers,Estimated value,Estimated,FAO estimate,Food and Agriculture Organization of the United Nations (FAO),Alpine,8.9
2010,E,E,FAO estimate,Food and Agriculture Organization of the United Nations (FAO),Mountain green cover area (square kilometres) [15.4.2],Custom code 02,Land Cover: Shrub-covered areas,Square kilometers,Estimated value,Estimated,FAO estimate,Food and Agriculture Organization of the United Nations (FAO),Alpine,8.9
2015,E,E,FAO estimate,Food and Agriculture Organization of the United Nations (FAO),Mountain green cover area (square kilometres) [15.4.2],Custom code 02,Land Cover: Shrub-covered areas,Square kilometers,Estimated value,Estimated,FAO estimate,Food and Agriculture Organization of the United Nations (FAO),Alpine,8.9
2018,E,E,FAO estimate,Food and Agriculture Organization of the United Nations (FAO),Mountain green cover area (square kilometres) [15.4.2],Custom code 02,Land Cover: Shrub-covered areas,Square kilometers,Estimated value,Estimated,FAO estimate,Food and Agriculture Organization of the United Nations (FAO),Alpine,8.7
2021,E,E,FAO estimate,Food and Agriculture Organization of the United Nations (FAO),Mountain green cover area (square kilometres) [15.4.2],Custom code 02,Land Cover: Shrub-covered areas,Square kilometers,Estimated value,Estimated,FAO estimate,Food and Agriculture Organization of the United Nations (FAO),Alpine,8.6
2000,E,E,FAO estimate,Food and Agriculture Organization of the United Nations (FAO),Mountain green cover area (square kilometres) [15.4.2],Custom code 02,Land Cover: Sparsely natural vegetated areas,Square kilometers,Estimated value,Estimated,FAO estimate,Food and Agriculture Organization of the United Nations (FAO),Alpine,0.2
2005,E,E,FAO estimate,Food and Agriculture Organization of the United Nations (FAO),Mountain green cover area (square kilometres) [15.4.2],Custom code 02,Land Cover: Sparsely natural vegetated areas,Square kilometers,Estimated value,Estimated,FAO estimate,Food and Agriculture Organization of the United Nations (FAO),Alpine,0.2
2010,E,E,FAO estimate,Food and Agriculture Organization of the United Nations (FAO),Mountain green cover area (square kilometres) [15.4.2],Custom code 02,Land Cover: Sparsely natural vegetated areas,Square kilometers,Estimated value,Estimated,FAO estimate,Food and Agriculture Organization of the United Nations (FAO),Alpine,0.2
2015,E,E,FAO estimate,Food and Agriculture Organization of the United Nations (FAO),Mountain green cover area (square kilometres) [15.4.2],Custom code 02,Land Cover: Sparsely natural vegetated areas,Square kilometers,Estimated value,Estimated,FAO estimate,Food and Agriculture Organization of the United Nations (FAO),Alpine,0.2
2018,E,E,FAO estimate,Food and Agriculture Organization of the United Nations (FAO),Mountain green cover area (square kilometres) [15.4.2],Custom code 02,Land Cover: Sparsely natural vegetated areas,Square kilometers,Estimated value,Estimated,FAO estimate,Food and Agriculture Organization of the United Nations (FAO),Alpine,0.2
2021,E,E,FAO estimate,Food and Agriculture Organization of the United Nations (FAO),Mountain green cover area (square kilometres) [15.4.2],Custom code 02,Land Cover: Sparsely natural vegetated areas,Square kilometers,Estimated value,Estimated,FAO estimate,Food and Agriculture Organization of the United Nations (FAO),Alpine,0.2
2000,E,E,FAO estimate,Food and Agriculture Organization of the United Nations (FAO),Mountain green cover area (square kilometres) [15.4.2],Custom code 02,Land Cover: Terrestrial barren land,Square kilometers,Estimated value,Estimated,FAO estimate,Food and Agriculture Organization of the United Nations (FAO),Alpine,0.3
2005,E,E,FAO estimate,Food and Agriculture Organization of the United Nations (FAO),Mountain green cover area (square kilometres) [15.4.2],Custom code 02,Land Cover: Terrestrial barren land,Square kilometers,Estimated value,Estimated,FAO estimate,Food and Agriculture Organization of the United Nations (FAO),Alpine,0.3
2010,E,E,FAO estimate,Food and Agriculture Organization of the United Nations (FAO),Mountain green cover area (square kilometres) [15.4.2],Custom code 02,Land Cover: Terrestrial barren land,Square kilometers,Estimated value,Estimated,FAO estimate,Food and Agriculture Organization of the United Nations (FAO),Alpine,0.3
2015,E,E,FAO estimate,Food and Agriculture Organization of the United Nations (FAO),Mountain green cover area (square kilometres) [15.4.2],Custom code 02,Land Cover: Terrestrial barren land,Square kilometers,Estimated value,Estimated,FAO estimate,Food and Agriculture Organization of the United Nations (FAO),Alpine,0.3
2018,E,E,FAO estimate,Food and Agriculture Organization of the United Nations (FAO),Mountain green cover area (square kilometres) [15.4.2],Custom code 02,Land Cover: Terrestrial barren land,Square kilometers,Estimated value,Estimated,FAO estimate,Food and Agriculture Organization of the United Nations (FAO),Alpine,0.4
2021,E,E,FAO estimate,Food and Agriculture Organization of the United Nations (FAO),Mountain green cover area (square kilometres) [15.4.2],Custom code 02,Land Cover: Terrestrial barren land,Square kilometers,Estimated value,Estimated,FAO estimate,Food and Agriculture Organization of the United Nations (FAO),Alpine,0.4
2000,E,E,FAO estimate,Food and Agriculture Organization of the United Nations (FAO),Mountain green cover area (square kilometres) [15.4.2],Custom code 02,Land Cover: Tree-covered areas,Square kilometers,Estimated value,Estimated,FAO estimate,Food and Agriculture Organization of the United Nations (FAO),Alpine,24.9
2005,E,E,FAO estimate,Food and Agriculture Organization of the United Nations (FAO),Mountain green cover area (square kilometres) [15.4.2],Custom code 02,Land Cover: Tree-covered areas,Square kilometers,Estimated value,Estimated,FAO estimate,Food and Agriculture Organization of the United Nations (FAO),Alpine,24.8
2010,E,E,FAO estimate,Food and Agriculture Organization of the United Nations (FAO),Mountain green cover area (square kilometres) [15.4.2],Custom code 02,Land Cover: Tree-covered areas,Square kilometers,Estimated value,Estimated,FAO estimate,Food and Agriculture Organization of the United Nations (FAO),Alpine,24.9
2015,E,E,FAO estimate,Food and Agriculture Organization of the United Nations (FAO),Mountain green cover area (square kilometres) [15.4.2],Custom code 02,Land Cover: Tree-covered areas,Square kilometers,Estimated value,Estimated,FAO estimate,Food and Agriculture Organization of the United Nations (FAO),Alpine,24.7
2018,E,E,FAO estimate,Food and Agriculture Organization of the United Nations (FAO),Mountain green cover area (square kilometres) [15.4.2],Custom code 02,Land Cover: Tree-covered areas,Square kilometers,Estimated value,Estimated,FAO estimate,Food and Agriculture Organization of the United Nations (FAO),Alpine,24.8
2021,E,E,FAO estimate,Food and Agriculture Organization of the United Nations (FAO),Mountain green cover area (square kilometres) [15.4.2],Custom code 02,Land Cover: Tree-covered areas,Square kilometers,Estimated value,Estimated,FAO estimate,Food and Agriculture Organization of the United Nations (FAO),Alpine,24.8
2000,E,E,FAO estimate,Food and Agriculture Organization of the United Nations (FAO),Mountain green cover area (square kilometres) [15.4.2],Custom code 03,Land Cover: Artificial surfaces,Square kilometers,Estimated value,Estimated,FAO estimate,Food and Agriculture Organization of the United Nations (FAO),Montane,323.4
2005,E,E,FAO estimate,Food and Agriculture Organization of the United Nations (FAO),Mountain green cover area (square kilometres) [15.4.2],Custom code 03,Land Cover: Artificial surfaces,Square kilometers,Estimated value,Estimated,FAO estimate,Food and Agriculture Organization of the United Nations (FAO),Montane,340.2
2010,E,E,FAO estimate,Food and Agriculture Organization of the United Nations (FAO),Mountain green cover area (square kilometres) [15.4.2],Custom code 03,Land Cover: Artificial surfaces,Square kilometers,Estimated value,Estimated,FAO estimate,Food and Agriculture Organization of the United Nations (FAO),Montane,345.3
2015,E,E,FAO estimate,Food and Agriculture Organization of the United Nations (FAO),Mountain green cover area (square kilometres) [15.4.2],Custom code 03,Land Cover: Artificial surfaces,Square kilometers,Estimated value,Estimated,FAO estimate,Food and Agriculture Organization of the United Nations (FAO),Montane,368.1
2018,E,E,FAO estimate,Food and Agriculture Organization of the United Nations (FAO),Mountain green cover area (square kilometres) [15.4.2],Custom code 03,Land Cover: Artificial surfaces,Square kilometers,Estimated value,Estimated,FAO estimate,Food and Agriculture Organization of the United Nations (FAO),Montane,430.4
2021,E,E,FAO estimate,Food and Agriculture Organization of the United Nations (FAO),Mountain green cover area (square kilometres) [15.4.2],Custom code 03,Land Cover: Artificial surfaces,Square kilometers,Estimated value,Estimated,FAO estimate,Food and Agriculture Organization of the United Nations (FAO),Montane,471.9
2000,E,E,FAO estimate,Food and Agriculture Organization of the United Nations (FAO),Mountain green cover area (square kilometres) [15.4.2],Custom code 03,Land Cover: Croplands,Square kilometers,Estimated value,Estimated,FAO estimate,Food and Agriculture Organization of the United Nations (FAO),Montane,3744.5
2005,E,E,FAO estimate,Food and Agriculture Organization of the United Nations (FAO),Mountain green cover area (square kilometres) [15.4.2],Custom code 03,Land Cover: Croplands,Square kilometers,Estimated value,Estimated,FAO estimate,Food and Agriculture Organization of the United Nations (FAO),Montane,3968.4
2010,E,E,FAO estimate,Food and Agriculture Organization of the United Nations (FAO),Mountain green cover area (square kilometres) [15.4.2],Custom code 03,Land Cover: Croplands,Square kilometers,Estimated value,Estimated,FAO estimate,Food and Agriculture Organization of the United Nations (FAO),Montane,4158
2015,E,E,FAO estimate,Food and Agriculture Organization of the United Nations (FAO),Mountain green cover area (square kilometres) [15.4.2],Custom code 03,Land Cover: Croplands,Square kilometers,Estimated value,Estimated,FAO estimate,Food and Agriculture Organization of the United Nations (FAO),Montane,4313.2
2018,E,E,FAO estimate,Food and Agriculture Organization of the United Nations (FAO),Mountain green cover area (square kilometres) [15.4.2],Custom code 03,Land Cover: Croplands,Square kilometers,Estimated value,Estimated,FAO estimate,Food and Agriculture Organization of the United Nations (FAO),Montane,4316.3
2021,E,E,FAO estimate,Food and Agriculture Organization of the United Nations (FAO),Mountain green cover area (square kilometres) [15.4.2],Custom code 03,Land Cover: Croplands,Square kilometers,Estimated value,Estimated,FAO estimate,Food and Agriculture Organization of the United Nations (FAO),Montane,4318.4
2000,E,E,FAO estimate,Food and Agriculture Organization of the United Nations (FAO),Mountain green cover area (square kilometres) [15.4.2],Custom code 03,Land Cover: Grassland,Square kilometers,Estimated value,Estimated,FAO estimate,Food and Agriculture Organization of the United Nations (FAO),Montane,1640.9
2005,E,E,FAO estimate,Food and Agriculture Organization of the United Nations (FAO),Mountain green cover area (square kilometres) [15.4.2],Custom code 03,Land Cover: Grassland,Square kilometers,Estimated value,Estimated,FAO estimate,Food and Agriculture Organization of the United Nations (FAO),Montane,1537
2010,E,E,FAO estimate,Food and Agriculture Organization of the United Nations (FAO),Mountain green cover area (square kilometres) [15.4.2],Custom code 03,Land Cover: Grassland,Square kilometers,Estimated value,Estimated,FAO estimate,Food and Agriculture Organization of the United Nations (FAO),Montane,1467.1
2015,E,E,FAO estimate,Food and Agriculture Organization of the United Nations (FAO),Mountain green cover area (square kilometres) [15.4.2],Custom code 03,Land Cover: Grassland,Square kilometers,Estimated value,Estimated,FAO estimate,Food and Agriculture Organization of the United Nations (FAO),Montane,1415.4
2018,E,E,FAO estimate,Food and Agriculture Organization of the United Nations (FAO),Mountain green cover area (square kilometres) [15.4.2],Custom code 03,Land Cover: Grassland,Square kilometers,Estimated value,Estimated,FAO estimate,Food and Agriculture Organization of the United Nations (FAO),Montane,1406.7
2021,E,E,FAO estimate,Food and Agriculture Organization of the United Nations (FAO),Mountain green cover area (square kilometres) [15.4.2],Custom code 03,Land Cover: Grassland,Square kilometers,Estimated value,Estimated,FAO estimate,Food and Agriculture Organization of the United Nations (FAO),Montane,1401
2000,E,E,FAO estimate,Food and Agriculture Organization of the United Nations (FAO),Mountain green cover area (square kilometres) [15.4.2],Custom code 03,Land Cover: Inland water bodies,Square kilometers,Estimated value,Estimated,FAO estimate,Food and Agriculture Organization of the United Nations (FAO),Montane,2.6
2005,E,E,FAO estimate,Food and Agriculture Organization of the United Nations (FAO),Mountain green cover area (square kilometres) [15.4.2],Custom code 03,Land Cover: Inland water bodies,Square kilometers,Estimated value,Estimated,FAO estimate,Food and Agriculture Organization of the United Nations (FAO),Montane,2.5
2010,E,E,FAO estimate,Food and Agriculture Organization of the United Nations (FAO),Mountain green cover area (square kilometres) [15.4.2],Custom code 03,Land Cover: Inland water bodies,Square kilometers,Estimated value,Estimated,FAO estimate,Food and Agriculture Organization of the United Nations (FAO),Montane,3.7
2015,E,E,FAO estimate,Food and Agriculture Organization of the United Nations (FAO),Mountain green cover area (square kilometres) [15.4.2],Custom code 03,Land Cover: Inland water bodies,Square kilometers,Estimated value,Estimated,FAO estimate,Food and Agriculture Organization of the United Nations (FAO),Montane,5.4
2018,E,E,FAO estimate,Food and Agriculture Organization of the United Nations (FAO),Mountain green cover area (square kilometres) [15.4.2],Custom code 03,Land Cover: Inland water bodies,Square kilometers,Estimated value,Estimated,FAO estimate,Food and Agriculture Organization of the United Nations (FAO),Montane,5.6
2021,E,E,FAO estimate,Food and Agriculture Organization of the United Nations (FAO),Mountain green cover area (square kilometres) [15.4.2],Custom code 03,Land Cover: Inland water bodies,Square kilometers,Estimated value,Estimated,FAO estimate,Food and Agriculture Organization of the United Nations (FAO),Montane,5.8
2000,E,E,FAO estimate,Food and Agriculture Organization of the United Nations (FAO),Mountain green cover area (square kilometres) [15.4.2],Custom code 03,Land Cover: MGCI,Square kilometers,Estimated value,Estimated,FAO estimate,Food and Agriculture Organization of the United Nations (FAO),Montane,11811.8
2005,E,E,FAO estimate,Food and Agriculture Organization of the United Nations (FAO),Mountain green cover area (square kilometres) [15.4.2],Custom code 03,Land Cover: MGCI,Square kilometers,Estimated value,Estimated,FAO estimate,Food and Agriculture Organization of the United Nations (FAO),Montane,11795.1
2010,E,E,FAO estimate,Food and Agriculture Organization of the United Nations (FAO),Mountain green cover area (square kilometres) [15.4.2],Custom code 03,Land Cover: MGCI,Square kilometers,Estimated value,Estimated,FAO estimate,Food and Agriculture Organization of the United Nations (FAO),Montane,11788.8
2015,E,E,FAO estimate,Food and Agriculture Organization of the United Nations (FAO),Mountain green cover area (square kilometres) [15.4.2],Custom code 03,Land Cover: MGCI,Square kilometers,Estimated value,Estimated,FAO estimate,Food and Agriculture Organization of the United Nations (FAO),Montane,11764.3
2018,E,E,FAO estimate,Food and Agriculture Organization of the United Nations (FAO),Mountain green cover area (square kilometres) [15.4.2],Custom code 03,Land Cover: MGCI,Square kilometers,Estimated value,Estimated,FAO estimate,Food and Agriculture Organization of the United Nations (FAO),Montane,11701.7
2021,E,E,FAO estimate,Food and Agriculture Organization of the United Nations (FAO),Mountain green cover area (square kilometres) [15.4.2],Custom code 03,Land Cover: MGCI,Square kilometers,Estimated value,Estimated,FAO estimate,Food and Agriculture Organization of the United Nations (FAO),Montane,11660
2000,E,E,FAO estimate,Food and Agriculture Organization of the United Nations (FAO),Mountain green cover area (square kilometres) [15.4.2],Custom code 03,Land Cover: Permanent snow and glaciers,Square kilometers,Estimated value,Estimated,FAO estimate,Food and Agriculture Organization of the United Nations (FAO),Montane,0
2005,E,E,FAO estimate,Food and Agriculture Organization of the United Nations (FAO),Mountain green cover area (square kilometres) [15.4.2],Custom code 03,Land Cover: Permanent snow and glaciers,Square kilometers,Estimated value,Estimated,FAO estimate,Food and Agriculture Organization of the United Nations (FAO),Montane,0
2010,E,E,FAO estimate,Food and Agriculture Organization of the United Nations (FAO),Mountain green cover area (square kilometres) [15.4.2],Custom code 03,Land Cover: Permanent snow and glaciers,Square kilometers,Estimated value,Estimated,FAO estimate,Food and Agriculture Organization of the United Nations (FAO),Montane,0
2015,E,E,FAO estimate,Food and Agriculture Organization of the United Nations (FAO),Mountain green cover area (square kilometres) [15.4.2],Custom code 03,Land Cover: Permanent snow and glaciers,Square kilometers,Estimated value,Estimated,FAO estimate,Food and Agriculture Organization of the United Nations (FAO),Montane,0
2018,E,E,FAO estimate,Food and Agriculture Organization of the United Nations (FAO),Mountain green cover area (square kilometres) [15.4.2],Custom code 03,Land Cover: Permanent snow and glaciers,Square kilometers,Estimated value,Estimated,FAO estimate,Food and Agriculture Organization of the United Nations (FAO),Montane,0
2021,E,E,FAO estimate,Food and Agriculture Organization of the United Nations (FAO),Mountain green cover area (square kilometres) [15.4.2],Custom code 03,Land Cover: Permanent snow and glaciers,Square kilometers,Estimated value,Estimated,FAO estimate,Food and Agriculture Organization of the United Nations (FAO),Montane,0
2000,E,E,FAO estimate,Food and Agriculture Organization of the United Nations (FAO),Mountain green cover area (square kilometres) [15.4.2],Custom code 03,"Land Cover: Shrubs and/or herbaceous vegetation, aquatic or regularly flooded",Square kilometers,Estimated value,Estimated,FAO estimate,Food and Agriculture Organization of the United Nations (FAO),Montane,2.1
2005,E,E,FAO estimate,Food and Agriculture Organization of the United Nations (FAO),Mountain green cover area (square kilometres) [15.4.2],Custom code 03,"Land Cover: Shrubs and/or herbaceous vegetation, aquatic or regularly flooded",Square kilometers,Estimated value,Estimated,FAO estimate,Food and Agriculture Organization of the United Nations (FAO),Montane,2.1
2010,E,E,FAO estimate,Food and Agriculture Organization of the United Nations (FAO),Mountain green cover area (square kilometres) [15.4.2],Custom code 03,"Land Cover: Shrubs and/or herbaceous vegetation, aquatic or regularly flooded",Square kilometers,Estimated value,Estimated,FAO estimate,Food and Agriculture Organization of the United Nations (FAO),Montane,1.1
2015,E,E,FAO estimate,Food and Agriculture Organization of the United Nations (FAO),Mountain green cover area (square kilometres) [15.4.2],Custom code 03,"Land Cover: Shrubs and/or herbaceous vegetation, aquatic or regularly flooded",Square kilometers,Estimated value,Estimated,FAO estimate,Food and Agriculture Organization of the United Nations (FAO),Montane,0.3
2018,E,E,FAO estimate,Food and Agriculture Organization of the United Nations (FAO),Mountain green cover area (square kilometres) [15.4.2],Custom code 03,"Land Cover: Shrubs and/or herbaceous vegetation, aquatic or regularly flooded",Square kilometers,Estimated value,Estimated,FAO estimate,Food and Agriculture Organization of the United Nations (FAO),Montane,0.3
2021,E,E,FAO estimate,Food and Agriculture Organization of the United Nations (FAO),Mountain green cover area (square kilometres) [15.4.2],Custom code 03,"Land Cover: Shrubs and/or herbaceous vegetation, aquatic or regularly flooded",Square kilometers,Estimated value,Estimated,FAO estimate,Food and Agriculture Organization of the United Nations (FAO),Montane,0.3
2000,E,E,FAO estimate,Food and Agriculture Organization of the United Nations (FAO),Mountain green cover area (square kilometres) [15.4.2],Custom code 03,Land Cover: Shrub-covered areas,Square kilometers,Estimated value,Estimated,FAO estimate,Food and Agriculture Organization of the United Nations (FAO),Montane,445
2005,E,E,FAO estimate,Food and Agriculture Organization of the United Nations (FAO),Mountain green cover area (square kilometres) [15.4.2],Custom code 03,Land Cover: Shrub-covered areas,Square kilometers,Estimated value,Estimated,FAO estimate,Food and Agriculture Organization of the United Nations (FAO),Montane,444.6
2010,E,E,FAO estimate,Food and Agriculture Organization of the United Nations (FAO),Mountain green cover area (square kilometres) [15.4.2],Custom code 03,Land Cover: Shrub-covered areas,Square kilometers,Estimated value,Estimated,FAO estimate,Food and Agriculture Organization of the United Nations (FAO),Montane,417.3
2015,E,E,FAO estimate,Food and Agriculture Organization of the United Nations (FAO),Mountain green cover area (square kilometres) [15.4.2],Custom code 03,Land Cover: Shrub-covered areas,Square kilometers,Estimated value,Estimated,FAO estimate,Food and Agriculture Organization of the United Nations (FAO),Montane,417.9
2018,E,E,FAO estimate,Food and Agriculture Organization of the United Nations (FAO),Mountain green cover area (square kilometres) [15.4.2],Custom code 03,Land Cover: Shrub-covered areas,Square kilometers,Estimated value,Estimated,FAO estimate,Food and Agriculture Organization of the United Nations (FAO),Montane,437
2021,E,E,FAO estimate,Food and Agriculture Organization of the United Nations (FAO),Mountain green cover area (square kilometres) [15.4.2],Custom code 03,Land Cover: Shrub-covered areas,Square kilometers,Estimated value,Estimated,FAO estimate,Food and Agriculture Organization of the United Nations (FAO),Montane,449.7
2000,E,E,FAO estimate,Food and Agriculture Organization of the United Nations (FAO),Mountain green cover area (square kilometres) [15.4.2],Custom code 03,Land Cover: Sparsely natural vegetated areas,Square kilometers,Estimated value,Estimated,FAO estimate,Food and Agriculture Organization of the United Nations (FAO),Montane,0
2005,E,E,FAO estimate,Food and Agriculture Organization of the United Nations (FAO),Mountain green cover area (square kilometres) [15.4.2],Custom code 03,Land Cover: Sparsely natural vegetated areas,Square kilometers,Estimated value,Estimated,FAO estimate,Food and Agriculture Organization of the United Nations (FAO),Montane,0
2010,E,E,FAO estimate,Food and Agriculture Organization of the United Nations (FAO),Mountain green cover area (square kilometres) [15.4.2],Custom code 03,Land Cover: Sparsely natural vegetated areas,Square kilometers,Estimated value,Estimated,FAO estimate,Food and Agriculture Organization of the United Nations (FAO),Montane,0
2015,E,E,FAO estimate,Food and Agriculture Organization of the United Nations (FAO),Mountain green cover area (square kilometres) [15.4.2],Custom code 03,Land Cover: Sparsely natural vegetated areas,Square kilometers,Estimated value,Estimated,FAO estimate,Food and Agriculture Organization of the United Nations (FAO),Montane,0
2018,E,E,FAO estimate,Food and Agriculture Organization of the United Nations (FAO),Mountain green cover area (square kilometres) [15.4.2],Custom code 03,Land Cover: Sparsely natural vegetated areas,Square kilometers,Estimated value,Estimated,FAO estimate,Food and Agriculture Organization of the United Nations (FAO),Montane,0
2021,E,E,FAO estimate,Food and Agriculture Organization of the United Nations (FAO),Mountain green cover area (square kilometres) [15.4.2],Custom code 03,Land Cover: Sparsely natural vegetated areas,Square kilometers,Estimated value,Estimated,FAO estimate,Food and Agriculture Organization of the United Nations (FAO),Montane,0
2000,E,E,FAO estimate,Food and Agriculture Organization of the United Nations (FAO),Mountain green cover area (square kilometres) [15.4.2],Custom code 03,Land Cover: Terrestrial barren land,Square kilometers,Estimated value,Estimated,FAO estimate,Food and Agriculture Organization of the United Nations (FAO),Montane,0.1
2005,E,E,FAO estimate,Food and Agriculture Organization of the United Nations (FAO),Mountain green cover area (square kilometres) [15.4.2],Custom code 03,Land Cover: Terrestrial barren land,Square kilometers,Estimated value,Estimated,FAO estimate,Food and Agriculture Organization of the United Nations (FAO),Montane,0.1
2010,E,E,FAO estimate,Food and Agriculture Organization of the United Nations (FAO),Mountain green cover area (square kilometres) [15.4.2],Custom code 03,Land Cover: Terrestrial barren land,Square kilometers,Estimated value,Estimated,FAO estimate,Food and Agriculture Organization of the United Nations (FAO),Montane,0.1
2015,E,E,FAO estimate,Food and Agriculture Organization of the United Nations (FAO),Mountain green cover area (square kilometres) [15.4.2],Custom code 03,Land Cover: Terrestrial barren land,Square kilometers,Estimated value,Estimated,FAO estimate,Food and Agriculture Organization of the United Nations (FAO),Montane,0.1
2018,E,E,FAO estimate,Food and Agriculture Organization of the United Nations (FAO),Mountain green cover area (square kilometres) [15.4.2],Custom code 03,Land Cover: Terrestrial barren land,Square kilometers,Estimated value,Estimated,FAO estimate,Food and Agriculture Organization of the United Nations (FAO),Montane,0.1
2021,E,E,FAO estimate,Food and Agriculture Organization of the United Nations (FAO),Mountain green cover area (square kilometres) [15.4.2],Custom code 03,Land Cover: Terrestrial barren land,Square kilometers,Estimated value,Estimated,FAO estimate,Food and Agriculture Organization of the United Nations (FAO),Montane,0.1
2000,E,E,FAO estimate,Food and Agriculture Organization of the United Nations (FAO),Mountain green cover area (square kilometres) [15.4.2],Custom code 03,Land Cover: Tree-covered areas,Square kilometers,Estimated value,Estimated,FAO estimate,Food and Agriculture Organization of the United Nations (FAO),Montane,5979.4
2005,E,E,FAO estimate,Food and Agriculture Organization of the United Nations (FAO),Mountain green cover area (square kilometres) [15.4.2],Custom code 03,Land Cover: Tree-covered areas,Square kilometers,Estimated value,Estimated,FAO estimate,Food and Agriculture Organization of the United Nations (FAO),Montane,5843
2010,E,E,FAO estimate,Food and Agriculture Organization of the United Nations (FAO),Mountain green cover area (square kilometres) [15.4.2],Custom code 03,Land Cover: Tree-covered areas,Square kilometers,Estimated value,Estimated,FAO estimate,Food and Agriculture Organization of the United Nations (FAO),Montane,5745.3
2015,E,E,FAO estimate,Food and Agriculture Organization of the United Nations (FAO),Mountain green cover area (square kilometres) [15.4.2],Custom code 03,Land Cover: Tree-covered areas,Square kilometers,Estimated value,Estimated,FAO estimate,Food and Agriculture Organization of the United Nations (FAO),Montane,5617.4
2018,E,E,FAO estimate,Food and Agriculture Organization of the United Nations (FAO),Mountain green cover area (square kilometres) [15.4.2],Custom code 03,Land Cover: Tree-covered areas,Square kilometers,Estimated value,Estimated,FAO estimate,Food and Agriculture Organization of the United Nations (FAO),Montane,5541.4
2021,E,E,FAO estimate,Food and Agriculture Organization of the United Nations (FAO),Mountain green cover area (square kilometres) [15.4.2],Custom code 03,Land Cover: Tree-covered areas,Square kilometers,Estimated value,Estimated,FAO estimate,Food and Agriculture Organization of the United Nations (FAO),Montane,5490.7
2000,E,E,FAO estimate,Food and Agriculture Organization of the United Nations (FAO),Mountain green cover area (square kilometres) [15.4.2],Custom code 04,Land Cover: Artificial surfaces,Square kilometers,Estimated value,Estimated,FAO estimate,Food and Agriculture Organization of the United Nations (FAO),Remaining mountain area,2539.3
2005,E,E,FAO estimate,Food and Agriculture Organization of the United Nations (FAO),Mountain green cover area (square kilometres) [15.4.2],Custom code 04,Land Cover: Artificial surfaces,Square kilometers,Estimated value,Estimated,FAO estimate,Food and Agriculture Organization of the United Nations (FAO),Remaining mountain area,2673.9
2010,E,E,FAO estimate,Food and Agriculture Organization of the United Nations (FAO),Mountain green cover area (square kilometres) [15.4.2],Custom code 04,Land Cover: Artificial surfaces,Square kilometers,Estimated value,Estimated,FAO estimate,Food and Agriculture Organization of the United Nations (FAO),Remaining mountain area,2727.9
2015,E,E,FAO estimate,Food and Agriculture Organization of the United Nations (FAO),Mountain green cover area (square kilometres) [15.4.2],Custom code 04,Land Cover: Artificial surfaces,Square kilometers,Estimated value,Estimated,FAO estimate,Food and Agriculture Organization of the United Nations (FAO),Remaining mountain area,2943.6
2018,E,E,FAO estimate,Food and Agriculture Organization of the United Nations (FAO),Mountain green cover area (square kilometres) [15.4.2],Custom code 04,Land Cover: Artificial surfaces,Square kilometers,Estimated value,Estimated,FAO estimate,Food and Agriculture Organization of the United Nations (FAO),Remaining mountain area,3348.2
2021,E,E,FAO estimate,Food and Agriculture Organization of the United Nations (FAO),Mountain green cover area (square kilometres) [15.4.2],Custom code 04,Land Cover: Artificial surfaces,Square kilometers,Estimated value,Estimated,FAO estimate,Food and Agriculture Organization of the United Nations (FAO),Remaining mountain area,3618
2000,E,E,FAO estimate,Food and Agriculture Organization of the United Nations (FAO),Mountain green cover area (square kilometres) [15.4.2],Custom code 04,Land Cover: Croplands,Square kilometers,Estimated value,Estimated,FAO estimate,Food and Agriculture Organization of the United Nations (FAO),Remaining mountain area,10313
2005,E,E,FAO estimate,Food and Agriculture Organization of the United Nations (FAO),Mountain green cover area (square kilometres) [15.4.2],Custom code 04,Land Cover: Croplands,Square kilometers,Estimated value,Estimated,FAO estimate,Food and Agriculture Organization of the United Nations (FAO),Remaining mountain area,10800.1
2010,E,E,FAO estimate,Food and Agriculture Organization of the United Nations (FAO),Mountain green cover area (square kilometres) [15.4.2],Custom code 04,Land Cover: Croplands,Square kilometers,Estimated value,Estimated,FAO estimate,Food and Agriculture Organization of the United Nations (FAO),Remaining mountain area,12194.9
2015,E,E,FAO estimate,Food and Agriculture Organization of the United Nations (FAO),Mountain green cover area (square kilometres) [15.4.2],Custom code 04,Land Cover: Croplands,Square kilometers,Estimated value,Estimated,FAO estimate,Food and Agriculture Organization of the United Nations (FAO),Remaining mountain area,13280.1
2018,E,E,FAO estimate,Food and Agriculture Organization of the United Nations (FAO),Mountain green cover area (square kilometres) [15.4.2],Custom code 04,Land Cover: Croplands,Square kilometers,Estimated value,Estimated,FAO estimate,Food and Agriculture Organization of the United Nations (FAO),Remaining mountain area,13606.7
2021,E,E,FAO estimate,Food and Agriculture Organization of the United Nations (FAO),Mountain green cover area (square kilometres) [15.4.2],Custom code 04,Land Cover: Croplands,Square kilometers,Estimated value,Estimated,FAO estimate,Food and Agriculture Organization of the United Nations (FAO),Remaining mountain area,13824.4
2000,E,E,FAO estimate,Food and Agriculture Organization of the United Nations (FAO),Mountain green cover area (square kilometres) [15.4.2],Custom code 04,Land Cover: Grassland,Square kilometers,Estimated value,Estimated,FAO estimate,Food and Agriculture Organization of the United Nations (FAO),Remaining mountain area,94055.2
2005,E,E,FAO estimate,Food and Agriculture Organization of the United Nations (FAO),Mountain green cover area (square kilometres) [15.4.2],Custom code 04,Land Cover: Grassland,Square kilometers,Estimated value,Estimated,FAO estimate,Food and Agriculture Organization of the United Nations (FAO),Remaining mountain area,93618.8
2010,E,E,FAO estimate,Food and Agriculture Organization of the United Nations (FAO),Mountain green cover area (square kilometres) [15.4.2],Custom code 04,Land Cover: Grassland,Square kilometers,Estimated value,Estimated,FAO estimate,Food and Agriculture Organization of the United Nations (FAO),Remaining mountain area,92496
2015,E,E,FAO estimate,Food and Agriculture Organization of the United Nations (FAO),Mountain green cover area (square kilometres) [15.4.2],Custom code 04,Land Cover: Grassland,Square kilometers,Estimated value,Estimated,FAO estimate,Food and Agriculture Organization of the United Nations (FAO),Remaining mountain area,91612.1
2018,E,E,FAO estimate,Food and Agriculture Organization of the United Nations (FAO),Mountain green cover area (square kilometres) [15.4.2],Custom code 04,Land Cover: Grassland,Square kilometers,Estimated value,Estimated,FAO estimate,Food and Agriculture Organization of the United Nations (FAO),Remaining mountain area,90939.7
2021,E,E,FAO estimate,Food and Agriculture Organization of the United Nations (FAO),Mountain green cover area (square kilometres) [15.4.2],Custom code 04,Land Cover: Grassland,Square kilometers,Estimated value,Estimated,FAO estimate,Food and Agriculture Organization of the United Nations (FAO),Remaining mountain area,90491.5
2000,E,E,FAO estimate,Food and Agriculture Organization of the United Nations (FAO),Mountain green cover area (square kilometres) [15.4.2],Custom code 04,Land Cover: Inland water bodies,Square kilometers,Estimated value,Estimated,FAO estimate,Food and Agriculture Organization of the United Nations (FAO),Remaining mountain area,1186.4
2005,E,E,FAO estimate,Food and Agriculture Organization of the United Nations (FAO),Mountain green cover area (square kilometres) [15.4.2],Custom code 04,Land Cover: Inland water bodies,Square kilometers,Estimated value,Estimated,FAO estimate,Food and Agriculture Organization of the United Nations (FAO),Remaining mountain area,1202.2
2010,E,E,FAO estimate,Food and Agriculture Organization of the United Nations (FAO),Mountain green cover area (square kilometres) [15.4.2],Custom code 04,Land Cover: Inland water bodies,Square kilometers,Estimated value,Estimated,FAO estimate,Food and Agriculture Organization of the United Nations (FAO),Remaining mountain area,1217
2015,E,E,FAO estimate,Food and Agriculture Organization of the United Nations (FAO),Mountain green cover area (square kilometres) [15.4.2],Custom code 04,Land Cover: Inland water bodies,Square kilometers,Estimated value,Estimated,FAO estimate,Food and Agriculture Organization of the United Nations (FAO),Remaining mountain area,1258.8
2018,E,E,FAO estimate,Food and Agriculture Organization of the United Nations (FAO),Mountain green cover area (square kilometres) [15.4.2],Custom code 04,Land Cover: Inland water bodies,Square kilometers,Estimated value,Estimated,FAO estimate,Food and Agriculture Organization of the United Nations (FAO),Remaining mountain area,1299.4
2021,E,E,FAO estimate,Food and Agriculture Organization of the United Nations (FAO),Mountain green cover area (square kilometres) [15.4.2],Custom code 04,Land Cover: Inland water bodies,Square kilometers,Estimated value,Estimated,FAO estimate,Food and Agriculture Organization of the United Nations (FAO),Remaining mountain area,1326.4
2000,E,E,FAO estimate,Food and Agriculture Organization of the United Nations (FAO),Mountain green cover area (square kilometres) [15.4.2],Custom code 04,Land Cover: MGCI,Square kilometers,Estimated value,Estimated,FAO estimate,Food and Agriculture Organization of the United Nations (FAO),Remaining mountain area,124530.9
2005,E,E,FAO estimate,Food and Agriculture Organization of the United Nations (FAO),Mountain green cover area (square kilometres) [15.4.2],Custom code 04,Land Cover: MGCI,Square kilometers,Estimated value,Estimated,FAO estimate,Food and Agriculture Organization of the United Nations (FAO),Remaining mountain area,124366.2
2010,E,E,FAO estimate,Food and Agriculture Organization of the United Nations (FAO),Mountain green cover area (square kilometres) [15.4.2],Custom code 04,Land Cover: MGCI,Square kilometers,Estimated value,Estimated,FAO estimate,Food and Agriculture Organization of the United Nations (FAO),Remaining mountain area,124264.5
2015,E,E,FAO estimate,Food and Agriculture Organization of the United Nations (FAO),Mountain green cover area (square kilometres) [15.4.2],Custom code 04,Land Cover: MGCI,Square kilometers,Estimated value,Estimated,FAO estimate,Food and Agriculture Organization of the United Nations (FAO),Remaining mountain area,123988.8
2018,E,E,FAO estimate,Food and Agriculture Organization of the United Nations (FAO),Mountain green cover area (square kilometres) [15.4.2],Custom code 04,Land Cover: MGCI,Square kilometers,Estimated value,Estimated,FAO estimate,Food and Agriculture Organization of the United Nations (FAO),Remaining mountain area,123466.5
2021,E,E,FAO estimate,Food and Agriculture Organization of the United Nations (FAO),Mountain green cover area (square kilometres) [15.4.2],Custom code 04,Land Cover: MGCI,Square kilometers,Estimated value,Estimated,FAO estimate,Food and Agriculture Organization of the United Nations (FAO),Remaining mountain area,123118.2
2000,E,E,FAO estimate,Food and Agriculture Organization of the United Nations (FAO),Mountain green cover area (square kilometres) [15.4.2],Custom code 04,Land Cover: Permanent snow and glaciers,Square kilometers,Estimated value,Estimated,FAO estimate,Food and Agriculture Organization of the United Nations (FAO),Remaining mountain area,0
2005,E,E,FAO estimate,Food and Agriculture Organization of the United Nations (FAO),Mountain green cover area (square kilometres) [15.4.2],Custom code 04,Land Cover: Permanent snow and glaciers,Square kilometers,Estimated value,Estimated,FAO estimate,Food and Agriculture Organization of the United Nations (FAO),Remaining mountain area,0
2010,E,E,FAO estimate,Food and Agriculture Organization of the United Nations (FAO),Mountain green cover area (square kilometres) [15.4.2],Custom code 04,Land Cover: Permanent snow and glaciers,Square kilometers,Estimated value,Estimated,FAO estimate,Food and Agriculture Organization of the United Nations (FAO),Remaining mountain area,0
2015,E,E,FAO estimate,Food and Agriculture Organization of the United Nations (FAO),Mountain green cover area (square kilometres) [15.4.2],Custom code 04,Land Cover: Permanent snow and glaciers,Square kilometers,Estimated value,Estimated,FAO estimate,Food and Agriculture Organization of the United Nations (FAO),Remaining mountain area,0
2018,E,E,FAO estimate,Food and Agriculture Organization of the United Nations (FAO),Mountain green cover area (square kilometres) [15.4.2],Custom code 04,Land Cover: Permanent snow and glaciers,Square kilometers,Estimated value,Estimated,FAO estimate,Food and Agriculture Organization of the United Nations (FAO),Remaining mountain area,0
2021,E,E,FAO estimate,Food and Agriculture Organization of the United Nations (FAO),Mountain green cover area (square kilometres) [15.4.2],Custom code 04,Land Cover: Permanent snow and glaciers,Square kilometers,Estimated value,Estimated,FAO estimate,Food and Agriculture Organization of the United Nations (FAO),Remaining mountain area,0
2000,E,E,FAO estimate,Food and Agriculture Organization of the United Nations (FAO),Mountain green cover area (square kilometres) [15.4.2],Custom code 04,"Land Cover: Shrubs and/or herbaceous vegetation, aquatic or regularly flooded",Square kilometers,Estimated value,Estimated,FAO estimate,Food and Agriculture Organization of the United Nations (FAO),Remaining mountain area,730.9
2005,E,E,FAO estimate,Food and Agriculture Organization of the United Nations (FAO),Mountain green cover area (square kilometres) [15.4.2],Custom code 04,"Land Cover: Shrubs and/or herbaceous vegetation, aquatic or regularly flooded",Square kilometers,Estimated value,Estimated,FAO estimate,Food and Agriculture Organization of the United Nations (FAO),Remaining mountain area,716
2010,E,E,FAO estimate,Food and Agriculture Organization of the United Nations (FAO),Mountain green cover area (square kilometres) [15.4.2],Custom code 04,"Land Cover: Shrubs and/or herbaceous vegetation, aquatic or regularly flooded",Square kilometers,Estimated value,Estimated,FAO estimate,Food and Agriculture Organization of the United Nations (FAO),Remaining mountain area,701.4
2015,E,E,FAO estimate,Food and Agriculture Organization of the United Nations (FAO),Mountain green cover area (square kilometres) [15.4.2],Custom code 04,"Land Cover: Shrubs and/or herbaceous vegetation, aquatic or regularly flooded",Square kilometers,Estimated value,Estimated,FAO estimate,Food and Agriculture Organization of the United Nations (FAO),Remaining mountain area,665.4
2018,E,E,FAO estimate,Food and Agriculture Organization of the United Nations (FAO),Mountain green cover area (square kilometres) [15.4.2],Custom code 04,"Land Cover: Shrubs and/or herbaceous vegetation, aquatic or regularly flooded",Square kilometers,Estimated value,Estimated,FAO estimate,Food and Agriculture Organization of the United Nations (FAO),Remaining mountain area,635.1
2021,E,E,FAO estimate,Food and Agriculture Organization of the United Nations (FAO),Mountain green cover area (square kilometres) [15.4.2],Custom code 04,"Land Cover: Shrubs and/or herbaceous vegetation, aquatic or regularly flooded",Square kilometers,Estimated value,Estimated,FAO estimate,Food and Agriculture Organization of the United Nations (FAO),Remaining mountain area,614.9
2000,E,E,FAO estimate,Food and Agriculture Organization of the United Nations (FAO),Mountain green cover area (square kilometres) [15.4.2],Custom code 04,Land Cover: Shrub-covered areas,Square kilometers,Estimated value,Estimated,FAO estimate,Food and Agriculture Organization of the United Nations (FAO),Remaining mountain area,2400
2005,E,E,FAO estimate,Food and Agriculture Organization of the United Nations (FAO),Mountain green cover area (square kilometres) [15.4.2],Custom code 04,Land Cover: Shrub-covered areas,Square kilometers,Estimated value,Estimated,FAO estimate,Food and Agriculture Organization of the United Nations (FAO),Remaining mountain area,2462.5
2010,E,E,FAO estimate,Food and Agriculture Organization of the United Nations (FAO),Mountain green cover area (square kilometres) [15.4.2],Custom code 04,Land Cover: Shrub-covered areas,Square kilometers,Estimated value,Estimated,FAO estimate,Food and Agriculture Organization of the United Nations (FAO),Remaining mountain area,2397.7
2015,E,E,FAO estimate,Food and Agriculture Organization of the United Nations (FAO),Mountain green cover area (square kilometres) [15.4.2],Custom code 04,Land Cover: Shrub-covered areas,Square kilometers,Estimated value,Estimated,FAO estimate,Food and Agriculture Organization of the United Nations (FAO),Remaining mountain area,2275.6
2018,E,E,FAO estimate,Food and Agriculture Organization of the United Nations (FAO),Mountain green cover area (square kilometres) [15.4.2],Custom code 04,Land Cover: Shrub-covered areas,Square kilometers,Estimated value,Estimated,FAO estimate,Food and Agriculture Organization of the United Nations (FAO),Remaining mountain area,2217.1
2021,E,E,FAO estimate,Food and Agriculture Organization of the United Nations (FAO),Mountain green cover area (square kilometres) [15.4.2],Custom code 04,Land Cover: Shrub-covered areas,Square kilometers,Estimated value,Estimated,FAO estimate,Food and Agriculture Organization of the United Nations (FAO),Remaining mountain area,2178
2000,E,E,FAO estimate,Food and Agriculture Organization of the United Nations (FAO),Mountain green cover area (square kilometres) [15.4.2],Custom code 04,Land Cover: Sparsely natural vegetated areas,Square kilometers,Estimated value,Estimated,FAO estimate,Food and Agriculture Organization of the United Nations (FAO),Remaining mountain area,1716.6
2005,E,E,FAO estimate,Food and Agriculture Organization of the United Nations (FAO),Mountain green cover area (square kilometres) [15.4.2],Custom code 04,Land Cover: Sparsely natural vegetated areas,Square kilometers,Estimated value,Estimated,FAO estimate,Food and Agriculture Organization of the United Nations (FAO),Remaining mountain area,1739.2
2010,E,E,FAO estimate,Food and Agriculture Organization of the United Nations (FAO),Mountain green cover area (square kilometres) [15.4.2],Custom code 04,Land Cover: Sparsely natural vegetated areas,Square kilometers,Estimated value,Estimated,FAO estimate,Food and Agriculture Organization of the United Nations (FAO),Remaining mountain area,1773.6
2015,E,E,FAO estimate,Food and Agriculture Organization of the United Nations (FAO),Mountain green cover area (square kilometres) [15.4.2],Custom code 04,Land Cover: Sparsely natural vegetated areas,Square kilometers,Estimated value,Estimated,FAO estimate,Food and Agriculture Organization of the United Nations (FAO),Remaining mountain area,1787.5
2018,E,E,FAO estimate,Food and Agriculture Organization of the United Nations (FAO),Mountain green cover area (square kilometres) [15.4.2],Custom code 04,Land Cover: Sparsely natural vegetated areas,Square kilometers,Estimated value,Estimated,FAO estimate,Food and Agriculture Organization of the United Nations (FAO),Remaining mountain area,1840.1
2021,E,E,FAO estimate,Food and Agriculture Organization of the United Nations (FAO),Mountain green cover area (square kilometres) [15.4.2],Custom code 04,Land Cover: Sparsely natural vegetated areas,Square kilometers,Estimated value,Estimated,FAO estimate,Food and Agriculture Organization of the United Nations (FAO),Remaining mountain area,1875.2
2000,E,E,FAO estimate,Food and Agriculture Organization of the United Nations (FAO),Mountain green cover area (square kilometres) [15.4.2],Custom code 04,Land Cover: Terrestrial barren land,Square kilometers,Estimated value,Estimated,FAO estimate,Food and Agriculture Organization of the United Nations (FAO),Remaining mountain area,1218.8
2005,E,E,FAO estimate,Food and Agriculture Organization of the United Nations (FAO),Mountain green cover area (square kilometres) [15.4.2],Custom code 04,Land Cover: Terrestrial barren land,Square kilometers,Estimated value,Estimated,FAO estimate,Food and Agriculture Organization of the United Nations (FAO),Remaining mountain area,1210.6
2010,E,E,FAO estimate,Food and Agriculture Organization of the United Nations (FAO),Mountain green cover area (square kilometres) [15.4.2],Custom code 04,Land Cover: Terrestrial barren land,Square kilometers,Estimated value,Estimated,FAO estimate,Food and Agriculture Organization of the United Nations (FAO),Remaining mountain area,1208.9
2015,E,E,FAO estimate,Food and Agriculture Organization of the United Nations (FAO),Mountain green cover area (square kilometres) [15.4.2],Custom code 04,Land Cover: Terrestrial barren land,Square kilometers,Estimated value,Estimated,FAO estimate,Food and Agriculture Organization of the United Nations (FAO),Remaining mountain area,1213.3
2018,E,E,FAO estimate,Food and Agriculture Organization of the United Nations (FAO),Mountain green cover area (square kilometres) [15.4.2],Custom code 04,Land Cover: Terrestrial barren land,Square kilometers,Estimated value,Estimated,FAO estimate,Food and Agriculture Organization of the United Nations (FAO),Remaining mountain area,1237.9
2021,E,E,FAO estimate,Food and Agriculture Organization of the United Nations (FAO),Mountain green cover area (square kilometres) [15.4.2],Custom code 04,Land Cover: Terrestrial barren land,Square kilometers,Estimated value,Estimated,FAO estimate,Food and Agriculture Organization of the United Nations (FAO),Remaining mountain area,1254.3
2000,E,E,FAO estimate,Food and Agriculture Organization of the United Nations (FAO),Mountain green cover area (square kilometres) [15.4.2],Custom code 04,Land Cover: Tree-covered areas,Square kilometers,Estimated value,Estimated,FAO estimate,Food and Agriculture Organization of the United Nations (FAO),Remaining mountain area,17031.8
2005,E,E,FAO estimate,Food and Agriculture Organization of the United Nations (FAO),Mountain green cover area (square kilometres) [15.4.2],Custom code 04,Land Cover: Tree-covered areas,Square kilometers,Estimated value,Estimated,FAO estimate,Food and Agriculture Organization of the United Nations (FAO),Remaining mountain area,16768.7
2010,E,E,FAO estimate,Food and Agriculture Organization of the United Nations (FAO),Mountain green cover area (square kilometres) [15.4.2],Custom code 04,Land Cover: Tree-covered areas,Square kilometers,Estimated value,Estimated,FAO estimate,Food and Agriculture Organization of the United Nations (FAO),Remaining mountain area,16474.6
2015,E,E,FAO estimate,Food and Agriculture Organization of the United Nations (FAO),Mountain green cover area (square kilometres) [15.4.2],Custom code 04,Land Cover: Tree-covered areas,Square kilometers,Estimated value,Estimated,FAO estimate,Food and Agriculture Organization of the United Nations (FAO),Remaining mountain area,16155.6
2018,E,E,FAO estimate,Food and Agriculture Organization of the United Nations (FAO),Mountain green cover area (square kilometres) [15.4.2],Custom code 04,Land Cover: Tree-covered areas,Square kilometers,Estimated value,Estimated,FAO estimate,Food and Agriculture Organization of the United Nations (FAO),Remaining mountain area,16067.9
2021,E,E,FAO estimate,Food and Agriculture Organization of the United Nations (FAO),Mountain green cover area (square kilometres) [15.4.2],Custom code 04,Land Cover: Tree-covered areas,Square kilometers,Estimated value,Estimated,FAO estimate,Food and Agriculture Organization of the United Nations (FAO),Remaining mountain area,16009.4
2000,E,E,FAO estimate,Food and Agriculture Organization of the United Nations (FAO),Mountain Green Cover Index [15.4.2],,Land Cover: Artificial surfaces,Percent,Estimated value,Estimated,FAO estimate,Food and Agriculture Organization of the United Nations (FAO),,1.99
2005,E,E,FAO estimate,Food and Agriculture Organization of the United Nations (FAO),Mountain Green Cover Index [15.4.2],,Land Cover: Artificial surfaces,Percent,Estimated value,Estimated,FAO estimate,Food and Agriculture Organization of the United Nations (FAO),,2.1
2010,E,E,FAO estimate,Food and Agriculture Organization of the United Nations (FAO),Mountain Green Cover Index [15.4.2],,Land Cover: Artificial surfaces,Percent,Estimated value,Estimated,FAO estimate,Food and Agriculture Organization of the United Nations (FAO),,2.14
2015,E,E,FAO estimate,Food and Agriculture Organization of the United Nations (FAO),Mountain Green Cover Index [15.4.2],,Land Cover: Artificial surfaces,Percent,Estimated value,Estimated,FAO estimate,Food and Agriculture Organization of the United Nations (FAO),,2.31
2018,E,E,FAO estimate,Food and Agriculture Organization of the United Nations (FAO),Mountain Green Cover Index [15.4.2],,Land Cover: Artificial surfaces,Percent,Estimated value,Estimated,FAO estimate,Food and Agriculture Organization of the United Nations (FAO),,2.63
2021,E,E,FAO estimate,Food and Agriculture Organization of the United Nations (FAO),Mountain Green Cover Index [15.4.2],,Land Cover: Artificial surfaces,Percent,Estimated value,Estimated,FAO estimate,Food and Agriculture Organization of the United Nations (FAO),,2.85
2000,E,E,FAO estimate,Food and Agriculture Organization of the United Nations (FAO),Mountain Green Cover Index [15.4.2],,Land Cover: Croplands,Percent,Estimated value,Estimated,FAO estimate,Food and Agriculture Organization of the United Nations (FAO),,9.8
2005,E,E,FAO estimate,Food and Agriculture Organization of the United Nations (FAO),Mountain Green Cover Index [15.4.2],,Land Cover: Croplands,Percent,Estimated value,Estimated,FAO estimate,Food and Agriculture Organization of the United Nations (FAO),,10.29
2010,E,E,FAO estimate,Food and Agriculture Organization of the United Nations (FAO),Mountain Green Cover Index [15.4.2],,Land Cover: Croplands,Percent,Estimated value,Estimated,FAO estimate,Food and Agriculture Organization of the United Nations (FAO),,11.4
2015,E,E,FAO estimate,Food and Agriculture Organization of the United Nations (FAO),Mountain Green Cover Index [15.4.2],,Land Cover: Croplands,Percent,Estimated value,Estimated,FAO estimate,Food and Agriculture Organization of the United Nations (FAO),,12.26
2018,E,E,FAO estimate,Food and Agriculture Organization of the United Nations (FAO),Mountain Green Cover Index [15.4.2],,Land Cover: Croplands,Percent,Estimated value,Estimated,FAO estimate,Food and Agriculture Organization of the United Nations (FAO),,12.49
2021,E,E,FAO estimate,Food and Agriculture Organization of the United Nations (FAO),Mountain Green Cover Index [15.4.2],,Land Cover: Croplands,Percent,Estimated value,Estimated,FAO estimate,Food and Agriculture Organization of the United Nations (FAO),,12.64
2000,E,E,FAO estimate,Food and Agriculture Organization of the United Nations (FAO),Mountain Green Cover Index [15.4.2],,Land Cover: Grassland,Percent,Estimated value,Estimated,FAO estimate,Food and Agriculture Organization of the United Nations (FAO),,66.78
2005,E,E,FAO estimate,Food and Agriculture Organization of the United Nations (FAO),Mountain Green Cover Index [15.4.2],,Land Cover: Grassland,Percent,Estimated value,Estimated,FAO estimate,Food and Agriculture Organization of the United Nations (FAO),,66.41
2010,E,E,FAO estimate,Food and Agriculture Organization of the United Nations (FAO),Mountain Green Cover Index [15.4.2],,Land Cover: Grassland,Percent,Estimated value,Estimated,FAO estimate,Food and Agriculture Organization of the United Nations (FAO),,65.57
2015,E,E,FAO estimate,Food and Agriculture Organization of the United Nations (FAO),Mountain Green Cover Index [15.4.2],,Land Cover: Grassland,Percent,Estimated value,Estimated,FAO estimate,Food and Agriculture Organization of the United Nations (FAO),,64.92
2018,E,E,FAO estimate,Food and Agriculture Organization of the United Nations (FAO),Mountain Green Cover Index [15.4.2],,Land Cover: Grassland,Percent,Estimated value,Estimated,FAO estimate,Food and Agriculture Organization of the United Nations (FAO),,64.45
2021,E,E,FAO estimate,Food and Agriculture Organization of the United Nations (FAO),Mountain Green Cover Index [15.4.2],,Land Cover: Grassland,Percent,Estimated value,Estimated,FAO estimate,Food and Agriculture Organization of the United Nations (FAO),,64.13
2000,E,E,FAO estimate,Food and Agriculture Organization of the United Nations (FAO),Mountain Green Cover Index [15.4.2],,Land Cover: Inland water bodies,Percent,Estimated value,Estimated,FAO estimate,Food and Agriculture Organization of the United Nations (FAO),,0.83
2005,E,E,FAO estimate,Food and Agriculture Organization of the United Nations (FAO),Mountain Green Cover Index [15.4.2],,Land Cover: Inland water bodies,Percent,Estimated value,Estimated,FAO estimate,Food and Agriculture Organization of the United Nations (FAO),,0.84
2010,E,E,FAO estimate,Food and Agriculture Organization of the United Nations (FAO),Mountain Green Cover Index [15.4.2],,Land Cover: Inland water bodies,Percent,Estimated value,Estimated,FAO estimate,Food and Agriculture Organization of the United Nations (FAO),,0.85
2015,E,E,FAO estimate,Food and Agriculture Organization of the United Nations (FAO),Mountain Green Cover Index [15.4.2],,Land Cover: Inland water bodies,Percent,Estimated value,Estimated,FAO estimate,Food and Agriculture Organization of the United Nations (FAO),,0.88
2018,E,E,FAO estimate,Food and Agriculture Organization of the United Nations (FAO),Mountain Green Cover Index [15.4.2],,Land Cover: Inland water bodies,Percent,Estimated value,Estimated,FAO estimate,Food and Agriculture Organization of the United Nations (FAO),,0.91
2021,E,E,FAO estimate,Food and Agriculture Organization of the United Nations (FAO),Mountain Green Cover Index [15.4.2],,Land Cover: Inland water bodies,Percent,Estimated value,Estimated,FAO estimate,Food and Agriculture Organization of the United Nations (FAO),,0.93
2000,E,E,FAO estimate,Food and Agriculture Organization of the United Nations (FAO),Mountain Green Cover Index [15.4.2],,Land Cover: MGCI,Percent,Estimated value,Estimated,FAO estimate,Food and Agriculture Organization of the United Nations (FAO),,95.13
2005,E,E,FAO estimate,Food and Agriculture Organization of the United Nations (FAO),Mountain Green Cover Index [15.4.2],,Land Cover: MGCI,Percent,Estimated value,Estimated,FAO estimate,Food and Agriculture Organization of the United Nations (FAO),,95
2010,E,E,FAO estimate,Food and Agriculture Organization of the United Nations (FAO),Mountain Green Cover Index [15.4.2],,Land Cover: MGCI,Percent,Estimated value,Estimated,FAO estimate,Food and Agriculture Organization of the United Nations (FAO),,94.93
2015,E,E,FAO estimate,Food and Agriculture Organization of the United Nations (FAO),Mountain Green Cover Index [15.4.2],,Land Cover: MGCI,Percent,Estimated value,Estimated,FAO estimate,Food and Agriculture Organization of the United Nations (FAO),,94.72
2018,E,E,FAO estimate,Food and Agriculture Organization of the United Nations (FAO),Mountain Green Cover Index [15.4.2],,Land Cover: MGCI,Percent,Estimated value,Estimated,FAO estimate,Food and Agriculture Organization of the United Nations (FAO),,94.31
2021,E,E,FAO estimate,Food and Agriculture Organization of the United Nations (FAO),Mountain Green Cover Index [15.4.2],,Land Cover: MGCI,Percent,Estimated value,Estimated,FAO estimate,Food and Agriculture Organization of the United Nations (FAO),,94.04
2000,E,E,FAO estimate,Food and Agriculture Organization of the United Nations (FAO),Mountain Green Cover Index [15.4.2],,Land Cover: Permanent snow and glaciers,Percent,Estimated value,Estimated,FAO estimate,Food and Agriculture Organization of the United Nations (FAO),,0
2005,E,E,FAO estimate,Food and Agriculture Organization of the United Nations (FAO),Mountain Green Cover Index [15.4.2],,Land Cover: Permanent snow and glaciers,Percent,Estimated value,Estimated,FAO estimate,Food and Agriculture Organization of the United Nations (FAO),,0
2010,E,E,FAO estimate,Food and Agriculture Organization of the United Nations (FAO),Mountain Green Cover Index [15.4.2],,Land Cover: Permanent snow and glaciers,Percent,Estimated value,Estimated,FAO estimate,Food and Agriculture Organization of the United Nations (FAO),,0
2015,E,E,FAO estimate,Food and Agriculture Organization of the United Nations (FAO),Mountain Green Cover Index [15.4.2],,Land Cover: Permanent snow and glaciers,Percent,Estimated value,Estimated,FAO estimate,Food and Agriculture Organization of the United Nations (FAO),,0
2018,E,E,FAO estimate,Food and Agriculture Organization of the United Nations (FAO),Mountain Green Cover Index [15.4.2],,Land Cover: Permanent snow and glaciers,Percent,Estimated value,Estimated,FAO estimate,Food and Agriculture Organization of the United Nations (FAO),,0
2021,E,E,FAO estimate,Food and Agriculture Organization of the United Nations (FAO),Mountain Green Cover Index [15.4.2],,Land Cover: Permanent snow and glaciers,Percent,Estimated value,Estimated,FAO estimate,Food and Agriculture Organization of the United Nations (FAO),,0
2000,E,E,FAO estimate,Food and Agriculture Organization of the United Nations (FAO),Mountain Green Cover Index [15.4.2],,"Land Cover: Shrubs and/or herbaceous vegetation, aquatic or regularly flooded",Percent,Estimated value,Estimated,FAO estimate,Food and Agriculture Organization of the United Nations (FAO),,0.51
2005,E,E,FAO estimate,Food and Agriculture Organization of the United Nations (FAO),Mountain Green Cover Index [15.4.2],,"Land Cover: Shrubs and/or herbaceous vegetation, aquatic or regularly flooded",Percent,Estimated value,Estimated,FAO estimate,Food and Agriculture Organization of the United Nations (FAO),,0.5
2010,E,E,FAO estimate,Food and Agriculture Organization of the United Nations (FAO),Mountain Green Cover Index [15.4.2],,"Land Cover: Shrubs and/or herbaceous vegetation, aquatic or regularly flooded",Percent,Estimated value,Estimated,FAO estimate,Food and Agriculture Organization of the United Nations (FAO),,0.49
2015,E,E,FAO estimate,Food and Agriculture Organization of the United Nations (FAO),Mountain Green Cover Index [15.4.2],,"Land Cover: Shrubs and/or herbaceous vegetation, aquatic or regularly flooded",Percent,Estimated value,Estimated,FAO estimate,Food and Agriculture Organization of the United Nations (FAO),,0.46
2018,E,E,FAO estimate,Food and Agriculture Organization of the United Nations (FAO),Mountain Green Cover Index [15.4.2],,"Land Cover: Shrubs and/or herbaceous vegetation, aquatic or regularly flooded",Percent,Estimated value,Estimated,FAO estimate,Food and Agriculture Organization of the United Nations (FAO),,0.44
2021,E,E,FAO estimate,Food and Agriculture Organization of the United Nations (FAO),Mountain Green Cover Index [15.4.2],,"Land Cover: Shrubs and/or herbaceous vegetation, aquatic or regularly flooded",Percent,Estimated value,Estimated,FAO estimate,Food and Agriculture Organization of the United Nations (FAO),,0.43
2000,E,E,FAO estimate,Food and Agriculture Organization of the United Nations (FAO),Mountain Green Cover Index [15.4.2],,Land Cover: Shrub-covered areas,Percent,Estimated value,Estimated,FAO estimate,Food and Agriculture Organization of the United Nations (FAO),,1.99
2005,E,E,FAO estimate,Food and Agriculture Organization of the United Nations (FAO),Mountain Green Cover Index [15.4.2],,Land Cover: Shrub-covered areas,Percent,Estimated value,Estimated,FAO estimate,Food and Agriculture Organization of the United Nations (FAO),,2.03
2010,E,E,FAO estimate,Food and Agriculture Organization of the United Nations (FAO),Mountain Green Cover Index [15.4.2],,Land Cover: Shrub-covered areas,Percent,Estimated value,Estimated,FAO estimate,Food and Agriculture Organization of the United Nations (FAO),,1.97
2015,E,E,FAO estimate,Food and Agriculture Organization of the United Nations (FAO),Mountain Green Cover Index [15.4.2],,Land Cover: Shrub-covered areas,Percent,Estimated value,Estimated,FAO estimate,Food and Agriculture Organization of the United Nations (FAO),,1.88
2018,E,E,FAO estimate,Food and Agriculture Organization of the United Nations (FAO),Mountain Green Cover Index [15.4.2],,Land Cover: Shrub-covered areas,Percent,Estimated value,Estimated,FAO estimate,Food and Agriculture Organization of the United Nations (FAO),,1.86
2021,E,E,FAO estimate,Food and Agriculture Organization of the United Nations (FAO),Mountain Green Cover Index [15.4.2],,Land Cover: Shrub-covered areas,Percent,Estimated value,Estimated,FAO estimate,Food and Agriculture Organization of the United Nations (FAO),,1.84
2000,E,E,FAO estimate,Food and Agriculture Organization of the United Nations (FAO),Mountain Green Cover Index [15.4.2],,Land Cover: Sparsely natural vegetated areas,Percent,Estimated value,Estimated,FAO estimate,Food and Agriculture Organization of the United Nations (FAO),,1.2
2005,E,E,FAO estimate,Food and Agriculture Organization of the United Nations (FAO),Mountain Green Cover Index [15.4.2],,Land Cover: Sparsely natural vegetated areas,Percent,Estimated value,Estimated,FAO estimate,Food and Agriculture Organization of the United Nations (FAO),,1.21
2010,E,E,FAO estimate,Food and Agriculture Organization of the United Nations (FAO),Mountain Green Cover Index [15.4.2],,Land Cover: Sparsely natural vegetated areas,Percent,Estimated value,Estimated,FAO estimate,Food and Agriculture Organization of the United Nations (FAO),,1.24
2015,E,E,FAO estimate,Food and Agriculture Organization of the United Nations (FAO),Mountain Green Cover Index [15.4.2],,Land Cover: Sparsely natural vegetated areas,Percent,Estimated value,Estimated,FAO estimate,Food and Agriculture Organization of the United Nations (FAO),,1.25
2018,E,E,FAO estimate,Food and Agriculture Organization of the United Nations (FAO),Mountain Green Cover Index [15.4.2],,Land Cover: Sparsely natural vegetated areas,Percent,Estimated value,Estimated,FAO estimate,Food and Agriculture Organization of the United Nations (FAO),,1.28
2021,E,E,FAO estimate,Food and Agriculture Organization of the United Nations (FAO),Mountain Green Cover Index [15.4.2],,Land Cover: Sparsely natural vegetated areas,Percent,Estimated value,Estimated,FAO estimate,Food and Agriculture Organization of the United Nations (FAO),,1.31
2000,E,E,FAO estimate,Food and Agriculture Organization of the United Nations (FAO),Mountain Green Cover Index [15.4.2],,Land Cover: Terrestrial barren land,Percent,Estimated value,Estimated,FAO estimate,Food and Agriculture Organization of the United Nations (FAO),,0.85
2005,E,E,FAO estimate,Food and Agriculture Organization of the United Nations (FAO),Mountain Green Cover Index [15.4.2],,Land Cover: Terrestrial barren land,Percent,Estimated value,Estimated,FAO estimate,Food and Agriculture Organization of the United Nations (FAO),,0.84
2010,E,E,FAO estimate,Food and Agriculture Organization of the United Nations (FAO),Mountain Green Cover Index [15.4.2],,Land Cover: Terrestrial barren land,Percent,Estimated value,Estimated,FAO estimate,Food and Agriculture Organization of the United Nations (FAO),,0.84
2015,E,E,FAO estimate,Food and Agriculture Organization of the United Nations (FAO),Mountain Green Cover Index [15.4.2],,Land Cover: Terrestrial barren land,Percent,Estimated value,Estimated,FAO estimate,Food and Agriculture Organization of the United Nations (FAO),,0.85
2018,E,E,FAO estimate,Food and Agriculture Organization of the United Nations (FAO),Mountain Green Cover Index [15.4.2],,Land Cover: Terrestrial barren land,Percent,Estimated value,Estimated,FAO estimate,Food and Agriculture Organization of the United Nations (FAO),,0.86
2021,E,E,FAO estimate,Food and Agriculture Organization of the United Nations (FAO),Mountain Green Cover Index [15.4.2],,Land Cover: Terrestrial barren land,Percent,Estimated value,Estimated,FAO estimate,Food and Agriculture Organization of the United Nations (FAO),,0.87
2000,E,E,FAO estimate,Food and Agriculture Organization of the United Nations (FAO),Mountain Green Cover Index [15.4.2],,Land Cover: Tree-covered areas,Percent,Estimated value,Estimated,FAO estimate,Food and Agriculture Organization of the United Nations (FAO),,16.05
2005,E,E,FAO estimate,Food and Agriculture Organization of the United Nations (FAO),Mountain Green Cover Index [15.4.2],,Land Cover: Tree-covered areas,Percent,Estimated value,Estimated,FAO estimate,Food and Agriculture Organization of the United Nations (FAO),,15.77
2010,E,E,FAO estimate,Food and Agriculture Organization of the United Nations (FAO),Mountain Green Cover Index [15.4.2],,Land Cover: Tree-covered areas,Percent,Estimated value,Estimated,FAO estimate,Food and Agriculture Organization of the United Nations (FAO),,15.5
2015,E,E,FAO estimate,Food and Agriculture Organization of the United Nations (FAO),Mountain Green Cover Index [15.4.2],,Land Cover: Tree-covered areas,Percent,Estimated value,Estimated,FAO estimate,Food and Agriculture Organization of the United Nations (FAO),,15.19
2018,E,E,FAO estimate,Food and Agriculture Organization of the United Nations (FAO),Mountain Green Cover Index [15.4.2],,Land Cover: Tree-covered areas,Percent,Estimated value,Estimated,FAO estimate,Food and Agriculture Organization of the United Nations (FAO),,15.08
2021,E,E,FAO estimate,Food and Agriculture Organization of the United Nations (FAO),Mountain Green Cover Index [15.4.2],,Land Cover: Tree-covered areas,Percent,Estimated value,Estimated,FAO estimate,Food and Agriculture Organization of the United Nations (FAO),,15
2000,M,N,NaN = Not relevant,NA,Mountain Green Cover Index [15.4.2],Custom code 01,Land Cover: Artificial surfaces,Percent,Missing value; data cannot exist,Non-relevant,NaN = Not relevant,NA,Nival,NaN
2005,M,N,NaN = Not relevant,NA,Mountain Green Cover Index [15.4.2],Custom code 01,Land Cover: Artificial surfaces,Percent,Missing value; data cannot exist,Non-relevant,NaN = Not relevant,NA,Nival,NaN
2010,M,N,NaN = Not relevant,NA,Mountain Green Cover Index [15.4.2],Custom code 01,Land Cover: Artificial surfaces,Percent,Missing value; data cannot exist,Non-relevant,NaN = Not relevant,NA,Nival,NaN
2015,M,N,NaN = Not relevant,NA,Mountain Green Cover Index [15.4.2],Custom code 01,Land Cover: Artificial surfaces,Percent,Missing value; data cannot exist,Non-relevant,NaN = Not relevant,NA,Nival,NaN
2018,M,N,NaN = Not relevant,NA,Mountain Green Cover Index [15.4.2],Custom code 01,Land Cover: Artificial surfaces,Percent,Missing value; data cannot exist,Non-relevant,NaN = Not relevant,NA,Nival,NaN
2021,M,N,NaN = Not relevant,NA,Mountain Green Cover Index [15.4.2],Custom code 01,Land Cover: Artificial surfaces,Percent,Missing value; data cannot exist,Non-relevant,NaN = Not relevant,NA,Nival,NaN
2000,M,N,NaN = Not relevant,NA,Mountain Green Cover Index [15.4.2],Custom code 01,Land Cover: Croplands,Percent,Missing value; data cannot exist,Non-relevant,NaN = Not relevant,NA,Nival,NaN
2005,M,N,NaN = Not relevant,NA,Mountain Green Cover Index [15.4.2],Custom code 01,Land Cover: Croplands,Percent,Missing value; data cannot exist,Non-relevant,NaN = Not relevant,NA,Nival,NaN
2010,M,N,NaN = Not relevant,NA,Mountain Green Cover Index [15.4.2],Custom code 01,Land Cover: Croplands,Percent,Missing value; data cannot exist,Non-relevant,NaN = Not relevant,NA,Nival,NaN
2015,M,N,NaN = Not relevant,NA,Mountain Green Cover Index [15.4.2],Custom code 01,Land Cover: Croplands,Percent,Missing value; data cannot exist,Non-relevant,NaN = Not relevant,NA,Nival,NaN
2018,M,N,NaN = Not relevant,NA,Mountain Green Cover Index [15.4.2],Custom code 01,Land Cover: Croplands,Percent,Missing value; data cannot exist,Non-relevant,NaN = Not relevant,NA,Nival,NaN
2021,M,N,NaN = Not relevant,NA,Mountain Green Cover Index [15.4.2],Custom code 01,Land Cover: Croplands,Percent,Missing value; data cannot exist,Non-relevant,NaN = Not relevant,NA,Nival,NaN
2000,M,N,NaN = Not relevant,NA,Mountain Green Cover Index [15.4.2],Custom code 01,Land Cover: Grassland,Percent,Missing value; data cannot exist,Non-relevant,NaN = Not relevant,NA,Nival,NaN
2005,M,N,NaN = Not relevant,NA,Mountain Green Cover Index [15.4.2],Custom code 01,Land Cover: Grassland,Percent,Missing value; data cannot exist,Non-relevant,NaN = Not relevant,NA,Nival,NaN
2010,M,N,NaN = Not relevant,NA,Mountain Green Cover Index [15.4.2],Custom code 01,Land Cover: Grassland,Percent,Missing value; data cannot exist,Non-relevant,NaN = Not relevant,NA,Nival,NaN
2015,M,N,NaN = Not relevant,NA,Mountain Green Cover Index [15.4.2],Custom code 01,Land Cover: Grassland,Percent,Missing value; data cannot exist,Non-relevant,NaN = Not relevant,NA,Nival,NaN
2018,M,N,NaN = Not relevant,NA,Mountain Green Cover Index [15.4.2],Custom code 01,Land Cover: Grassland,Percent,Missing value; data cannot exist,Non-relevant,NaN = Not relevant,NA,Nival,NaN
2021,M,N,NaN = Not relevant,NA,Mountain Green Cover Index [15.4.2],Custom code 01,Land Cover: Grassland,Percent,Missing value; data cannot exist,Non-relevant,NaN = Not relevant,NA,Nival,NaN
2000,M,N,NaN = Not relevant,NA,Mountain Green Cover Index [15.4.2],Custom code 01,Land Cover: Inland water bodies,Percent,Missing value; data cannot exist,Non-relevant,NaN = Not relevant,NA,Nival,NaN
2005,M,N,NaN = Not relevant,NA,Mountain Green Cover Index [15.4.2],Custom code 01,Land Cover: Inland water bodies,Percent,Missing value; data cannot exist,Non-relevant,NaN = Not relevant,NA,Nival,NaN
2010,M,N,NaN = Not relevant,NA,Mountain Green Cover Index [15.4.2],Custom code 01,Land Cover: Inland water bodies,Percent,Missing value; data cannot exist,Non-relevant,NaN = Not relevant,NA,Nival,NaN
2015,M,N,NaN = Not relevant,NA,Mountain Green Cover Index [15.4.2],Custom code 01,Land Cover: Inland water bodies,Percent,Missing value; data cannot exist,Non-relevant,NaN = Not relevant,NA,Nival,NaN
2018,M,N,NaN = Not relevant,NA,Mountain Green Cover Index [15.4.2],Custom code 01,Land Cover: Inland water bodies,Percent,Missing value; data cannot exist,Non-relevant,NaN = Not relevant,NA,Nival,NaN
2021,M,N,NaN = Not relevant,NA,Mountain Green Cover Index [15.4.2],Custom code 01,Land Cover: Inland water bodies,Percent,Missing value; data cannot exist,Non-relevant,NaN = Not relevant,NA,Nival,NaN
2000,M,N,NaN = Not relevant,NA,Mountain Green Cover Index [15.4.2],Custom code 01,Land Cover: MGCI,Percent,Missing value; data cannot exist,Non-relevant,NaN = Not relevant,NA,Nival,NaN
2005,M,N,NaN = Not relevant,NA,Mountain Green Cover Index [15.4.2],Custom code 01,Land Cover: MGCI,Percent,Missing value; data cannot exist,Non-relevant,NaN = Not relevant,NA,Nival,NaN
2010,M,N,NaN = Not relevant,NA,Mountain Green Cover Index [15.4.2],Custom code 01,Land Cover: MGCI,Percent,Missing value; data cannot exist,Non-relevant,NaN = Not relevant,NA,Nival,NaN
2015,M,N,NaN = Not relevant,NA,Mountain Green Cover Index [15.4.2],Custom code 01,Land Cover: MGCI,Percent,Missing value; data cannot exist,Non-relevant,NaN = Not relevant,NA,Nival,NaN
2018,M,N,NaN = Not relevant,NA,Mountain Green Cover Index [15.4.2],Custom code 01,Land Cover: MGCI,Percent,Missing value; data cannot exist,Non-relevant,NaN = Not relevant,NA,Nival,NaN
2021,M,N,NaN = Not relevant,NA,Mountain Green Cover Index [15.4.2],Custom code 01,Land Cover: MGCI,Percent,Missing value; data cannot exist,Non-relevant,NaN = Not relevant,NA,Nival,NaN
2000,M,N,NaN = Not relevant,NA,Mountain Green Cover Index [15.4.2],Custom code 01,Land Cover: Permanent snow and glaciers,Percent,Missing value; data cannot exist,Non-relevant,NaN = Not relevant,NA,Nival,NaN
2005,M,N,NaN = Not relevant,NA,Mountain Green Cover Index [15.4.2],Custom code 01,Land Cover: Permanent snow and glaciers,Percent,Missing value; data cannot exist,Non-relevant,NaN = Not relevant,NA,Nival,NaN
2010,M,N,NaN = Not relevant,NA,Mountain Green Cover Index [15.4.2],Custom code 01,Land Cover: Permanent snow and glaciers,Percent,Missing value; data cannot exist,Non-relevant,NaN = Not relevant,NA,Nival,NaN
2015,M,N,NaN = Not relevant,NA,Mountain Green Cover Index [15.4.2],Custom code 01,Land Cover: Permanent snow and glaciers,Percent,Missing value; data cannot exist,Non-relevant,NaN = Not relevant,NA,Nival,NaN
2018,M,N,NaN = Not relevant,NA,Mountain Green Cover Index [15.4.2],Custom code 01,Land Cover: Permanent snow and glaciers,Percent,Missing value; data cannot exist,Non-relevant,NaN = Not relevant,NA,Nival,NaN
2021,M,N,NaN = Not relevant,NA,Mountain Green Cover Index [15.4.2],Custom code 01,Land Cover: Permanent snow and glaciers,Percent,Missing value; data cannot exist,Non-relevant,NaN = Not relevant,NA,Nival,NaN
2000,M,N,NaN = Not relevant,NA,Mountain Green Cover Index [15.4.2],Custom code 01,"Land Cover: Shrubs and/or herbaceous vegetation, aquatic or regularly flooded",Percent,Missing value; data cannot exist,Non-relevant,NaN = Not relevant,NA,Nival,NaN
2005,M,N,NaN = Not relevant,NA,Mountain Green Cover Index [15.4.2],Custom code 01,"Land Cover: Shrubs and/or herbaceous vegetation, aquatic or regularly flooded",Percent,Missing value; data cannot exist,Non-relevant,NaN = Not relevant,NA,Nival,NaN
2010,M,N,NaN = Not relevant,NA,Mountain Green Cover Index [15.4.2],Custom code 01,"Land Cover: Shrubs and/or herbaceous vegetation, aquatic or regularly flooded",Percent,Missing value; data cannot exist,Non-relevant,NaN = Not relevant,NA,Nival,NaN
2015,M,N,NaN = Not relevant,NA,Mountain Green Cover Index [15.4.2],Custom code 01,"Land Cover: Shrubs and/or herbaceous vegetation, aquatic or regularly flooded",Percent,Missing value; data cannot exist,Non-relevant,NaN = Not relevant,NA,Nival,NaN
2018,M,N,NaN = Not relevant,NA,Mountain Green Cover Index [15.4.2],Custom code 01,"Land Cover: Shrubs and/or herbaceous vegetation, aquatic or regularly flooded",Percent,Missing value; data cannot exist,Non-relevant,NaN = Not relevant,NA,Nival,NaN
2021,M,N,NaN = Not relevant,NA,Mountain Green Cover Index [15.4.2],Custom code 01,"Land Cover: Shrubs and/or herbaceous vegetation, aquatic or regularly flooded",Percent,Missing value; data cannot exist,Non-relevant,NaN = Not relevant,NA,Nival,NaN
2000,M,N,NaN = Not relevant,NA,Mountain Green Cover Index [15.4.2],Custom code 01,Land Cover: Shrub-covered areas,Percent,Missing value; data cannot exist,Non-relevant,NaN = Not relevant,NA,Nival,NaN
2005,M,N,NaN = Not relevant,NA,Mountain Green Cover Index [15.4.2],Custom code 01,Land Cover: Shrub-covered areas,Percent,Missing value; data cannot exist,Non-relevant,NaN = Not relevant,NA,Nival,NaN
2010,M,N,NaN = Not relevant,NA,Mountain Green Cover Index [15.4.2],Custom code 01,Land Cover: Shrub-covered areas,Percent,Missing value; data cannot exist,Non-relevant,NaN = Not relevant,NA,Nival,NaN
2015,M,N,NaN = Not relevant,NA,Mountain Green Cover Index [15.4.2],Custom code 01,Land Cover: Shrub-covered areas,Percent,Missing value; data cannot exist,Non-relevant,NaN = Not relevant,NA,Nival,NaN
2018,M,N,NaN = Not relevant,NA,Mountain Green Cover Index [15.4.2],Custom code 01,Land Cover: Shrub-covered areas,Percent,Missing value; data cannot exist,Non-relevant,NaN = Not relevant,NA,Nival,NaN
2021,M,N,NaN = Not relevant,NA,Mountain Green Cover Index [15.4.2],Custom code 01,Land Cover: Shrub-covered areas,Percent,Missing value; data cannot exist,Non-relevant,NaN = Not relevant,NA,Nival,NaN
2000,M,N,NaN = Not relevant,NA,Mountain Green Cover Index [15.4.2],Custom code 01,Land Cover: Sparsely natural vegetated areas,Percent,Missing value; data cannot exist,Non-relevant,NaN = Not relevant,NA,Nival,NaN
2005,M,N,NaN = Not relevant,NA,Mountain Green Cover Index [15.4.2],Custom code 01,Land Cover: Sparsely natural vegetated areas,Percent,Missing value; data cannot exist,Non-relevant,NaN = Not relevant,NA,Nival,NaN
2010,M,N,NaN = Not relevant,NA,Mountain Green Cover Index [15.4.2],Custom code 01,Land Cover: Sparsely natural vegetated areas,Percent,Missing value; data cannot exist,Non-relevant,NaN = Not relevant,NA,Nival,NaN
2015,M,N,NaN = Not relevant,NA,Mountain Green Cover Index [15.4.2],Custom code 01,Land Cover: Sparsely natural vegetated areas,Percent,Missing value; data cannot exist,Non-relevant,NaN = Not relevant,NA,Nival,NaN
2018,M,N,NaN = Not relevant,NA,Mountain Green Cover Index [15.4.2],Custom code 01,Land Cover: Sparsely natural vegetated areas,Percent,Missing value; data cannot exist,Non-relevant,NaN = Not relevant,NA,Nival,NaN
2021,M,N,NaN = Not relevant,NA,Mountain Green Cover Index [15.4.2],Custom code 01,Land Cover: Sparsely natural vegetated areas,Percent,Missing value; data cannot exist,Non-relevant,NaN = Not relevant,NA,Nival,NaN
2000,M,N,NaN = Not relevant,NA,Mountain Green Cover Index [15.4.2],Custom code 01,Land Cover: Terrestrial barren land,Percent,Missing value; data cannot exist,Non-relevant,NaN = Not relevant,NA,Nival,NaN
2005,M,N,NaN = Not relevant,NA,Mountain Green Cover Index [15.4.2],Custom code 01,Land Cover: Terrestrial barren land,Percent,Missing value; data cannot exist,Non-relevant,NaN = Not relevant,NA,Nival,NaN
2010,M,N,NaN = Not relevant,NA,Mountain Green Cover Index [15.4.2],Custom code 01,Land Cover: Terrestrial barren land,Percent,Missing value; data cannot exist,Non-relevant,NaN = Not relevant,NA,Nival,NaN
2015,M,N,NaN = Not relevant,NA,Mountain Green Cover Index [15.4.2],Custom code 01,Land Cover: Terrestrial barren land,Percent,Missing value; data cannot exist,Non-relevant,NaN = Not relevant,NA,Nival,NaN
2018,M,N,NaN = Not relevant,NA,Mountain Green Cover Index [15.4.2],Custom code 01,Land Cover: Terrestrial barren land,Percent,Missing value; data cannot exist,Non-relevant,NaN = Not relevant,NA,Nival,NaN
2021,M,N,NaN = Not relevant,NA,Mountain Green Cover Index [15.4.2],Custom code 01,Land Cover: Terrestrial barren land,Percent,Missing value; data cannot exist,Non-relevant,NaN = Not relevant,NA,Nival,NaN
2000,M,N,NaN = Not relevant,NA,Mountain Green Cover Index [15.4.2],Custom code 01,Land Cover: Tree-covered areas,Percent,Missing value; data cannot exist,Non-relevant,NaN = Not relevant,NA,Nival,NaN
2005,M,N,NaN = Not relevant,NA,Mountain Green Cover Index [15.4.2],Custom code 01,Land Cover: Tree-covered areas,Percent,Missing value; data cannot exist,Non-relevant,NaN = Not relevant,NA,Nival,NaN
2010,M,N,NaN = Not relevant,NA,Mountain Green Cover Index [15.4.2],Custom code 01,Land Cover: Tree-covered areas,Percent,Missing value; data cannot exist,Non-relevant,NaN = Not relevant,NA,Nival,NaN
2015,M,N,NaN = Not relevant,NA,Mountain Green Cover Index [15.4.2],Custom code 01,Land Cover: Tree-covered areas,Percent,Missing value; data cannot exist,Non-relevant,NaN = Not relevant,NA,Nival,NaN
2018,M,N,NaN = Not relevant,NA,Mountain Green Cover Index [15.4.2],Custom code 01,Land Cover: Tree-covered areas,Percent,Missing value; data cannot exist,Non-relevant,NaN = Not relevant,NA,Nival,NaN
2021,M,N,NaN = Not relevant,NA,Mountain Green Cover Index [15.4.2],Custom code 01,Land Cover: Tree-covered areas,Percent,Missing value; data cannot exist,Non-relevant,NaN = Not relevant,NA,Nival,NaN
2000,E,E,FAO estimate,Food and Agriculture Organization of the United Nations (FAO),Mountain Green Cover Index [15.4.2],Custom code 02,Land Cover: Artificial surfaces,Percent,Estimated value,Estimated,FAO estimate,Food and Agriculture Organization of the United Nations (FAO),Alpine,0.02
2005,E,E,FAO estimate,Food and Agriculture Organization of the United Nations (FAO),Mountain Green Cover Index [15.4.2],Custom code 02,Land Cover: Artificial surfaces,Percent,Estimated value,Estimated,FAO estimate,Food and Agriculture Organization of the United Nations (FAO),Alpine,0.02
2010,E,E,FAO estimate,Food and Agriculture Organization of the United Nations (FAO),Mountain Green Cover Index [15.4.2],Custom code 02,Land Cover: Artificial surfaces,Percent,Estimated value,Estimated,FAO estimate,Food and Agriculture Organization of the United Nations (FAO),Alpine,0.02
2015,E,E,FAO estimate,Food and Agriculture Organization of the United Nations (FAO),Mountain Green Cover Index [15.4.2],Custom code 02,Land Cover: Artificial surfaces,Percent,Estimated value,Estimated,FAO estimate,Food and Agriculture Organization of the United Nations (FAO),Alpine,0.02
2018,E,E,FAO estimate,Food and Agriculture Organization of the United Nations (FAO),Mountain Green Cover Index [15.4.2],Custom code 02,Land Cover: Artificial surfaces,Percent,Estimated value,Estimated,FAO estimate,Food and Agriculture Organization of the United Nations (FAO),Alpine,0.02
2021,E,E,FAO estimate,Food and Agriculture Organization of the United Nations (FAO),Mountain Green Cover Index [15.4.2],Custom code 02,Land Cover: Artificial surfaces,Percent,Estimated value,Estimated,FAO estimate,Food and Agriculture Organization of the United Nations (FAO),Alpine,0.02
2000,E,E,FAO estimate,Food and Agriculture Organization of the United Nations (FAO),Mountain Green Cover Index [15.4.2],Custom code 02,Land Cover: Croplands,Percent,Estimated value,Estimated,FAO estimate,Food and Agriculture Organization of the United Nations (FAO),Alpine,0
2005,E,E,FAO estimate,Food and Agriculture Organization of the United Nations (FAO),Mountain Green Cover Index [15.4.2],Custom code 02,Land Cover: Croplands,Percent,Estimated value,Estimated,FAO estimate,Food and Agriculture Organization of the United Nations (FAO),Alpine,0
2010,E,E,FAO estimate,Food and Agriculture Organization of the United Nations (FAO),Mountain Green Cover Index [15.4.2],Custom code 02,Land Cover: Croplands,Percent,Estimated value,Estimated,FAO estimate,Food and Agriculture Organization of the United Nations (FAO),Alpine,0
2015,E,E,FAO estimate,Food and Agriculture Organization of the United Nations (FAO),Mountain Green Cover Index [15.4.2],Custom code 02,Land Cover: Croplands,Percent,Estimated value,Estimated,FAO estimate,Food and Agriculture Organization of the United Nations (FAO),Alpine,0
2018,E,E,FAO estimate,Food and Agriculture Organization of the United Nations (FAO),Mountain Green Cover Index [15.4.2],Custom code 02,Land Cover: Croplands,Percent,Estimated value,Estimated,FAO estimate,Food and Agriculture Organization of the United Nations (FAO),Alpine,0
2021,E,E,FAO estimate,Food and Agriculture Organization of the United Nations (FAO),Mountain Green Cover Index [15.4.2],Custom code 02,Land Cover: Croplands,Percent,Estimated value,Estimated,FAO estimate,Food and Agriculture Organization of the United Nations (FAO),Alpine,0
2000,E,E,FAO estimate,Food and Agriculture Organization of the United Nations (FAO),Mountain Green Cover Index [15.4.2],Custom code 02,Land Cover: Grassland,Percent,Estimated value,Estimated,FAO estimate,Food and Agriculture Organization of the United Nations (FAO),Alpine,79.81
2005,E,E,FAO estimate,Food and Agriculture Organization of the United Nations (FAO),Mountain Green Cover Index [15.4.2],Custom code 02,Land Cover: Grassland,Percent,Estimated value,Estimated,FAO estimate,Food and Agriculture Organization of the United Nations (FAO),Alpine,79.66
2010,E,E,FAO estimate,Food and Agriculture Organization of the United Nations (FAO),Mountain Green Cover Index [15.4.2],Custom code 02,Land Cover: Grassland,Percent,Estimated value,Estimated,FAO estimate,Food and Agriculture Organization of the United Nations (FAO),Alpine,79.59
2015,E,E,FAO estimate,Food and Agriculture Organization of the United Nations (FAO),Mountain Green Cover Index [15.4.2],Custom code 02,Land Cover: Grassland,Percent,Estimated value,Estimated,FAO estimate,Food and Agriculture Organization of the United Nations (FAO),Alpine,79.59
2018,E,E,FAO estimate,Food and Agriculture Organization of the United Nations (FAO),Mountain Green Cover Index [15.4.2],Custom code 02,Land Cover: Grassland,Percent,Estimated value,Estimated,FAO estimate,Food and Agriculture Organization of the United Nations (FAO),Alpine,79.6
2021,E,E,FAO estimate,Food and Agriculture Organization of the United Nations (FAO),Mountain Green Cover Index [15.4.2],Custom code 02,Land Cover: Grassland,Percent,Estimated value,Estimated,FAO estimate,Food and Agriculture Organization of the United Nations (FAO),Alpine,79.6
2000,E,E,FAO estimate,Food and Agriculture Organization of the United Nations (FAO),Mountain Green Cover Index [15.4.2],Custom code 02,Land Cover: Inland water bodies,Percent,Estimated value,Estimated,FAO estimate,Food and Agriculture Organization of the United Nations (FAO),Alpine,0.28
2005,E,E,FAO estimate,Food and Agriculture Organization of the United Nations (FAO),Mountain Green Cover Index [15.4.2],Custom code 02,Land Cover: Inland water bodies,Percent,Estimated value,Estimated,FAO estimate,Food and Agriculture Organization of the United Nations (FAO),Alpine,0.24
2010,E,E,FAO estimate,Food and Agriculture Organization of the United Nations (FAO),Mountain Green Cover Index [15.4.2],Custom code 02,Land Cover: Inland water bodies,Percent,Estimated value,Estimated,FAO estimate,Food and Agriculture Organization of the United Nations (FAO),Alpine,0.26
2015,E,E,FAO estimate,Food and Agriculture Organization of the United Nations (FAO),Mountain Green Cover Index [15.4.2],Custom code 02,Land Cover: Inland water bodies,Percent,Estimated value,Estimated,FAO estimate,Food and Agriculture Organization of the United Nations (FAO),Alpine,0.38
2018,E,E,FAO estimate,Food and Agriculture Organization of the United Nations (FAO),Mountain Green Cover Index [15.4.2],Custom code 02,Land Cover: Inland water bodies,Percent,Estimated value,Estimated,FAO estimate,Food and Agriculture Organization of the United Nations (FAO),Alpine,0.38
2021,E,E,FAO estimate,Food and Agriculture Organization of the United Nations (FAO),Mountain Green Cover Index [15.4.2],Custom code 02,Land Cover: Inland water bodies,Percent,Estimated value,Estimated,FAO estimate,Food and Agriculture Organization of the United Nations (FAO),Alpine,0.38
2000,E,E,FAO estimate,Food and Agriculture Organization of the United Nations (FAO),Mountain Green Cover Index [15.4.2],Custom code 02,Land Cover: MGCI,Percent,Estimated value,Estimated,FAO estimate,Food and Agriculture Organization of the United Nations (FAO),Alpine,99.37
2005,E,E,FAO estimate,Food and Agriculture Organization of the United Nations (FAO),Mountain Green Cover Index [15.4.2],Custom code 02,Land Cover: MGCI,Percent,Estimated value,Estimated,FAO estimate,Food and Agriculture Organization of the United Nations (FAO),Alpine,99.43
2010,E,E,FAO estimate,Food and Agriculture Organization of the United Nations (FAO),Mountain Green Cover Index [15.4.2],Custom code 02,Land Cover: MGCI,Percent,Estimated value,Estimated,FAO estimate,Food and Agriculture Organization of the United Nations (FAO),Alpine,99.4
2015,E,E,FAO estimate,Food and Agriculture Organization of the United Nations (FAO),Mountain Green Cover Index [15.4.2],Custom code 02,Land Cover: MGCI,Percent,Estimated value,Estimated,FAO estimate,Food and Agriculture Organization of the United Nations (FAO),Alpine,99.29
2018,E,E,FAO estimate,Food and Agriculture Organization of the United Nations (FAO),Mountain Green Cover Index [15.4.2],Custom code 02,Land Cover: MGCI,Percent,Estimated value,Estimated,FAO estimate,Food and Agriculture Organization of the United Nations (FAO),Alpine,99.24
2021,E,E,FAO estimate,Food and Agriculture Organization of the United Nations (FAO),Mountain Green Cover Index [15.4.2],Custom code 02,Land Cover: MGCI,Percent,Estimated value,Estimated,FAO estimate,Food and Agriculture Organization of the United Nations (FAO),Alpine,99.21
2000,E,E,FAO estimate,Food and Agriculture Organization of the United Nations (FAO),Mountain Green Cover Index [15.4.2],Custom code 02,Land Cover: Permanent snow and glaciers,Percent,Estimated value,Estimated,FAO estimate,Food and Agriculture Organization of the United Nations (FAO),Alpine,0
2005,E,E,FAO estimate,Food and Agriculture Organization of the United Nations (FAO),Mountain Green Cover Index [15.4.2],Custom code 02,Land Cover: Permanent snow and glaciers,Percent,Estimated value,Estimated,FAO estimate,Food and Agriculture Organization of the United Nations (FAO),Alpine,0
2010,E,E,FAO estimate,Food and Agriculture Organization of the United Nations (FAO),Mountain Green Cover Index [15.4.2],Custom code 02,Land Cover: Permanent snow and glaciers,Percent,Estimated value,Estimated,FAO estimate,Food and Agriculture Organization of the United Nations (FAO),Alpine,0
2015,E,E,FAO estimate,Food and Agriculture Organization of the United Nations (FAO),Mountain Green Cover Index [15.4.2],Custom code 02,Land Cover: Permanent snow and glaciers,Percent,Estimated value,Estimated,FAO estimate,Food and Agriculture Organization of the United Nations (FAO),Alpine,0
2018,E,E,FAO estimate,Food and Agriculture Organization of the United Nations (FAO),Mountain Green Cover Index [15.4.2],Custom code 02,Land Cover: Permanent snow and glaciers,Percent,Estimated value,Estimated,FAO estimate,Food and Agriculture Organization of the United Nations (FAO),Alpine,0
2021,E,E,FAO estimate,Food and Agriculture Organization of the United Nations (FAO),Mountain Green Cover Index [15.4.2],Custom code 02,Land Cover: Permanent snow and glaciers,Percent,Estimated value,Estimated,FAO estimate,Food and Agriculture Organization of the United Nations (FAO),Alpine,0
2000,E,E,FAO estimate,Food and Agriculture Organization of the United Nations (FAO),Mountain Green Cover Index [15.4.2],Custom code 02,"Land Cover: Shrubs and/or herbaceous vegetation, aquatic or regularly flooded",Percent,Estimated value,Estimated,FAO estimate,Food and Agriculture Organization of the United Nations (FAO),Alpine,0.01
2005,E,E,FAO estimate,Food and Agriculture Organization of the United Nations (FAO),Mountain Green Cover Index [15.4.2],Custom code 02,"Land Cover: Shrubs and/or herbaceous vegetation, aquatic or regularly flooded",Percent,Estimated value,Estimated,FAO estimate,Food and Agriculture Organization of the United Nations (FAO),Alpine,0.01
2010,E,E,FAO estimate,Food and Agriculture Organization of the United Nations (FAO),Mountain Green Cover Index [15.4.2],Custom code 02,"Land Cover: Shrubs and/or herbaceous vegetation, aquatic or regularly flooded",Percent,Estimated value,Estimated,FAO estimate,Food and Agriculture Organization of the United Nations (FAO),Alpine,0.01
2015,E,E,FAO estimate,Food and Agriculture Organization of the United Nations (FAO),Mountain Green Cover Index [15.4.2],Custom code 02,"Land Cover: Shrubs and/or herbaceous vegetation, aquatic or regularly flooded",Percent,Estimated value,Estimated,FAO estimate,Food and Agriculture Organization of the United Nations (FAO),Alpine,0.01
2018,E,E,FAO estimate,Food and Agriculture Organization of the United Nations (FAO),Mountain Green Cover Index [15.4.2],Custom code 02,"Land Cover: Shrubs and/or herbaceous vegetation, aquatic or regularly flooded",Percent,Estimated value,Estimated,FAO estimate,Food and Agriculture Organization of the United Nations (FAO),Alpine,0.01
2021,E,E,FAO estimate,Food and Agriculture Organization of the United Nations (FAO),Mountain Green Cover Index [15.4.2],Custom code 02,"Land Cover: Shrubs and/or herbaceous vegetation, aquatic or regularly flooded",Percent,Estimated value,Estimated,FAO estimate,Food and Agriculture Organization of the United Nations (FAO),Alpine,0.01
2000,E,E,FAO estimate,Food and Agriculture Organization of the United Nations (FAO),Mountain Green Cover Index [15.4.2],Custom code 02,Land Cover: Shrub-covered areas,Percent,Estimated value,Estimated,FAO estimate,Food and Agriculture Organization of the United Nations (FAO),Alpine,4.96
2005,E,E,FAO estimate,Food and Agriculture Organization of the United Nations (FAO),Mountain Green Cover Index [15.4.2],Custom code 02,Land Cover: Shrub-covered areas,Percent,Estimated value,Estimated,FAO estimate,Food and Agriculture Organization of the United Nations (FAO),Alpine,5.2
2010,E,E,FAO estimate,Food and Agriculture Organization of the United Nations (FAO),Mountain Green Cover Index [15.4.2],Custom code 02,Land Cover: Shrub-covered areas,Percent,Estimated value,Estimated,FAO estimate,Food and Agriculture Organization of the United Nations (FAO),Alpine,5.19
2015,E,E,FAO estimate,Food and Agriculture Organization of the United Nations (FAO),Mountain Green Cover Index [15.4.2],Custom code 02,Land Cover: Shrub-covered areas,Percent,Estimated value,Estimated,FAO estimate,Food and Agriculture Organization of the United Nations (FAO),Alpine,5.2
2018,E,E,FAO estimate,Food and Agriculture Organization of the United Nations (FAO),Mountain Green Cover Index [15.4.2],Custom code 02,Land Cover: Shrub-covered areas,Percent,Estimated value,Estimated,FAO estimate,Food and Agriculture Organization of the United Nations (FAO),Alpine,5.11
2021,E,E,FAO estimate,Food and Agriculture Organization of the United Nations (FAO),Mountain Green Cover Index [15.4.2],Custom code 02,Land Cover: Shrub-covered areas,Percent,Estimated value,Estimated,FAO estimate,Food and Agriculture Organization of the United Nations (FAO),Alpine,5.05
2000,E,E,FAO estimate,Food and Agriculture Organization of the United Nations (FAO),Mountain Green Cover Index [15.4.2],Custom code 02,Land Cover: Sparsely natural vegetated areas,Percent,Estimated value,Estimated,FAO estimate,Food and Agriculture Organization of the United Nations (FAO),Alpine,0.14
2005,E,E,FAO estimate,Food and Agriculture Organization of the United Nations (FAO),Mountain Green Cover Index [15.4.2],Custom code 02,Land Cover: Sparsely natural vegetated areas,Percent,Estimated value,Estimated,FAO estimate,Food and Agriculture Organization of the United Nations (FAO),Alpine,0.14
2010,E,E,FAO estimate,Food and Agriculture Organization of the United Nations (FAO),Mountain Green Cover Index [15.4.2],Custom code 02,Land Cover: Sparsely natural vegetated areas,Percent,Estimated value,Estimated,FAO estimate,Food and Agriculture Organization of the United Nations (FAO),Alpine,0.14
2015,E,E,FAO estimate,Food and Agriculture Organization of the United Nations (FAO),Mountain Green Cover Index [15.4.2],Custom code 02,Land Cover: Sparsely natural vegetated areas,Percent,Estimated value,Estimated,FAO estimate,Food and Agriculture Organization of the United Nations (FAO),Alpine,0.14
2018,E,E,FAO estimate,Food and Agriculture Organization of the United Nations (FAO),Mountain Green Cover Index [15.4.2],Custom code 02,Land Cover: Sparsely natural vegetated areas,Percent,Estimated value,Estimated,FAO estimate,Food and Agriculture Organization of the United Nations (FAO),Alpine,0.14
2021,E,E,FAO estimate,Food and Agriculture Organization of the United Nations (FAO),Mountain Green Cover Index [15.4.2],Custom code 02,Land Cover: Sparsely natural vegetated areas,Percent,Estimated value,Estimated,FAO estimate,Food and Agriculture Organization of the United Nations (FAO),Alpine,0.14
2000,E,E,FAO estimate,Food and Agriculture Organization of the United Nations (FAO),Mountain Green Cover Index [15.4.2],Custom code 02,Land Cover: Terrestrial barren land,Percent,Estimated value,Estimated,FAO estimate,Food and Agriculture Organization of the United Nations (FAO),Alpine,0.2
2005,E,E,FAO estimate,Food and Agriculture Organization of the United Nations (FAO),Mountain Green Cover Index [15.4.2],Custom code 02,Land Cover: Terrestrial barren land,Percent,Estimated value,Estimated,FAO estimate,Food and Agriculture Organization of the United Nations (FAO),Alpine,0.18
2010,E,E,FAO estimate,Food and Agriculture Organization of the United Nations (FAO),Mountain Green Cover Index [15.4.2],Custom code 02,Land Cover: Terrestrial barren land,Percent,Estimated value,Estimated,FAO estimate,Food and Agriculture Organization of the United Nations (FAO),Alpine,0.18
2015,E,E,FAO estimate,Food and Agriculture Organization of the United Nations (FAO),Mountain Green Cover Index [15.4.2],Custom code 02,Land Cover: Terrestrial barren land,Percent,Estimated value,Estimated,FAO estimate,Food and Agriculture Organization of the United Nations (FAO),Alpine,0.18
2018,E,E,FAO estimate,Food and Agriculture Organization of the United Nations (FAO),Mountain Green Cover Index [15.4.2],Custom code 02,Land Cover: Terrestrial barren land,Percent,Estimated value,Estimated,FAO estimate,Food and Agriculture Organization of the United Nations (FAO),Alpine,0.22
2021,E,E,FAO estimate,Food and Agriculture Organization of the United Nations (FAO),Mountain Green Cover Index [15.4.2],Custom code 02,Land Cover: Terrestrial barren land,Percent,Estimated value,Estimated,FAO estimate,Food and Agriculture Organization of the United Nations (FAO),Alpine,0.26
2000,E,E,FAO estimate,Food and Agriculture Organization of the United Nations (FAO),Mountain Green Cover Index [15.4.2],Custom code 02,Land Cover: Tree-covered areas,Percent,Estimated value,Estimated,FAO estimate,Food and Agriculture Organization of the United Nations (FAO),Alpine,14.59
2005,E,E,FAO estimate,Food and Agriculture Organization of the United Nations (FAO),Mountain Green Cover Index [15.4.2],Custom code 02,Land Cover: Tree-covered areas,Percent,Estimated value,Estimated,FAO estimate,Food and Agriculture Organization of the United Nations (FAO),Alpine,14.55
2010,E,E,FAO estimate,Food and Agriculture Organization of the United Nations (FAO),Mountain Green Cover Index [15.4.2],Custom code 02,Land Cover: Tree-covered areas,Percent,Estimated value,Estimated,FAO estimate,Food and Agriculture Organization of the United Nations (FAO),Alpine,14.62
2015,E,E,FAO estimate,Food and Agriculture Organization of the United Nations (FAO),Mountain Green Cover Index [15.4.2],Custom code 02,Land Cover: Tree-covered areas,Percent,Estimated value,Estimated,FAO estimate,Food and Agriculture Organization of the United Nations (FAO),Alpine,14.49
2018,E,E,FAO estimate,Food and Agriculture Organization of the United Nations (FAO),Mountain Green Cover Index [15.4.2],Custom code 02,Land Cover: Tree-covered areas,Percent,Estimated value,Estimated,FAO estimate,Food and Agriculture Organization of the United Nations (FAO),Alpine,14.53
2021,E,E,FAO estimate,Food and Agriculture Organization of the United Nations (FAO),Mountain Green Cover Index [15.4.2],Custom code 02,Land Cover: Tree-covered areas,Percent,Estimated value,Estimated,FAO estimate,Food and Agriculture Organization of the United Nations (FAO),Alpine,14.55
2000,E,E,FAO estimate,Food and Agriculture Organization of the United Nations (FAO),Mountain Green Cover Index [15.4.2],Custom code 03,Land Cover: Artificial surfaces,Percent,Estimated value,Estimated,FAO estimate,Food and Agriculture Organization of the United Nations (FAO),Montane,2.66
2005,E,E,FAO estimate,Food and Agriculture Organization of the United Nations (FAO),Mountain Green Cover Index [15.4.2],Custom code 03,Land Cover: Artificial surfaces,Percent,Estimated value,Estimated,FAO estimate,Food and Agriculture Organization of the United Nations (FAO),Montane,2.8
2010,E,E,FAO estimate,Food and Agriculture Organization of the United Nations (FAO),Mountain Green Cover Index [15.4.2],Custom code 03,Land Cover: Artificial surfaces,Percent,Estimated value,Estimated,FAO estimate,Food and Agriculture Organization of the United Nations (FAO),Montane,2.84
2015,E,E,FAO estimate,Food and Agriculture Organization of the United Nations (FAO),Mountain Green Cover Index [15.4.2],Custom code 03,Land Cover: Artificial surfaces,Percent,Estimated value,Estimated,FAO estimate,Food and Agriculture Organization of the United Nations (FAO),Montane,3.03
2018,E,E,FAO estimate,Food and Agriculture Organization of the United Nations (FAO),Mountain Green Cover Index [15.4.2],Custom code 03,Land Cover: Artificial surfaces,Percent,Estimated value,Estimated,FAO estimate,Food and Agriculture Organization of the United Nations (FAO),Montane,3.55
2021,E,E,FAO estimate,Food and Agriculture Organization of the United Nations (FAO),Mountain Green Cover Index [15.4.2],Custom code 03,Land Cover: Artificial surfaces,Percent,Estimated value,Estimated,FAO estimate,Food and Agriculture Organization of the United Nations (FAO),Montane,3.89
2000,E,E,FAO estimate,Food and Agriculture Organization of the United Nations (FAO),Mountain Green Cover Index [15.4.2],Custom code 03,Land Cover: Croplands,Percent,Estimated value,Estimated,FAO estimate,Food and Agriculture Organization of the United Nations (FAO),Montane,30.85
2005,E,E,FAO estimate,Food and Agriculture Organization of the United Nations (FAO),Mountain Green Cover Index [15.4.2],Custom code 03,Land Cover: Croplands,Percent,Estimated value,Estimated,FAO estimate,Food and Agriculture Organization of the United Nations (FAO),Montane,32.69
2010,E,E,FAO estimate,Food and Agriculture Organization of the United Nations (FAO),Mountain Green Cover Index [15.4.2],Custom code 03,Land Cover: Croplands,Percent,Estimated value,Estimated,FAO estimate,Food and Agriculture Organization of the United Nations (FAO),Montane,34.26
2015,E,E,FAO estimate,Food and Agriculture Organization of the United Nations (FAO),Mountain Green Cover Index [15.4.2],Custom code 03,Land Cover: Croplands,Percent,Estimated value,Estimated,FAO estimate,Food and Agriculture Organization of the United Nations (FAO),Montane,35.54
2018,E,E,FAO estimate,Food and Agriculture Organization of the United Nations (FAO),Mountain Green Cover Index [15.4.2],Custom code 03,Land Cover: Croplands,Percent,Estimated value,Estimated,FAO estimate,Food and Agriculture Organization of the United Nations (FAO),Montane,35.56
2021,E,E,FAO estimate,Food and Agriculture Organization of the United Nations (FAO),Mountain Green Cover Index [15.4.2],Custom code 03,Land Cover: Croplands,Percent,Estimated value,Estimated,FAO estimate,Food and Agriculture Organization of the United Nations (FAO),Montane,35.58
2000,E,E,FAO estimate,Food and Agriculture Organization of the United Nations (FAO),Mountain Green Cover Index [15.4.2],Custom code 03,Land Cover: Grassland,Percent,Estimated value,Estimated,FAO estimate,Food and Agriculture Organization of the United Nations (FAO),Montane,13.52
2005,E,E,FAO estimate,Food and Agriculture Organization of the United Nations (FAO),Mountain Green Cover Index [15.4.2],Custom code 03,Land Cover: Grassland,Percent,Estimated value,Estimated,FAO estimate,Food and Agriculture Organization of the United Nations (FAO),Montane,12.66
2010,E,E,FAO estimate,Food and Agriculture Organization of the United Nations (FAO),Mountain Green Cover Index [15.4.2],Custom code 03,Land Cover: Grassland,Percent,Estimated value,Estimated,FAO estimate,Food and Agriculture Organization of the United Nations (FAO),Montane,12.09
2015,E,E,FAO estimate,Food and Agriculture Organization of the United Nations (FAO),Mountain Green Cover Index [15.4.2],Custom code 03,Land Cover: Grassland,Percent,Estimated value,Estimated,FAO estimate,Food and Agriculture Organization of the United Nations (FAO),Montane,11.66
2018,E,E,FAO estimate,Food and Agriculture Organization of the United Nations (FAO),Mountain Green Cover Index [15.4.2],Custom code 03,Land Cover: Grassland,Percent,Estimated value,Estimated,FAO estimate,Food and Agriculture Organization of the United Nations (FAO),Montane,11.59
2021,E,E,FAO estimate,Food and Agriculture Organization of the United Nations (FAO),Mountain Green Cover Index [15.4.2],Custom code 03,Land Cover: Grassland,Percent,Estimated value,Estimated,FAO estimate,Food and Agriculture Organization of the United Nations (FAO),Montane,11.54
2000,E,E,FAO estimate,Food and Agriculture Organization of the United Nations (FAO),Mountain Green Cover Index [15.4.2],Custom code 03,Land Cover: Inland water bodies,Percent,Estimated value,Estimated,FAO estimate,Food and Agriculture Organization of the United Nations (FAO),Montane,0.02
2005,E,E,FAO estimate,Food and Agriculture Organization of the United Nations (FAO),Mountain Green Cover Index [15.4.2],Custom code 03,Land Cover: Inland water bodies,Percent,Estimated value,Estimated,FAO estimate,Food and Agriculture Organization of the United Nations (FAO),Montane,0.02
2010,E,E,FAO estimate,Food and Agriculture Organization of the United Nations (FAO),Mountain Green Cover Index [15.4.2],Custom code 03,Land Cover: Inland water bodies,Percent,Estimated value,Estimated,FAO estimate,Food and Agriculture Organization of the United Nations (FAO),Montane,0.03
2015,E,E,FAO estimate,Food and Agriculture Organization of the United Nations (FAO),Mountain Green Cover Index [15.4.2],Custom code 03,Land Cover: Inland water bodies,Percent,Estimated value,Estimated,FAO estimate,Food and Agriculture Organization of the United Nations (FAO),Montane,0.04
2018,E,E,FAO estimate,Food and Agriculture Organization of the United Nations (FAO),Mountain Green Cover Index [15.4.2],Custom code 03,Land Cover: Inland water bodies,Percent,Estimated value,Estimated,FAO estimate,Food and Agriculture Organization of the United Nations (FAO),Montane,0.05
2021,E,E,FAO estimate,Food and Agriculture Organization of the United Nations (FAO),Mountain Green Cover Index [15.4.2],Custom code 03,Land Cover: Inland water bodies,Percent,Estimated value,Estimated,FAO estimate,Food and Agriculture Organization of the United Nations (FAO),Montane,0.05
2000,E,E,FAO estimate,Food and Agriculture Organization of the United Nations (FAO),Mountain Green Cover Index [15.4.2],Custom code 03,Land Cover: MGCI,Percent,Estimated value,Estimated,FAO estimate,Food and Agriculture Organization of the United Nations (FAO),Montane,97.31
2005,E,E,FAO estimate,Food and Agriculture Organization of the United Nations (FAO),Mountain Green Cover Index [15.4.2],Custom code 03,Land Cover: MGCI,Percent,Estimated value,Estimated,FAO estimate,Food and Agriculture Organization of the United Nations (FAO),Montane,97.18
2010,E,E,FAO estimate,Food and Agriculture Organization of the United Nations (FAO),Mountain Green Cover Index [15.4.2],Custom code 03,Land Cover: MGCI,Percent,Estimated value,Estimated,FAO estimate,Food and Agriculture Organization of the United Nations (FAO),Montane,97.12
2015,E,E,FAO estimate,Food and Agriculture Organization of the United Nations (FAO),Mountain Green Cover Index [15.4.2],Custom code 03,Land Cover: MGCI,Percent,Estimated value,Estimated,FAO estimate,Food and Agriculture Organization of the United Nations (FAO),Montane,96.92
2018,E,E,FAO estimate,Food and Agriculture Organization of the United Nations (FAO),Mountain Green Cover Index [15.4.2],Custom code 03,Land Cover: MGCI,Percent,Estimated value,Estimated,FAO estimate,Food and Agriculture Organization of the United Nations (FAO),Montane,96.41
2021,E,E,FAO estimate,Food and Agriculture Organization of the United Nations (FAO),Mountain Green Cover Index [15.4.2],Custom code 03,Land Cover: MGCI,Percent,Estimated value,Estimated,FAO estimate,Food and Agriculture Organization of the United Nations (FAO),Montane,96.06
2000,E,E,FAO estimate,Food and Agriculture Organization of the United Nations (FAO),Mountain Green Cover Index [15.4.2],Custom code 03,Land Cover: Permanent snow and glaciers,Percent,Estimated value,Estimated,FAO estimate,Food and Agriculture Organization of the United Nations (FAO),Montane,0
2005,E,E,FAO estimate,Food and Agriculture Organization of the United Nations (FAO),Mountain Green Cover Index [15.4.2],Custom code 03,Land Cover: Permanent snow and glaciers,Percent,Estimated value,Estimated,FAO estimate,Food and Agriculture Organization of the United Nations (FAO),Montane,0
2010,E,E,FAO estimate,Food and Agriculture Organization of the United Nations (FAO),Mountain Green Cover Index [15.4.2],Custom code 03,Land Cover: Permanent snow and glaciers,Percent,Estimated value,Estimated,FAO estimate,Food and Agriculture Organization of the United Nations (FAO),Montane,0
2015,E,E,FAO estimate,Food and Agriculture Organization of the United Nations (FAO),Mountain Green Cover Index [15.4.2],Custom code 03,Land Cover: Permanent snow and glaciers,Percent,Estimated value,Estimated,FAO estimate,Food and Agriculture Organization of the United Nations (FAO),Montane,0
2018,E,E,FAO estimate,Food and Agriculture Organization of the United Nations (FAO),Mountain Green Cover Index [15.4.2],Custom code 03,Land Cover: Permanent snow and glaciers,Percent,Estimated value,Estimated,FAO estimate,Food and Agriculture Organization of the United Nations (FAO),Montane,0
2021,E,E,FAO estimate,Food and Agriculture Organization of the United Nations (FAO),Mountain Green Cover Index [15.4.2],Custom code 03,Land Cover: Permanent snow and glaciers,Percent,Estimated value,Estimated,FAO estimate,Food and Agriculture Organization of the United Nations (FAO),Montane,0
2000,E,E,FAO estimate,Food and Agriculture Organization of the United Nations (FAO),Mountain Green Cover Index [15.4.2],Custom code 03,"Land Cover: Shrubs and/or herbaceous vegetation, aquatic or regularly flooded",Percent,Estimated value,Estimated,FAO estimate,Food and Agriculture Organization of the United Nations (FAO),Montane,0.02
2005,E,E,FAO estimate,Food and Agriculture Organization of the United Nations (FAO),Mountain Green Cover Index [15.4.2],Custom code 03,"Land Cover: Shrubs and/or herbaceous vegetation, aquatic or regularly flooded",Percent,Estimated value,Estimated,FAO estimate,Food and Agriculture Organization of the United Nations (FAO),Montane,0.02
2010,E,E,FAO estimate,Food and Agriculture Organization of the United Nations (FAO),Mountain Green Cover Index [15.4.2],Custom code 03,"Land Cover: Shrubs and/or herbaceous vegetation, aquatic or regularly flooded",Percent,Estimated value,Estimated,FAO estimate,Food and Agriculture Organization of the United Nations (FAO),Montane,0.01
2015,E,E,FAO estimate,Food and Agriculture Organization of the United Nations (FAO),Mountain Green Cover Index [15.4.2],Custom code 03,"Land Cover: Shrubs and/or herbaceous vegetation, aquatic or regularly flooded",Percent,Estimated value,Estimated,FAO estimate,Food and Agriculture Organization of the United Nations (FAO),Montane,0
2018,E,E,FAO estimate,Food and Agriculture Organization of the United Nations (FAO),Mountain Green Cover Index [15.4.2],Custom code 03,"Land Cover: Shrubs and/or herbaceous vegetation, aquatic or regularly flooded",Percent,Estimated value,Estimated,FAO estimate,Food and Agriculture Organization of the United Nations (FAO),Montane,0
2021,E,E,FAO estimate,Food and Agriculture Organization of the United Nations (FAO),Mountain Green Cover Index [15.4.2],Custom code 03,"Land Cover: Shrubs and/or herbaceous vegetation, aquatic or regularly flooded",Percent,Estimated value,Estimated,FAO estimate,Food and Agriculture Organization of the United Nations (FAO),Montane,0
2000,E,E,FAO estimate,Food and Agriculture Organization of the United Nations (FAO),Mountain Green Cover Index [15.4.2],Custom code 03,Land Cover: Shrub-covered areas,Percent,Estimated value,Estimated,FAO estimate,Food and Agriculture Organization of the United Nations (FAO),Montane,3.67
2005,E,E,FAO estimate,Food and Agriculture Organization of the United Nations (FAO),Mountain Green Cover Index [15.4.2],Custom code 03,Land Cover: Shrub-covered areas,Percent,Estimated value,Estimated,FAO estimate,Food and Agriculture Organization of the United Nations (FAO),Montane,3.66
2010,E,E,FAO estimate,Food and Agriculture Organization of the United Nations (FAO),Mountain Green Cover Index [15.4.2],Custom code 03,Land Cover: Shrub-covered areas,Percent,Estimated value,Estimated,FAO estimate,Food and Agriculture Organization of the United Nations (FAO),Montane,3.44
2015,E,E,FAO estimate,Food and Agriculture Organization of the United Nations (FAO),Mountain Green Cover Index [15.4.2],Custom code 03,Land Cover: Shrub-covered areas,Percent,Estimated value,Estimated,FAO estimate,Food and Agriculture Organization of the United Nations (FAO),Montane,3.44
2018,E,E,FAO estimate,Food and Agriculture Organization of the United Nations (FAO),Mountain Green Cover Index [15.4.2],Custom code 03,Land Cover: Shrub-covered areas,Percent,Estimated value,Estimated,FAO estimate,Food and Agriculture Organization of the United Nations (FAO),Montane,3.6
2021,E,E,FAO estimate,Food and Agriculture Organization of the United Nations (FAO),Mountain Green Cover Index [15.4.2],Custom code 03,Land Cover: Shrub-covered areas,Percent,Estimated value,Estimated,FAO estimate,Food and Agriculture Organization of the United Nations (FAO),Montane,3.7
2000,E,E,FAO estimate,Food and Agriculture Organization of the United Nations (FAO),Mountain Green Cover Index [15.4.2],Custom code 03,Land Cover: Sparsely natural vegetated areas,Percent,Estimated value,Estimated,FAO estimate,Food and Agriculture Organization of the United Nations (FAO),Montane,0
2005,E,E,FAO estimate,Food and Agriculture Organization of the United Nations (FAO),Mountain Green Cover Index [15.4.2],Custom code 03,Land Cover: Sparsely natural vegetated areas,Percent,Estimated value,Estimated,FAO estimate,Food and Agriculture Organization of the United Nations (FAO),Montane,0
2010,E,E,FAO estimate,Food and Agriculture Organization of the United Nations (FAO),Mountain Green Cover Index [15.4.2],Custom code 03,Land Cover: Sparsely natural vegetated areas,Percent,Estimated value,Estimated,FAO estimate,Food and Agriculture Organization of the United Nations (FAO),Montane,0
2015,E,E,FAO estimate,Food and Agriculture Organization of the United Nations (FAO),Mountain Green Cover Index [15.4.2],Custom code 03,Land Cover: Sparsely natural vegetated areas,Percent,Estimated value,Estimated,FAO estimate,Food and Agriculture Organization of the United Nations (FAO),Montane,0
2018,E,E,FAO estimate,Food and Agriculture Organization of the United Nations (FAO),Mountain Green Cover Index [15.4.2],Custom code 03,Land Cover: Sparsely natural vegetated areas,Percent,Estimated value,Estimated,FAO estimate,Food and Agriculture Organization of the United Nations (FAO),Montane,0
2021,E,E,FAO estimate,Food and Agriculture Organization of the United Nations (FAO),Mountain Green Cover Index [15.4.2],Custom code 03,Land Cover: Sparsely natural vegetated areas,Percent,Estimated value,Estimated,FAO estimate,Food and Agriculture Organization of the United Nations (FAO),Montane,0
2000,E,E,FAO estimate,Food and Agriculture Organization of the United Nations (FAO),Mountain Green Cover Index [15.4.2],Custom code 03,Land Cover: Terrestrial barren land,Percent,Estimated value,Estimated,FAO estimate,Food and Agriculture Organization of the United Nations (FAO),Montane,0
2005,E,E,FAO estimate,Food and Agriculture Organization of the United Nations (FAO),Mountain Green Cover Index [15.4.2],Custom code 03,Land Cover: Terrestrial barren land,Percent,Estimated value,Estimated,FAO estimate,Food and Agriculture Organization of the United Nations (FAO),Montane,0
2010,E,E,FAO estimate,Food and Agriculture Organization of the United Nations (FAO),Mountain Green Cover Index [15.4.2],Custom code 03,Land Cover: Terrestrial barren land,Percent,Estimated value,Estimated,FAO estimate,Food and Agriculture Organization of the United Nations (FAO),Montane,0
2015,E,E,FAO estimate,Food and Agriculture Organization of the United Nations (FAO),Mountain Green Cover Index [15.4.2],Custom code 03,Land Cover: Terrestrial barren land,Percent,Estimated value,Estimated,FAO estimate,Food and Agriculture Organization of the United Nations (FAO),Montane,0
2018,E,E,FAO estimate,Food and Agriculture Organization of the United Nations (FAO),Mountain Green Cover Index [15.4.2],Custom code 03,Land Cover: Terrestrial barren land,Percent,Estimated value,Estimated,FAO estimate,Food and Agriculture Organization of the United Nations (FAO),Montane,0
2021,E,E,FAO estimate,Food and Agriculture Organization of the United Nations (FAO),Mountain Green Cover Index [15.4.2],Custom code 03,Land Cover: Terrestrial barren land,Percent,Estimated value,Estimated,FAO estimate,Food and Agriculture Organization of the United Nations (FAO),Montane,0
2000,E,E,FAO estimate,Food and Agriculture Organization of the United Nations (FAO),Mountain Green Cover Index [15.4.2],Custom code 03,Land Cover: Tree-covered areas,Percent,Estimated value,Estimated,FAO estimate,Food and Agriculture Organization of the United Nations (FAO),Montane,49.26
2005,E,E,FAO estimate,Food and Agriculture Organization of the United Nations (FAO),Mountain Green Cover Index [15.4.2],Custom code 03,Land Cover: Tree-covered areas,Percent,Estimated value,Estimated,FAO estimate,Food and Agriculture Organization of the United Nations (FAO),Montane,48.14
2010,E,E,FAO estimate,Food and Agriculture Organization of the United Nations (FAO),Mountain Green Cover Index [15.4.2],Custom code 03,Land Cover: Tree-covered areas,Percent,Estimated value,Estimated,FAO estimate,Food and Agriculture Organization of the United Nations (FAO),Montane,47.33
2015,E,E,FAO estimate,Food and Agriculture Organization of the United Nations (FAO),Mountain Green Cover Index [15.4.2],Custom code 03,Land Cover: Tree-covered areas,Percent,Estimated value,Estimated,FAO estimate,Food and Agriculture Organization of the United Nations (FAO),Montane,46.28
2018,E,E,FAO estimate,Food and Agriculture Organization of the United Nations (FAO),Mountain Green Cover Index [15.4.2],Custom code 03,Land Cover: Tree-covered areas,Percent,Estimated value,Estimated,FAO estimate,Food and Agriculture Organization of the United Nations (FAO),Montane,45.65
2021,E,E,FAO estimate,Food and Agriculture Organization of the United Nations (FAO),Mountain Green Cover Index [15.4.2],Custom code 03,Land Cover: Tree-covered areas,Percent,Estimated value,Estimated,FAO estimate,Food and Agriculture Organization of the United Nations (FAO),Montane,45.24
2000,E,E,FAO estimate,Food and Agriculture Organization of the United Nations (FAO),Mountain Green Cover Index [15.4.2],Custom code 04,Land Cover: Artificial surfaces,Percent,Estimated value,Estimated,FAO estimate,Food and Agriculture Organization of the United Nations (FAO),Remaining mountain area,1.94
2005,E,E,FAO estimate,Food and Agriculture Organization of the United Nations (FAO),Mountain Green Cover Index [15.4.2],Custom code 04,Land Cover: Artificial surfaces,Percent,Estimated value,Estimated,FAO estimate,Food and Agriculture Organization of the United Nations (FAO),Remaining mountain area,2.04
2010,E,E,FAO estimate,Food and Agriculture Organization of the United Nations (FAO),Mountain Green Cover Index [15.4.2],Custom code 04,Land Cover: Artificial surfaces,Percent,Estimated value,Estimated,FAO estimate,Food and Agriculture Organization of the United Nations (FAO),Remaining mountain area,2.08
2015,E,E,FAO estimate,Food and Agriculture Organization of the United Nations (FAO),Mountain Green Cover Index [15.4.2],Custom code 04,Land Cover: Artificial surfaces,Percent,Estimated value,Estimated,FAO estimate,Food and Agriculture Organization of the United Nations (FAO),Remaining mountain area,2.24
2018,E,E,FAO estimate,Food and Agriculture Organization of the United Nations (FAO),Mountain Green Cover Index [15.4.2],Custom code 04,Land Cover: Artificial surfaces,Percent,Estimated value,Estimated,FAO estimate,Food and Agriculture Organization of the United Nations (FAO),Remaining mountain area,2.55
2021,E,E,FAO estimate,Food and Agriculture Organization of the United Nations (FAO),Mountain Green Cover Index [15.4.2],Custom code 04,Land Cover: Artificial surfaces,Percent,Estimated value,Estimated,FAO estimate,Food and Agriculture Organization of the United Nations (FAO),Remaining mountain area,2.76
2000,E,E,FAO estimate,Food and Agriculture Organization of the United Nations (FAO),Mountain Green Cover Index [15.4.2],Custom code 04,Land Cover: Croplands,Percent,Estimated value,Estimated,FAO estimate,Food and Agriculture Organization of the United Nations (FAO),Remaining mountain area,7.86
2005,E,E,FAO estimate,Food and Agriculture Organization of the United Nations (FAO),Mountain Green Cover Index [15.4.2],Custom code 04,Land Cover: Croplands,Percent,Estimated value,Estimated,FAO estimate,Food and Agriculture Organization of the United Nations (FAO),Remaining mountain area,8.23
2010,E,E,FAO estimate,Food and Agriculture Organization of the United Nations (FAO),Mountain Green Cover Index [15.4.2],Custom code 04,Land Cover: Croplands,Percent,Estimated value,Estimated,FAO estimate,Food and Agriculture Organization of the United Nations (FAO),Remaining mountain area,9.3
2015,E,E,FAO estimate,Food and Agriculture Organization of the United Nations (FAO),Mountain Green Cover Index [15.4.2],Custom code 04,Land Cover: Croplands,Percent,Estimated value,Estimated,FAO estimate,Food and Agriculture Organization of the United Nations (FAO),Remaining mountain area,10.12
2018,E,E,FAO estimate,Food and Agriculture Organization of the United Nations (FAO),Mountain Green Cover Index [15.4.2],Custom code 04,Land Cover: Croplands,Percent,Estimated value,Estimated,FAO estimate,Food and Agriculture Organization of the United Nations (FAO),Remaining mountain area,10.37
2021,E,E,FAO estimate,Food and Agriculture Organization of the United Nations (FAO),Mountain Green Cover Index [15.4.2],Custom code 04,Land Cover: Croplands,Percent,Estimated value,Estimated,FAO estimate,Food and Agriculture Organization of the United Nations (FAO),Remaining mountain area,10.54
2000,E,E,FAO estimate,Food and Agriculture Organization of the United Nations (FAO),Mountain Green Cover Index [15.4.2],Custom code 04,Land Cover: Grassland,Percent,Estimated value,Estimated,FAO estimate,Food and Agriculture Organization of the United Nations (FAO),Remaining mountain area,71.69
2005,E,E,FAO estimate,Food and Agriculture Organization of the United Nations (FAO),Mountain Green Cover Index [15.4.2],Custom code 04,Land Cover: Grassland,Percent,Estimated value,Estimated,FAO estimate,Food and Agriculture Organization of the United Nations (FAO),Remaining mountain area,71.36
2010,E,E,FAO estimate,Food and Agriculture Organization of the United Nations (FAO),Mountain Green Cover Index [15.4.2],Custom code 04,Land Cover: Grassland,Percent,Estimated value,Estimated,FAO estimate,Food and Agriculture Organization of the United Nations (FAO),Remaining mountain area,70.5
2015,E,E,FAO estimate,Food and Agriculture Organization of the United Nations (FAO),Mountain Green Cover Index [15.4.2],Custom code 04,Land Cover: Grassland,Percent,Estimated value,Estimated,FAO estimate,Food and Agriculture Organization of the United Nations (FAO),Remaining mountain area,69.83
2018,E,E,FAO estimate,Food and Agriculture Organization of the United Nations (FAO),Mountain Green Cover Index [15.4.2],Custom code 04,Land Cover: Grassland,Percent,Estimated value,Estimated,FAO estimate,Food and Agriculture Organization of the United Nations (FAO),Remaining mountain area,69.32
2021,E,E,FAO estimate,Food and Agriculture Organization of the United Nations (FAO),Mountain Green Cover Index [15.4.2],Custom code 04,Land Cover: Grassland,Percent,Estimated value,Estimated,FAO estimate,Food and Agriculture Organization of the United Nations (FAO),Remaining mountain area,68.98
2000,E,E,FAO estimate,Food and Agriculture Organization of the United Nations (FAO),Mountain Green Cover Index [15.4.2],Custom code 04,Land Cover: Inland water bodies,Percent,Estimated value,Estimated,FAO estimate,Food and Agriculture Organization of the United Nations (FAO),Remaining mountain area,0.9
2005,E,E,FAO estimate,Food and Agriculture Organization of the United Nations (FAO),Mountain Green Cover Index [15.4.2],Custom code 04,Land Cover: Inland water bodies,Percent,Estimated value,Estimated,FAO estimate,Food and Agriculture Organization of the United Nations (FAO),Remaining mountain area,0.92
2010,E,E,FAO estimate,Food and Agriculture Organization of the United Nations (FAO),Mountain Green Cover Index [15.4.2],Custom code 04,Land Cover: Inland water bodies,Percent,Estimated value,Estimated,FAO estimate,Food and Agriculture Organization of the United Nations (FAO),Remaining mountain area,0.93
2015,E,E,FAO estimate,Food and Agriculture Organization of the United Nations (FAO),Mountain Green Cover Index [15.4.2],Custom code 04,Land Cover: Inland water bodies,Percent,Estimated value,Estimated,FAO estimate,Food and Agriculture Organization of the United Nations (FAO),Remaining mountain area,0.96
2018,E,E,FAO estimate,Food and Agriculture Organization of the United Nations (FAO),Mountain Green Cover Index [15.4.2],Custom code 04,Land Cover: Inland water bodies,Percent,Estimated value,Estimated,FAO estimate,Food and Agriculture Organization of the United Nations (FAO),Remaining mountain area,0.99
2021,E,E,FAO estimate,Food and Agriculture Organization of the United Nations (FAO),Mountain Green Cover Index [15.4.2],Custom code 04,Land Cover: Inland water bodies,Percent,Estimated value,Estimated,FAO estimate,Food and Agriculture Organization of the United Nations (FAO),Remaining mountain area,1.01
2000,E,E,FAO estimate,Food and Agriculture Organization of the United Nations (FAO),Mountain Green Cover Index [15.4.2],Custom code 04,Land Cover: MGCI,Percent,Estimated value,Estimated,FAO estimate,Food and Agriculture Organization of the United Nations (FAO),Remaining mountain area,94.92
2005,E,E,FAO estimate,Food and Agriculture Organization of the United Nations (FAO),Mountain Green Cover Index [15.4.2],Custom code 04,Land Cover: MGCI,Percent,Estimated value,Estimated,FAO estimate,Food and Agriculture Organization of the United Nations (FAO),Remaining mountain area,94.8
2010,E,E,FAO estimate,Food and Agriculture Organization of the United Nations (FAO),Mountain Green Cover Index [15.4.2],Custom code 04,Land Cover: MGCI,Percent,Estimated value,Estimated,FAO estimate,Food and Agriculture Organization of the United Nations (FAO),Remaining mountain area,94.72
2015,E,E,FAO estimate,Food and Agriculture Organization of the United Nations (FAO),Mountain Green Cover Index [15.4.2],Custom code 04,Land Cover: MGCI,Percent,Estimated value,Estimated,FAO estimate,Food and Agriculture Organization of the United Nations (FAO),Remaining mountain area,94.51
2018,E,E,FAO estimate,Food and Agriculture Organization of the United Nations (FAO),Mountain Green Cover Index [15.4.2],Custom code 04,Land Cover: MGCI,Percent,Estimated value,Estimated,FAO estimate,Food and Agriculture Organization of the United Nations (FAO),Remaining mountain area,94.11
2021,E,E,FAO estimate,Food and Agriculture Organization of the United Nations (FAO),Mountain Green Cover Index [15.4.2],Custom code 04,Land Cover: MGCI,Percent,Estimated value,Estimated,FAO estimate,Food and Agriculture Organization of the United Nations (FAO),Remaining mountain area,93.85
2000,E,E,FAO estimate,Food and Agriculture Organization of the United Nations (FAO),Mountain Green Cover Index [15.4.2],Custom code 04,Land Cover: Permanent snow and glaciers,Percent,Estimated value,Estimated,FAO estimate,Food and Agriculture Organization of the United Nations (FAO),Remaining mountain area,0
2005,E,E,FAO estimate,Food and Agriculture Organization of the United Nations (FAO),Mountain Green Cover Index [15.4.2],Custom code 04,Land Cover: Permanent snow and glaciers,Percent,Estimated value,Estimated,FAO estimate,Food and Agriculture Organization of the United Nations (FAO),Remaining mountain area,0
2010,E,E,FAO estimate,Food and Agriculture Organization of the United Nations (FAO),Mountain Green Cover Index [15.4.2],Custom code 04,Land Cover: Permanent snow and glaciers,Percent,Estimated value,Estimated,FAO estimate,Food and Agriculture Organization of the United Nations (FAO),Remaining mountain area,0
2015,E,E,FAO estimate,Food and Agriculture Organization of the United Nations (FAO),Mountain Green Cover Index [15.4.2],Custom code 04,Land Cover: Permanent snow and glaciers,Percent,Estimated value,Estimated,FAO estimate,Food and Agriculture Organization of the United Nations (FAO),Remaining mountain area,0
2018,E,E,FAO estimate,Food and Agriculture Organization of the United Nations (FAO),Mountain Green Cover Index [15.4.2],Custom code 04,Land Cover: Permanent snow and glaciers,Percent,Estimated value,Estimated,FAO estimate,Food and Agriculture Organization of the United Nations (FAO),Remaining mountain area,0
2021,E,E,FAO estimate,Food and Agriculture Organization of the United Nations (FAO),Mountain Green Cover Index [15.4.2],Custom code 04,Land Cover: Permanent snow and glaciers,Percent,Estimated value,Estimated,FAO estimate,Food and Agriculture Organization of the United Nations (FAO),Remaining mountain area,0
2000,E,E,FAO estimate,Food and Agriculture Organization of the United Nations (FAO),Mountain Green Cover Index [15.4.2],Custom code 04,"Land Cover: Shrubs and/or herbaceous vegetation, aquatic or regularly flooded",Percent,Estimated value,Estimated,FAO estimate,Food and Agriculture Organization of the United Nations (FAO),Remaining mountain area,0.56
2005,E,E,FAO estimate,Food and Agriculture Organization of the United Nations (FAO),Mountain Green Cover Index [15.4.2],Custom code 04,"Land Cover: Shrubs and/or herbaceous vegetation, aquatic or regularly flooded",Percent,Estimated value,Estimated,FAO estimate,Food and Agriculture Organization of the United Nations (FAO),Remaining mountain area,0.55
2010,E,E,FAO estimate,Food and Agriculture Organization of the United Nations (FAO),Mountain Green Cover Index [15.4.2],Custom code 04,"Land Cover: Shrubs and/or herbaceous vegetation, aquatic or regularly flooded",Percent,Estimated value,Estimated,FAO estimate,Food and Agriculture Organization of the United Nations (FAO),Remaining mountain area,0.53
2015,E,E,FAO estimate,Food and Agriculture Organization of the United Nations (FAO),Mountain Green Cover Index [15.4.2],Custom code 04,"Land Cover: Shrubs and/or herbaceous vegetation, aquatic or regularly flooded",Percent,Estimated value,Estimated,FAO estimate,Food and Agriculture Organization of the United Nations (FAO),Remaining mountain area,0.51
2018,E,E,FAO estimate,Food and Agriculture Organization of the United Nations (FAO),Mountain Green Cover Index [15.4.2],Custom code 04,"Land Cover: Shrubs and/or herbaceous vegetation, aquatic or regularly flooded",Percent,Estimated value,Estimated,FAO estimate,Food and Agriculture Organization of the United Nations (FAO),Remaining mountain area,0.48
2021,E,E,FAO estimate,Food and Agriculture Organization of the United Nations (FAO),Mountain Green Cover Index [15.4.2],Custom code 04,"Land Cover: Shrubs and/or herbaceous vegetation, aquatic or regularly flooded",Percent,Estimated value,Estimated,FAO estimate,Food and Agriculture Organization of the United Nations (FAO),Remaining mountain area,0.47
2000,E,E,FAO estimate,Food and Agriculture Organization of the United Nations (FAO),Mountain Green Cover Index [15.4.2],Custom code 04,Land Cover: Shrub-covered areas,Percent,Estimated value,Estimated,FAO estimate,Food and Agriculture Organization of the United Nations (FAO),Remaining mountain area,1.83
2005,E,E,FAO estimate,Food and Agriculture Organization of the United Nations (FAO),Mountain Green Cover Index [15.4.2],Custom code 04,Land Cover: Shrub-covered areas,Percent,Estimated value,Estimated,FAO estimate,Food and Agriculture Organization of the United Nations (FAO),Remaining mountain area,1.88
2010,E,E,FAO estimate,Food and Agriculture Organization of the United Nations (FAO),Mountain Green Cover Index [15.4.2],Custom code 04,Land Cover: Shrub-covered areas,Percent,Estimated value,Estimated,FAO estimate,Food and Agriculture Organization of the United Nations (FAO),Remaining mountain area,1.83
2015,E,E,FAO estimate,Food and Agriculture Organization of the United Nations (FAO),Mountain Green Cover Index [15.4.2],Custom code 04,Land Cover: Shrub-covered areas,Percent,Estimated value,Estimated,FAO estimate,Food and Agriculture Organization of the United Nations (FAO),Remaining mountain area,1.73
2018,E,E,FAO estimate,Food and Agriculture Organization of the United Nations (FAO),Mountain Green Cover Index [15.4.2],Custom code 04,Land Cover: Shrub-covered areas,Percent,Estimated value,Estimated,FAO estimate,Food and Agriculture Organization of the United Nations (FAO),Remaining mountain area,1.69
2021,E,E,FAO estimate,Food and Agriculture Organization of the United Nations (FAO),Mountain Green Cover Index [15.4.2],Custom code 04,Land Cover: Shrub-covered areas,Percent,Estimated value,Estimated,FAO estimate,Food and Agriculture Organization of the United Nations (FAO),Remaining mountain area,1.66
2000,E,E,FAO estimate,Food and Agriculture Organization of the United Nations (FAO),Mountain Green Cover Index [15.4.2],Custom code 04,Land Cover: Sparsely natural vegetated areas,Percent,Estimated value,Estimated,FAO estimate,Food and Agriculture Organization of the United Nations (FAO),Remaining mountain area,1.31
2005,E,E,FAO estimate,Food and Agriculture Organization of the United Nations (FAO),Mountain Green Cover Index [15.4.2],Custom code 04,Land Cover: Sparsely natural vegetated areas,Percent,Estimated value,Estimated,FAO estimate,Food and Agriculture Organization of the United Nations (FAO),Remaining mountain area,1.33
2010,E,E,FAO estimate,Food and Agriculture Organization of the United Nations (FAO),Mountain Green Cover Index [15.4.2],Custom code 04,Land Cover: Sparsely natural vegetated areas,Percent,Estimated value,Estimated,FAO estimate,Food and Agriculture Organization of the United Nations (FAO),Remaining mountain area,1.35
2015,E,E,FAO estimate,Food and Agriculture Organization of the United Nations (FAO),Mountain Green Cover Index [15.4.2],Custom code 04,Land Cover: Sparsely natural vegetated areas,Percent,Estimated value,Estimated,FAO estimate,Food and Agriculture Organization of the United Nations (FAO),Remaining mountain area,1.36
2018,E,E,FAO estimate,Food and Agriculture Organization of the United Nations (FAO),Mountain Green Cover Index [15.4.2],Custom code 04,Land Cover: Sparsely natural vegetated areas,Percent,Estimated value,Estimated,FAO estimate,Food and Agriculture Organization of the United Nations (FAO),Remaining mountain area,1.4
2021,E,E,FAO estimate,Food and Agriculture Organization of the United Nations (FAO),Mountain Green Cover Index [15.4.2],Custom code 04,Land Cover: Sparsely natural vegetated areas,Percent,Estimated value,Estimated,FAO estimate,Food and Agriculture Organization of the United Nations (FAO),Remaining mountain area,1.43
2000,E,E,FAO estimate,Food and Agriculture Organization of the United Nations (FAO),Mountain Green Cover Index [15.4.2],Custom code 04,Land Cover: Terrestrial barren land,Percent,Estimated value,Estimated,FAO estimate,Food and Agriculture Organization of the United Nations (FAO),Remaining mountain area,0.93
2005,E,E,FAO estimate,Food and Agriculture Organization of the United Nations (FAO),Mountain Green Cover Index [15.4.2],Custom code 04,Land Cover: Terrestrial barren land,Percent,Estimated value,Estimated,FAO estimate,Food and Agriculture Organization of the United Nations (FAO),Remaining mountain area,0.92
2010,E,E,FAO estimate,Food and Agriculture Organization of the United Nations (FAO),Mountain Green Cover Index [15.4.2],Custom code 04,Land Cover: Terrestrial barren land,Percent,Estimated value,Estimated,FAO estimate,Food and Agriculture Organization of the United Nations (FAO),Remaining mountain area,0.92
2015,E,E,FAO estimate,Food and Agriculture Organization of the United Nations (FAO),Mountain Green Cover Index [15.4.2],Custom code 04,Land Cover: Terrestrial barren land,Percent,Estimated value,Estimated,FAO estimate,Food and Agriculture Organization of the United Nations (FAO),Remaining mountain area,0.92
2018,E,E,FAO estimate,Food and Agriculture Organization of the United Nations (FAO),Mountain Green Cover Index [15.4.2],Custom code 04,Land Cover: Terrestrial barren land,Percent,Estimated value,Estimated,FAO estimate,Food and Agriculture Organization of the United Nations (FAO),Remaining mountain area,0.94
2021,E,E,FAO estimate,Food and Agriculture Organization of the United Nations (FAO),Mountain Green Cover Index [15.4.2],Custom code 04,Land Cover: Terrestrial barren land,Percent,Estimated value,Estimated,FAO estimate,Food and Agriculture Organization of the United Nations (FAO),Remaining mountain area,0.96
2000,E,E,FAO estimate,Food and Agriculture Organization of the United Nations (FAO),Mountain Green Cover Index [15.4.2],Custom code 04,Land Cover: Tree-covered areas,Percent,Estimated value,Estimated,FAO estimate,Food and Agriculture Organization of the United Nations (FAO),Remaining mountain area,12.98
2005,E,E,FAO estimate,Food and Agriculture Organization of the United Nations (FAO),Mountain Green Cover Index [15.4.2],Custom code 04,Land Cover: Tree-covered areas,Percent,Estimated value,Estimated,FAO estimate,Food and Agriculture Organization of the United Nations (FAO),Remaining mountain area,12.78
2010,E,E,FAO estimate,Food and Agriculture Organization of the United Nations (FAO),Mountain Green Cover Index [15.4.2],Custom code 04,Land Cover: Tree-covered areas,Percent,Estimated value,Estimated,FAO estimate,Food and Agriculture Organization of the United Nations (FAO),Remaining mountain area,12.56
2015,E,E,FAO estimate,Food and Agriculture Organization of the United Nations (FAO),Mountain Green Cover Index [15.4.2],Custom code 04,Land Cover: Tree-covered areas,Percent,Estimated value,Estimated,FAO estimate,Food and Agriculture Organization of the United Nations (FAO),Remaining mountain area,12.31
2018,E,E,FAO estimate,Food and Agriculture Organization of the United Nations (FAO),Mountain Green Cover Index [15.4.2],Custom code 04,Land Cover: Tree-covered areas,Percent,Estimated value,Estimated,FAO estimate,Food and Agriculture Organization of the United Nations (FAO),Remaining mountain area,12.25
2021,E,E,FAO estimate,Food and Agriculture Organization of the United Nations (FAO),Mountain Green Cover Index [15.4.2],Custom code 04,Land Cover: Tree-covered areas,Percent,Estimated value,Estimated,FAO estimate,Food and Agriculture Organization of the United Nations (FAO),Remaining mountain area,12.2
2000,E,E,FAO estimate,Food and Agriculture Organization of the United Nations (FAO),Mountain area (square kilometres) [15.4.2],,,Square kilometers,Estimated value,Estimated,FAO estimate,Food and Agriculture Organization of the United Nations (FAO),,143500
2005,E,E,FAO estimate,Food and Agriculture Organization of the United Nations (FAO),Mountain area (square kilometres) [15.4.2],,,Square kilometers,Estimated value,Estimated,FAO estimate,Food and Agriculture Organization of the United Nations (FAO),,143500
2010,E,E,FAO estimate,Food and Agriculture Organization of the United Nations (FAO),Mountain area (square kilometres) [15.4.2],,,Square kilometers,Estimated value,Estimated,FAO estimate,Food and Agriculture Organization of the United Nations (FAO),,143500
2015,E,E,FAO estimate,Food and Agriculture Organization of the United Nations (FAO),Mountain area (square kilometres) [15.4.2],,,Square kilometers,Estimated value,Estimated,FAO estimate,Food and Agriculture Organization of the United Nations (FAO),,143500
2018,E,E,FAO estimate,Food and Agriculture Organization of the United Nations (FAO),Mountain area (square kilometres) [15.4.2],,,Square kilometers,Estimated value,Estimated,FAO estimate,Food and Agriculture Organization of the United Nations (FAO),,143500
2021,E,E,FAO estimate,Food and Agriculture Organization of the United Nations (FAO),Mountain area (square kilometres) [15.4.2],,,Square kilometers,Estimated value,Estimated,FAO estimate,Food and Agriculture Organization of the United Nations (FAO),,143500
2000,M,N,NaN = Not relevant,NA,Mountain area (square kilometres) [15.4.2],Custom code 01,,Square kilometers,Missing value; data cannot exist,Non-relevant,NaN = Not relevant,NA,Nival,NaN
2005,M,N,NaN = Not relevant,NA,Mountain area (square kilometres) [15.4.2],Custom code 01,,Square kilometers,Missing value; data cannot exist,Non-relevant,NaN = Not relevant,NA,Nival,NaN
2010,M,N,NaN = Not relevant,NA,Mountain area (square kilometres) [15.4.2],Custom code 01,,Square kilometers,Missing value; data cannot exist,Non-relevant,NaN = Not relevant,NA,Nival,NaN
2015,M,N,NaN = Not relevant,NA,Mountain area (square kilometres) [15.4.2],Custom code 01,,Square kilometers,Missing value; data cannot exist,Non-relevant,NaN = Not relevant,NA,Nival,NaN
2018,M,N,NaN = Not relevant,NA,Mountain area (square kilometres) [15.4.2],Custom code 01,,Square kilometers,Missing value; data cannot exist,Non-relevant,NaN = Not relevant,NA,Nival,NaN
2021,M,N,NaN = Not relevant,NA,Mountain area (square kilometres) [15.4.2],Custom code 01,,Square kilometers,Missing value; data cannot exist,Non-relevant,NaN = Not relevant,NA,Nival,NaN
2000,E,E,FAO estimate,Food and Agriculture Organization of the United Nations (FAO),Mountain area (square kilometres) [15.4.2],Custom code 02,,Square kilometers,Estimated value,Estimated,FAO estimate,Food and Agriculture Organization of the United Nations (FAO),Alpine,171
2005,E,E,FAO estimate,Food and Agriculture Organization of the United Nations (FAO),Mountain area (square kilometres) [15.4.2],Custom code 02,,Square kilometers,Estimated value,Estimated,FAO estimate,Food and Agriculture Organization of the United Nations (FAO),Alpine,171
2010,E,E,FAO estimate,Food and Agriculture Organization of the United Nations (FAO),Mountain area (square kilometres) [15.4.2],Custom code 02,,Square kilometers,Estimated value,Estimated,FAO estimate,Food and Agriculture Organization of the United Nations (FAO),Alpine,171
2015,E,E,FAO estimate,Food and Agriculture Organization of the United Nations (FAO),Mountain area (square kilometres) [15.4.2],Custom code 02,,Square kilometers,Estimated value,Estimated,FAO estimate,Food and Agriculture Organization of the United Nations (FAO),Alpine,171
2018,E,E,FAO estimate,Food and Agriculture Organization of the United Nations (FAO),Mountain area (square kilometres) [15.4.2],Custom code 02,,Square kilometers,Estimated value,Estimated,FAO estimate,Food and Agriculture Organization of the United Nations (FAO),Alpine,171
2021,E,E,FAO estimate,Food and Agriculture Organization of the United Nations (FAO),Mountain area (square kilometres) [15.4.2],Custom code 02,,Square kilometers,Estimated value,Estimated,FAO estimate,Food and Agriculture Organization of the United Nations (FAO),Alpine,171
2000,E,E,FAO estimate,Food and Agriculture Organization of the United Nations (FAO),Mountain area (square kilometres) [15.4.2],Custom code 03,,Square kilometers,Estimated value,Estimated,FAO estimate,Food and Agriculture Organization of the United Nations (FAO),Montane,12138
2005,E,E,FAO estimate,Food and Agriculture Organization of the United Nations (FAO),Mountain area (square kilometres) [15.4.2],Custom code 03,,Square kilometers,Estimated value,Estimated,FAO estimate,Food and Agriculture Organization of the United Nations (FAO),Montane,12138
2010,E,E,FAO estimate,Food and Agriculture Organization of the United Nations (FAO),Mountain area (square kilometres) [15.4.2],Custom code 03,,Square kilometers,Estimated value,Estimated,FAO estimate,Food and Agriculture Organization of the United Nations (FAO),Montane,12138
2015,E,E,FAO estimate,Food and Agriculture Organization of the United Nations (FAO),Mountain area (square kilometres) [15.4.2],Custom code 03,,Square kilometers,Estimated value,Estimated,FAO estimate,Food and Agriculture Organization of the United Nations (FAO),Montane,12138
2018,E,E,FAO estimate,Food and Agriculture Organization of the United Nations (FAO),Mountain area (square kilometres) [15.4.2],Custom code 03,,Square kilometers,Estimated value,Estimated,FAO estimate,Food and Agriculture Organization of the United Nations (FAO),Montane,12138
2021,E,E,FAO estimate,Food and Agriculture Organization of the United Nations (FAO),Mountain area (square kilometres) [15.4.2],Custom code 03,,Square kilometers,Estimated value,Estimated,FAO estimate,Food and Agriculture Organization of the United Nations (FAO),Montane,12138
2000,E,E,FAO estimate,Food and Agriculture Organization of the United Nations (FAO),Mountain area (square kilometres) [15.4.2],Custom code 04,,Square kilometers,Estimated value,Estimated,FAO estimate,Food and Agriculture Organization of the United Nations (FAO),Remaining mountain area,131192
2005,E,E,FAO estimate,Food and Agriculture Organization of the United Nations (FAO),Mountain area (square kilometres) [15.4.2],Custom code 04,,Square kilometers,Estimated value,Estimated,FAO estimate,Food and Agriculture Organization of the United Nations (FAO),Remaining mountain area,131192
2010,E,E,FAO estimate,Food and Agriculture Organization of the United Nations (FAO),Mountain area (square kilometres) [15.4.2],Custom code 04,,Square kilometers,Estimated value,Estimated,FAO estimate,Food and Agriculture Organization of the United Nations (FAO),Remaining mountain area,131192
2015,E,E,FAO estimate,Food and Agriculture Organization of the United Nations (FAO),Mountain area (square kilometres) [15.4.2],Custom code 04,,Square kilometers,Estimated value,Estimated,FAO estimate,Food and Agriculture Organization of the United Nations (FAO),Remaining mountain area,131192
2018,E,E,FAO estimate,Food and Agriculture Organization of the United Nations (FAO),Mountain area (square kilometres) [15.4.2],Custom code 04,,Square kilometers,Estimated value,Estimated,FAO estimate,Food and Agriculture Organization of the United Nations (FAO),Remaining mountain area,131192
2021,E,E,FAO estimate,Food and Agriculture Organization of the United Nations (FAO),Mountain area (square kilometres) [15.4.2],Custom code 04,,Square kilometers,Estimated value,Estimated,FAO estimate,Food and Agriculture Organization of the United Nations (FAO),Remaining mountain area,131192
